-- MySQL dump 10.13  Distrib 5.7.19, for Linux (x86_64)
--
-- Host: localhost    Database: hospital
-- ------------------------------------------------------
-- Server version	5.7.19

/*!40101 SET @OLD_CHARACTER_SET_CLIENT=@@CHARACTER_SET_CLIENT */;
/*!40101 SET @OLD_CHARACTER_SET_RESULTS=@@CHARACTER_SET_RESULTS */;
/*!40101 SET @OLD_COLLATION_CONNECTION=@@COLLATION_CONNECTION */;
/*!40101 SET NAMES utf8 */;
/*!40103 SET @OLD_TIME_ZONE=@@TIME_ZONE */;
/*!40103 SET TIME_ZONE='+00:00' */;
/*!40014 SET @OLD_UNIQUE_CHECKS=@@UNIQUE_CHECKS, UNIQUE_CHECKS=0 */;
/*!40014 SET @OLD_FOREIGN_KEY_CHECKS=@@FOREIGN_KEY_CHECKS, FOREIGN_KEY_CHECKS=0 */;
/*!40101 SET @OLD_SQL_MODE=@@SQL_MODE, SQL_MODE='NO_AUTO_VALUE_ON_ZERO' */;
/*!40111 SET @OLD_SQL_NOTES=@@SQL_NOTES, SQL_NOTES=0 */;

--
-- Table structure for table `category_first`
--

DROP TABLE IF EXISTS `category_first`;
/*!40101 SET @saved_cs_client     = @@character_set_client */;
/*!40101 SET character_set_client = utf8 */;
CREATE TABLE `category_first` (
  `id` int(11) NOT NULL AUTO_INCREMENT,
  `type` varchar(255) DEFAULT '',
  `name` varchar(255) DEFAULT '',
  PRIMARY KEY (`id`)
) ENGINE=InnoDB AUTO_INCREMENT=22 DEFAULT CHARSET=utf8;
/*!40101 SET character_set_client = @saved_cs_client */;

--
-- Dumping data for table `category_first`
--

LOCK TABLES `category_first` WRITE;
/*!40000 ALTER TABLE `category_first` DISABLE KEYS */;
INSERT INTO `category_first` VALUES (1,'化验','常规类'),(2,'化验','生化类'),(3,'化验','激素类'),(4,'化验','凝血类'),(5,'化验','肿瘤类'),(6,'医技','超声检查'),(7,'医技','X线检查'),(8,'医技','CT检查'),(9,'医技','磁共振'),(10,'医技','心电检查'),(13,'化验','免疫类'),(14,'化验','传染病'),(15,'化验','其它类'),(16,'医技','PET检查'),(17,'医技','病理检查'),(18,'医技','亚健康'),(19,'医技','中医检查'),(20,'医技','其它检查'),(21,'医技','胃肠镜检');
/*!40000 ALTER TABLE `category_first` ENABLE KEYS */;
UNLOCK TABLES;

--
-- Table structure for table `category_second`
--

DROP TABLE IF EXISTS `category_second`;
/*!40101 SET @saved_cs_client     = @@character_set_client */;
/*!40101 SET character_set_client = utf8 */;
CREATE TABLE `category_second` (
  `id` int(11) NOT NULL AUTO_INCREMENT,
  `first_id` int(11) DEFAULT NULL,
  `name` varchar(255) DEFAULT NULL,
  PRIMARY KEY (`id`)
) ENGINE=InnoDB AUTO_INCREMENT=101 DEFAULT CHARSET=utf8;
/*!40101 SET character_set_client = @saved_cs_client */;

--
-- Dumping data for table `category_second`
--

LOCK TABLES `category_second` WRITE;
/*!40000 ALTER TABLE `category_second` DISABLE KEYS */;
INSERT INTO `category_second` VALUES (1,1,'血常规'),(2,1,'尿常规'),(3,1,'粪常规'),(33,6,'超声检查'),(39,8,'CT检查'),(42,10,'心电检查'),(46,2,'生化（常）'),(48,2,'糖代谢'),(50,2,'生化（少）'),(53,3,'性激素'),(54,3,'甲状腺'),(55,3,'骨代谢'),(56,13,'风湿免疫'),(57,13,'细胞免疫'),(58,13,'自身抗体'),(59,4,'凝血指标'),(60,5,'肿瘤标志'),(61,14,'乙丙肝等'),(62,15,'其它指标'),(65,7,'X线检查'),(70,9,'磁共振'),(72,16,'PET检查'),(74,17,'病理检查'),(76,18,'亚健康'),(78,19,'中医检查'),(79,20,'其它检查'),(96,4,'血液流变'),(97,14,'HPV检测'),(99,21,'胃肠镜检');
/*!40000 ALTER TABLE `category_second` ENABLE KEYS */;
UNLOCK TABLES;

--
-- Table structure for table `category_third`
--

DROP TABLE IF EXISTS `category_third`;
/*!40101 SET @saved_cs_client     = @@character_set_client */;
/*!40101 SET character_set_client = utf8 */;
CREATE TABLE `category_third` (
  `id` int(11) NOT NULL AUTO_INCREMENT,
  `second_id` int(11) DEFAULT NULL,
  `name` varchar(255) DEFAULT NULL,
  `en_short` varchar(255) DEFAULT NULL,
  `reference_value` varchar(255) DEFAULT NULL,
  PRIMARY KEY (`id`)
) ENGINE=InnoDB AUTO_INCREMENT=840 DEFAULT CHARSET=utf8;
/*!40101 SET character_set_client = @saved_cs_client */;

--
-- Dumping data for table `category_third`
--

LOCK TABLES `category_third` WRITE;
/*!40000 ALTER TABLE `category_third` DISABLE KEYS */;
INSERT INTO `category_third` VALUES (4,1,'红细胞计数','RBC','男:（4.3-5.9）×10^12/L；女:(3.9-5.2)×10^12/L'),(15,1,'血红蛋白测定','Hb','男137-179 g/L；女116-155  g/L'),(17,1,'白细胞计数','WBC','(3.5-10)×10^9/L'),(18,1,'中性粒细胞百分比','NEUT%','50-70 %'),(19,1,'淋巴细胞百分比','LYM%','20-40 %'),(20,1,'血小板计数','PLT','(100-300)×10^9/L'),(21,1,'红细胞比积','HCT','男40-52%；女37-47%'),(22,1,'平均红细胞体积','MCV','82-100 fl'),(23,1,'平均红细胞血红蛋白量','MCH','27-34 pg'),(24,1,'平均红细胞血红蛋白浓度','MCHC','320-360 g/L'),(25,1,'网织红细胞百分率','RET%','0.4-2.1  %'),(26,1,'网织红细胞计数','RET','(24-84）×10^9 /L'),(27,1,'嗜酸粒细胞百分比','EO%','1-5 %'),(28,1,'嗜碱粒细胞百分比','BE%','0-1 %'),(29,1,'单核细胞百分比','MON%','3-8 %'),(30,1,'平均血小板体积','MPV','6.8-12.8 fl'),(47,33,'心脏超声',NULL,NULL),(53,39,'胸肺CT',NULL,NULL),(56,42,'心电图',NULL,NULL),(62,2,'颜色','COL','淡黄色'),(63,2,'透明度','TD','清亮'),(64,2,'气味','Sm','微芳香味'),(65,2,'比重','SG','1.003-1.030 g/dl'),(66,2,'尿酸碱度','pH','4.0-8.0'),(67,2,'尿蛋白定性试验','Pro','阴性'),(68,2,'尿糖定性试验','GLU','正常'),(69,2,'尿酮体试验','KET','阴性'),(70,2,'尿胆红素定性试验','BIL','阴性'),(71,2,'尿胆原定性试验','UBG','正常'),(72,2,'尿亚硝酸盐试验','NIT','阴性'),(73,2,'尿红细胞','RBC','0-10/μL'),(74,2,'尿白细胞','WBC','0-10/μL'),(75,2,'尿红细胞（镜检）','RBC/HPF','0-3/HPF'),(76,2,'尿白细胞（镜检）','WBC/HPF','0-5/HPF'),(77,2,'尿上皮细胞（镜检）','EPT/HPF','阴性'),(78,2,'透明管型(镜检）','PAT/HPF','0-1/LPF'),(79,2,'病理管型(镜检）','PAT/HPF','阴性'),(80,2,'鳞状上皮细胞','EPT','0-3/μL'),(81,2,'非鳞状上皮细胞','EPT','0-5/μL'),(82,2,'结晶','CRY','0-0'),(83,2,'酵母细胞',' YLC','阴性'),(84,3,'颜色','COL','黄褐色'),(85,3,'性状','SHA','软便'),(86,3,'红细胞','RBC','阴性'),(87,3,'白细胞','WBC','阴性'),(88,3,'隐血试验','OB','阴性'),(89,3,'寄生虫卵',' ','阴性'),(90,3,'结晶',' CRY','少量'),(91,3,'食物残渣',' ','少量'),(92,3,'吞噬细胞',' ','阴性'),(93,3,'肠黏膜上皮细胞',' ','阴性'),(96,65,'其它X线',NULL,NULL),(101,70,'其它核磁',NULL,NULL),(103,72,'PET检查',NULL,NULL),(105,74,'病理学',NULL,NULL),(107,76,'其它亚健康',NULL,NULL),(109,78,'其它中医检查',NULL,NULL),(110,79,'不明待分类',NULL,NULL),(127,48,'空腹葡萄糖','GlU','3.4-6.1 mmol/L'),(128,46,'丙氨酸氨基转氨酶','ALT','0-40 U/L'),(129,46,'天冬氨酸氨基转氨酶','AST','0-40 U/L'),(130,48,'空腹胰岛素','INS','2.6-24.9 μU/ml'),(131,46,'γ-谷氨酰基转移酶','GGT','0-50 U/L'),(132,46,'碱性磷酸酶','ALP','0-130 U/L'),(133,48,'空腹C肽','CPE','0.3-0.6 nmol/L或0.2-4.0 ng/ml'),(134,46,'总蛋白','TP','55-80 g/L'),(135,48,'餐后1h葡萄糖','GlU','7.78-8.89 mmol/L'),(136,46,'白蛋白','ALB','35-50 g/L'),(137,46,'球蛋白','GP','20-33 g/L'),(139,48,'餐后1h胰岛素','INS','·'),(141,48,'餐后1hC肽','CPE','空腹5-6倍'),(142,46,'总胆红素','TB','0-21 μmol/L'),(143,48,'餐后2h葡萄糖','GlU','4.11-7.8 mmol/L'),(144,46,'直接胆红素','DB','0-8.6 μmol/L'),(145,46,'间接胆红素','IB','3.4-17 μmol/L'),(146,48,'餐后2h胰岛素','INS','7.8-74.7 μU/ml'),(147,46,'总胆汁酸','TA','0-10 μmol/L'),(148,48,'餐后2hC肽','CPE','3.3-13.2 ng/ml'),(150,48,'糖化血红蛋白','HbA1c','4.1-6.5%（高压液相法）'),(151,48,'糖化血清白蛋白','GSP','1.65-2.15 mmol/L；11-16 %'),(152,46,'淀粉酶','AMS','28-150 U/L'),(153,46,'脂肪酶','LPS','13-60 U/L'),(154,48,'抗胰岛细胞抗体','ICA','阴性'),(156,48,'胰岛素自身抗体','IAA','阴性'),(159,48,'谷氨酸脱羧酶抗体','GDA','阴性'),(161,48,'平均血糖估计值',' ','3.9-7.8 mmol/L'),(163,48,'血乳酸','LA','0-2.4 mmol/L'),(165,48,'血丙酮酸','PYR','0.03-0.1 mmol/L'),(167,48,'血酮体','KET','0-0.05 mmol/L'),(169,48,'24h尿酮体','KET','20-50 mg/24h'),(171,48,'血清胰岛素原','pINS','0.005-0.023 pmol/mL'),(174,48,'血浆胰高血糖素','PG','12.79-28.53 pmol/L'),(176,48,'胰岛素低血糖兴奋试验',' ','15-55 μg/L'),(247,50,'酸性磷酸酶','ACP','0-6 U/L'),(249,50,'醛缩酶','Ald','5-27 IU'),(251,50,'精氨酸代琥珀酸裂解酶','ASAL','0-50 U/L'),(253,50,'谷氨酸脱氢酶','GLDH/GDH','0-8 U/L'),(255,50,'异柠檬酸脱氢酶','ICD/ICDH','1.2-7 U/L'),(257,50,'谷胱甘肽还原酶','GR','62-114 U/L'),(259,50,'核糖核酸酶','Rnase','31.3-84.1 U'),(260,50,'芳香硫酸酯酶','ARS/AS','2.27-7.39 U/L'),(262,50,'5\'-核苷酸磷酸二酯酶','5\'-NPD','8-19 U/L'),(264,50,'β-葡萄糖醛酸苷酶','β-GN','男60-160 U/L；女35-95 U/L'),(265,50,'葡萄糖磷酸异构酶','GPI','20-89 U/L'),(266,50,'3-磷酸甘油醛脱氢酶','GAPD/GAPDH','23-41 U/L'),(267,50,'黄嘌呤氧化酶','XO/XOD','0或阴性'),(268,50,'过氧化氢酶','CAT','23-158 U'),(269,50,'超氧化物歧化酶','SOD','555-663 μg/gHb'),(271,50,'乙醇脱氢酶','ADH/AD','男0.6-3.2 U/L；女0.4-2.4 U/L'),(273,50,'鸟嘌呤脱氨酶','GD','0-2.5 U/L'),(274,50,'脯氨酸羟化酶','PH','20.8-58.2 μg/L'),(276,50,'卵磷脂-胆固醇酰基转移酶','LCAT','比色法54.2-93.4 μmol/L/h；比免法5.16-7.12 μmol/L/h'),(278,50,'鸟氨酸氨基甲酰转移酶','OCT','0-16 U/L'),(279,50,'精氨酸酶','Arg','0-6.05 U/L'),(282,50,'血管紧张素转化酶','ACE','12-52 U/L'),(284,50,'唾液酸转移酶','ST','37-70 U/L'),(285,50,'苹果酸脱氢酶','MD/MDH','12.5-50 mU/L'),(306,53,'卵泡刺激素','FSH','男（13-70岁）1.4-18.1 U/L；女（成人）1.5-33.4 U/L，绝经期23.0-116.3  U/L               '),(308,53,'促黄体生成素','LH','男（20-70岁）1.5-9.3U/L，＞70岁3.1-34.6 U/L；女（成人）0.5-76.3 U/L，绝经期15.9-54.0 U/L                         '),(310,53,'泌乳素','PRL','男2.1-17.7 μg/L；女2.8-29.2   μg/L                   '),(312,53,'雌二醇','E2','男（成人）≤353.1 pmol/L；女（成人）48.2-1531.8 pmol/L，绝经期≤283.7  pmol/L        '),(314,53,'孕酮','P','男0.89-3.88 nmol/L；女卵泡期0.48-4.45 nmol/L，排卵期14.21-89.14，黄体期10.62-81 nmol/L，绝经期0-2.32 nmol/L  '),(316,53,'总睾酮','T','男（19-70岁）8.4-28.7 nmol/L；女（15-75岁）0.5-2.6  nmol/L'),(317,53,'胎盘生乳素','HPL','女0-0.5 mg/L，孕期1.0-8.0 mg/L'),(318,53,'血清雌三醇','E3','孕期17.5-60.8 nmol/L'),(320,54,'总三碘甲状腺原氨酸','TT3','1.01-2.95 nmol/L（Centaur）1.3-3.1  nmol/L（Roche）'),(322,54,'总甲状腺素','TT4','55.34-160.88 nmol/L（Centaur）66-181 nmol/L（Roche）'),(324,54,'游离三碘甲状腺原氨酸','FT3','2.76-6.3 pmol/L（Centaur）3.1-6.8 pmol/L（Roche）'),(326,54,'游离甲状腺素','FT4','10.42-24.32 pmol/L（Centaur）12-22 pmol/L（Roche）'),(328,54,'促甲状腺激素','TSH','0.35-5.50 μU/L（Centaur）0.27-4.20 μU/L（Roche）'),(330,54,'抗甲状腺球蛋白抗体','TG','＜60 U/ml（Centaur）＜115 U/ml（Roche）'),(332,54,'抗甲状腺过氧化物酶抗体','TPO','＜60 U/ml（Centaur）＜34  U/ml（Roche）'),(334,54,'抗甲状腺微粒体抗体','ATMA','阴性'),(337,54,'促甲状腺激素受体抗体','TRAb','0-1.75 U/ml'),(348,54,'血清反三碘甲状腺原氨酸','rT3','0.54-1.46 nmol/L'),(349,54,'促甲状腺素释放激素','TRH','14-168pmol/L；(19.8±3.1)pg/ml'),(350,54,'T3树脂摄取试验','RT3UT','男8.9-17.3 %女8-15.9%'),(354,59,'纤维蛋白原','Fg','2.0-4.0 g/L'),(355,59,'活化部分凝血活酶时间','APTT','30-45 s'),(356,59,'凝血酶原时间','PT','12-16 s'),(357,59,'凝血酶原活动度','PA','60-120 %'),(358,59,'凝血酶时间','TT','16-22 s'),(359,59,'国际标准化比值','INR','0.95-1.5'),(360,59,'D-二聚体','D-Dimer','0-0.50 μg/ml'),(361,59,'抗凝血酶Ⅲ活性','AT-Ⅲ','75-125%'),(368,59,'抗β2糖蛋白1抗体IgM',' ','<20 ru/ml'),(370,59,'抗β2糖蛋白1抗体IgG',' ','<20 ru/ml'),(372,59,'抗β2糖蛋白2抗体IgA',' ','<20 ru/ml'),(374,59,'抗心磷脂抗体','ACA','<12 ru/ml或阴性'),(417,60,'甲胎蛋白','AFP','0-20 μg/L'),(419,60,'癌胚抗原','CEA','0-5 μg/L'),(422,60,'糖类抗原19-9',' ','0.1-37 U/ml'),(433,60,'糖类抗原72-4',' ','0.1-10 U/ml'),(435,60,'肿瘤抗原15-3',' ','0.1-30 U/ml'),(436,60,'肿瘤抗原12-5',' ','0.1-35 U/ml'),(437,60,'细胞角质素19','CYFRA21-1','0.1-4.0 ng/ml'),(438,56,'C-反应蛋白','CRP','0-0.8 mg/dl'),(439,60,'鳞状上皮细胞癌相关抗原','SCC','＜1.8 ng/ml'),(440,56,'红细胞沉降率','ESR','0-20 mm/h'),(441,56,'抗链球菌溶血素O','抗O','＜200 U/ml'),(442,56,'类风湿因子','RF','0-20 U/ml'),(443,60,'神经元特异性烯醇化酶','NSE','0-24 ng/ml'),(444,56,'免疫球蛋白IgA',' ','70-400 mg/dl'),(445,60,'总前列腺特异性抗原','T-PSA','＜4.0 ng/ml'),(446,56,'免疫球蛋白IgG',' ','700-1600 mg/dl'),(447,60,'游离前列腺特异性抗原','f-PSA','＜0.94 ng/ml'),(448,56,'免疫球蛋白IgM',' ','0.4-2.3 g/L'),(449,56,'免疫球蛋白IgE',' ','<100 U/ml'),(450,60,'前列腺特异性抗原比值','f-PSA/T-PSA','＞0.25'),(451,56,'免疫球蛋白轻链KAP',' ','170-370 mg/dl'),(452,56,'免疫球蛋白轻链LAM',' ','90-210 mg/dl'),(453,56,'补体C3',' ','0.9-1.8 g/L'),(454,60,'血清铁蛋白','FERR','30-400 ng/ml（男20-60岁）13-150 ng/ml（女17-60岁）'),(455,56,'补体C4',' ','0.1-0.4 g/L'),(456,60,'人绒毛膜促性腺激素','HCG','＜3.1 U/L'),(457,60,'人绒毛膜促性腺激素β亚基','β-HCG','0-5 U/L'),(459,56,'铜蓝蛋白','CER或CP','＞12岁，20-60 mg/dl'),(460,60,'糖类抗原242',' ','0-20 U/mL'),(461,56,'触珠蛋白','Hp','30-200 mg/dl'),(462,60,'糖类抗原50',' ','0-25 U/ml'),(463,56,'血清视黄醇结合蛋白','RBP','3.0-6.0mg/dl'),(464,56,'血清转铁蛋白','Tf','200-360 mg/dl'),(465,60,'组织多肽抗原','TPA','0-130 U/L'),(466,56,'血清胱抑素C','cys-C','＜70岁0.053-0.095 mg/dl；≥70岁0.035-0.149 mg/dl'),(467,60,'恶性肿瘤相关因子','TSGF','<64 U/ml'),(468,56,'降钙素原','CT','＜0.5 ng/dl'),(469,60,'循环肿瘤细胞检测','CTC','阴性'),(470,56,'α1-酸性糖蛋白','α-1-AGP','50-120 mg/dl'),(471,56,'α2-巨球蛋白',' ','130-300 mg/dl'),(472,56,'血β2-微球蛋白','β2-MG','0.07-0.18 mg/dl'),(473,60,'EB病毒DNA检测','EBV-DNA','阴性'),(474,56,'蛋白电泳Albumin','ALB','52-62.8 %'),(475,60,'前列腺特异性酸性磷酸酶','PAP','0-4 U/L'),(476,56,'蛋白电泳α1',' ','3.1-4.6 %'),(477,60,'胰瘤胎抗原','POA','＞18.6 mg/L'),(478,56,'蛋白电泳α2',' ','7.0-11.1 %'),(479,60,'甲胎蛋白异质体','αFP','0-25 μg/L'),(480,56,'蛋白电泳β1',' ','5.3-7.8 %'),(481,60,'唾液酸','SA','＞640 mg/L'),(482,56,'蛋白电泳β2',' ','3.3-6.4 %'),(483,56,'蛋白电泳γ',' ','13.1-23.3 %'),(484,60,'异常凝血酶原','APT','0-20 μg/L'),(486,60,'胰腺特异性抗原','PaA','4-34 μg/L'),(488,57,'总B淋巴细胞检测','CD19+','90-560'),(489,57,'总B细胞百分数','CD19+%','5-18 %'),(490,57,'总T淋巴细胞检测','CD3+','770-2401'),(491,57,'总T细胞百分数','CD3+%','58-84 %'),(492,57,'辅助性T淋巴细胞亚群检测','CD3+-CD4+','414-1123'),(497,57,'T辅助/诱导细胞百分数','CD3+-CD4+%','34-70 %'),(499,57,'抑制性T淋巴细胞亚群检测','CD3+-CD8+','238-874'),(503,57,'T抑制/细胞毒细胞百分数','CD3+-CD8+%','25-54 %'),(505,57,'CD4+与CD8+亚群比值','CD4+/CD8+','0.71-2.7'),(506,57,'CD4+/总淋巴细胞','CD4+/LYM','27-51 %'),(508,57,'CD8+/总淋巴细胞','CD8+/LYM','15-44 %'),(512,57,'调节性T细胞','CD4+-CD25+',' .'),(513,57,'细胞毒性T细胞','CD8+-CD28+',' .'),(514,57,'抑制性T细胞','CD8+-CD28-',' .'),(515,58,'抗双链DNA抗体','A-dsDNA','阴性'),(516,57,'总NK细胞','CD3--CD16+CD56+','0.07-0.40'),(517,58,'抗核抗体','ANA','阴性'),(518,58,'抗Sm抗体','A-Sm','阴性'),(519,58,'抗组蛋白抗体','AHA','阴性'),(520,58,'抗核糖核蛋白抗体','RNP','阴性'),(521,58,'抗SSA/RO抗体',' ','阴性'),(522,58,'抗SSB抗体',' ','阴性'),(523,58,'抗核点抗体',' ','阴性'),(524,58,'抗核膜抗体',' ','阴性'),(525,58,'抗Scl-70抗体',' ','阴性'),(526,58,'抗原纤维蛋白抗体',' ','阴性'),(527,58,'抗PM-Scl抗体',' ','阴性'),(528,58,'抗增殖细胞核抗原抗体','PCNA','阴性'),(529,58,'抗着丝点抗体',' ','阴性'),(530,58,'抗线粒体抗体','AMA','阴性'),(531,61,'乙肝表面抗原','HBsAg','＜0.05或阴性'),(532,58,'抗肌动蛋白抗体',' ','阴性'),(533,61,'乙肝表面抗体','HBsAb','＞12或阳性；阴性也可'),(534,61,'乙肝e抗原','HBeAg','＜1.0或阴性'),(535,61,'乙肝e抗体','HBeAb','＞1或阴性'),(536,61,'乙肝核心抗体','HBcAb','＞1或阴性'),(537,58,'抗JO-1抗体',' ','阴性'),(538,58,'抗肾小球基底膜抗体','GBM','阴性'),(539,61,'丙肝抗体','A-HCV','＜1或阴性'),(540,58,'抗胃壁蛋白抗体','APCA','阴性'),(541,58,'抗平滑肌抗体','ASMA','阴性'),(542,61,'艾滋病毒抗体','HIV','＜1或阴性'),(543,58,'抗肝肾微粒体抗体','LKM','阴性'),(544,61,'梅毒血清特异性抗体','TPA','＜1或阴性'),(545,58,'抗可溶性肝抗原抗体','SLA','阴性'),(546,58,'抗精子抗体','ASA','阴性'),(547,61,'快速梅毒血清反应素试验','RPR','阴性'),(548,58,'抗心肌抗体','AMA','阴性'),(549,61,'乙肝脱氧核糖核酸定量','HBV-DNA','＜1000 cps/ml'),(550,58,'抗中性粒细胞胞浆抗体','ANCA','阴性'),(551,58,'抗乙酰胆碱受体抗体','AchRA','阴性或≤0.3 nmol/L'),(552,61,'丙肝遗传核糖核酸定量','HCV-RNA','＜1000 cps/ml'),(581,1,'红细胞体积分布宽度','RDW','11-14.5%'),(582,1,'中性粒细胞计数','NEUT','(2-7)×10^9/L'),(583,1,'淋巴细胞计数','LYM','(0.8-4)×10^9/L'),(584,1,'嗜酸粒细胞计数 ','EO','(0.05-0.5)×10^9/L'),(585,1,'嗜碱粒细胞计数','BE','(0-0.1)×10^9/L'),(586,1,'单核细胞计数','MONO','(0.12-0.8)×10^9/L'),(587,1,'血小板体积分布宽度','PDW','9-18 %'),(588,1,'大血小板比值','P-LCR','10-50 %'),(589,1,'血小板比积','PCT','0.157-0.209 %'),(590,1,'高荧光网织红细胞','HFR','0-0.046'),(591,1,'中荧光网织红细胞','MFR','0.032-0.194'),(592,1,'低荧光网织红细胞','LFR','0.768-0.954'),(593,97,'人乳头瘤病毒16型','HPV16','阴性'),(594,97,'人乳头瘤病毒18型','HPV18','阴性'),(595,97,'人乳头瘤病毒31型','HPV31','阴性'),(596,97,'人乳头瘤病毒33型','HPV33','阴性'),(597,97,'人乳头瘤病毒35型','HPV35','阴性'),(598,97,'人乳头瘤病毒39型','HPV39','阴性'),(599,97,'人乳头瘤病毒45型','HPV45','阴性'),(600,97,'人乳头瘤病毒51型','HPV51','阴性'),(601,97,'人乳头瘤病毒52型','HPV52','阴性'),(602,97,'人乳头瘤病毒56型','HPV56','阴性'),(603,97,'人乳头瘤病毒58型','HPV58','阴性'),(604,97,'人乳头瘤病毒59型','HPV59','阴性'),(605,97,'人乳头瘤病毒68型','HPV68','阴性'),(606,53,'17-羟孕酮','17(OH)-P ','男0.3-5.4nmol/L女0.6-9.0绝经期0.12-1.5'),(607,55,'甲状旁腺激素（全段）','PTH','15-65 pg/ml'),(608,55,'25羟基维生素D3','25（OH）-D3','＞30ng/ml'),(609,55,'骨钙素','BGP','男18-30岁24-70ng/ml，31-70岁14-46；女停经前11-43停经后15-46'),(610,55,'β-胶原降解产物','β-CTX','男30-50岁<0.584ng/ml，50-70岁<0.704，>70岁<0.854；女停经前<0.573停经后<1.008'),(611,55,'I型前胶原羧基端前肽','PICP','男20-76μg/L；女19-84'),(612,55,'I型前胶原氨基端前肽',' ','15.3-52.7g/L'),(613,96,'全血切变率1.0','I/S','男17.63-21.35mPa.S；女13.79-17.91'),(614,96,'全血切变率5.0','I/S','男8.31-9.95mPa.S；女6.81-8.53'),(616,96,'全血切变率30.0','I/S','男5.18-5.94mPa.S；女4.29-5.45'),(617,96,'全血切变率200.0','I/S','男3.53-4.65mPa.S；女3.36-4.32'),(618,62,'血清生长激素','GH','0-7.7μg/L'),(619,62,'血清抗利尿激素','ADH','1-0.5ng/L'),(620,62,'血清胃泌素（空腹）',' ','15-105ng/L'),(621,62,'血清胃泌素（餐后）',' ','空腹2-3倍'),(622,62,'血清前列腺素A2','PGA2','男24.8-27.4nmol/L；女20.1-23.7'),(623,62,'血清前列腺素E1','PGE1','男4.08-5.2nmol/L；女4.35-5.85'),(624,62,'血清前列腺素F2α','PGE1','男6.96-7.84nmol/L；女6.87-7.65'),(625,62,'血浆皮质醇',' ','70-550nmol/L'),(626,62,'血浆促肾上腺皮质激素','ACTH','0-17.6pmol/L'),(627,62,'血浆肾上腺素','AD或EP','0-88pg/ml'),(628,62,'血浆去甲肾上腺素',' ','104-548pg/ml'),(629,62,'血浆多巴胺',' ','0-136pg/ml'),(630,62,'血浆生长激素释放激素','GHRH','6.2-14.7ng/L'),(631,62,'血浆生长激素释放抑制素','SRIH（SS）','2.9-18.3ng/L'),(632,62,'血浆环磷酸腺苷','cAMP','8-1.9μmol/L'),(633,62,'血浆缩胆囊素-肠促胰酶素','CCK','0-0.2pmol/L'),(634,62,'血浆血管活性肠肽','VIP','0-10pmol/L'),(635,62,'血浆抑胃肽','GIP','331-367ng/L'),(636,62,'血浆P物质','SP','11-15fmol/L'),(637,62,'血浆降钙素基因相关肽','CGRP','9.7-71nmol/L'),(638,62,'尿17-酮类固醇','17-KS','男27.8-76.3μmol/L；女20.8-52'),(639,62,'尿17-生酮类固醇','17-KGS','男41.6-69.3μmol/24h尿；女27.7-52'),(640,62,'尿17-羟类固醇','17-OHCS','0.9-2.2nmol/mol Cr'),(641,62,'尿17-羟类固醇/24h','17-OHCS','8.3-41.4μmol/24h 尿'),(642,62,'尿游离皮质醇','UFC','9-31μmol/mol Cr'),(643,62,'尿游离皮质醇/24h','UFC','27.6-276nmol/24h 尿'),(644,62,'24h尿肾上腺素',' ','0-109.2nmol/24h尿'),(645,62,'24h尿去甲肾上腺素',' ','59.1-413.7nmol/24h尿'),(646,62,'尿香草扁桃酸','VMA','1.9-9.8mg/24h(9.6-49.5μmol/24h）'),(647,62,'尿环磷酸腺苷','cAMP','2.5-4.7nmol/mg·肌酐'),(648,62,'血栓烷B2','TXB2','男77-187ng/L；女86-146'),(649,46,'血肌酐','Cr','男53-106umol/L；女44-97'),(650,62,'血浆纤维连接蛋白','Fn','277-513μg/ml'),(651,62,'全血凝固时间','CT','0.94-2.46min'),(652,46,'血尿素','Ur','1.8-7.5mmol/L'),(653,46,'血尿酸','UA','104-444μmol/L'),(654,62,'蛋白C活性','PC:A','64-147%'),(655,62,'蛋白S抗原','PS:Ag','86.8-106.4%'),(656,46,'甘油三脂','TG','0.4-1.7mmol/L'),(657,62,'红细胞聚集指数','AI','5.6-9.9'),(658,46,'总胆固醇','T-CH','3.1-5.7mmol/L'),(659,62,'红细胞内游离原卟啉','FEP','男0.56-1μmol/L；女0.68-1.32'),(660,46,'高密度脂蛋白胆固醇','HDL-c','1.0-1.6mmol/L'),(661,62,'血红蛋白尿',' ','阴性'),(662,46,'低密度脂蛋白胆固醇','LDL-c','0-3.4mmol/L'),(663,62,'血浆游离血红蛋白',' ','10-50mg/L'),(664,46,'载脂蛋白A1','Apo-A1','1.0-1.6g/L'),(665,62,'血清结合珠蛋白','Hp','0.8-2.7g/L'),(666,46,'载脂蛋白B','Apo-B','0.6-1.1g/L'),(667,46,'载脂蛋白E','Apo-E','3.0-5.0mg/dl'),(668,62,'含铁血黄素试验','Rous','阴性'),(669,62,'血浆高铁血红素白蛋白试验',' ','阴性'),(670,46,'肌酸激酶','CKP','2-200U/L'),(671,62,'高铁血红蛋白还原试验',' ','＞75%'),(672,46,'肌酸激酶同工酶','CK-MB','0-24U/L'),(673,46,'乳酸脱氢酶','LDH','10-250U/L'),(674,62,'红细胞镰变试验',' ','阴性'),(675,62,'还原型血红蛋白溶解度测定',' ','76-103.9%'),(676,62,'抗人球蛋白试验','Coombs','阴性'),(677,46,'血清钠','Na','130-150mmol/L'),(678,62,'冷凝集素试验',' ','1:40'),(679,46,'血清钾','K','3.5-5.5mmol/L'),(680,62,'冷热双相溶血试验','D-L test','阴性'),(681,46,'血清氯','Cl','94-110mmol/L'),(682,62,'酸溶血试验','Ham','阴性'),(683,46,'无机磷','P','0.89-1.6mmol/L'),(684,46,'血清镁','Mg','0.6-1.4mmol/L'),(685,62,'免疫球蛋白D','IgD','0-80mg/L'),(686,46,'二氧化碳总量','TCO2','20.2-30mmol/L'),(687,62,'尿视黄醇结合蛋白','RBP','0-0.7μg/ml'),(688,46,'血钙','Ca','2.09-2.54mmol/L'),(689,62,'α1-抗胰蛋白酶','AAT','0.85-2.13U/L或14.2-36.4μmol/L'),(690,62,'补体C1q','C1q','0.157-0.237g/L'),(691,46,'前白蛋白','PA','20-40mg/dl'),(692,46,'白蛋白/球蛋白','A/G','1.0-2.5'),(693,46,'白蛋白/总蛋白','A/T','52-72%'),(694,46,'胆碱酯酶','ChE','5000-13000U/L'),(695,62,'补体C2','C2','22-34mg/L'),(696,46,'胰蛋白酶','Trypsin','阴性或＜400μg/ml'),(697,62,'补体C5','C5','51-77mg/L'),(698,46,'胃蛋白酶原Ⅰ','PG-Ⅰ','60.6±13.9mg/ml'),(699,46,'胃蛋白酶原Ⅱ','PG-Ⅱ','11.9±4.2mg/ml'),(700,46,'胃蛋白酶原Ⅰ/Ⅱ','PGⅠ/PGⅡ','5.52±1.86'),(701,46,'单胺氧化酶','MAO','12-40U/L'),(702,46,'腺苷脱氨酶','ADA','4.0-24.0U/L'),(703,46,'a-L-岩藻酸苷酶','AFU','234-414μmol/L'),(704,46,'Ⅲ型前胶原','PCⅢ','<18ng/ml'),(705,46,'Ⅳ型胶原','IV-C','30-140ng/ml'),(706,46,'透明质酸酶','HA','<120ng/ml'),(707,46,'层粘连蛋白','LN','50-180ng/ml'),(708,46,'尿微量白蛋白','Alb','0-3.0 mg/dl'),(709,46,'尿肌酐','Cr','男5.3-22.1mmol/24h；女5.3-13.3'),(710,46,'尿快速微量白蛋白/肌酐',' ','随机尿＜37 mg/g'),(711,62,'补体C6','C6','48-64mg/L'),(712,46,'尿α1-微球蛋白','α1-MG','0-1.2mg/dl'),(714,46,'尿β2-微球蛋白','β2-MG','0-0.03mg/dl'),(715,46,'血清脂蛋白（a）','Lp(a)','0-75nmol/L'),(716,62,'补体C7','C7','49-70mg/L'),(717,46,'α-羟丁酸脱氢酶','α-HBDH','比色法61-155U/L；监测法72-182'),(718,46,'肌酸激酶同工酶MB定量','CK-MB mass','0-3.6ng/ml'),(719,62,'补体C8','C8','43-63mg/L'),(720,46,'肌红蛋白','Mb','0-75ng/ml'),(721,46,'肌钙蛋白T','cTnT','0-0.1ng/ml'),(722,46,'肌钙蛋白I','cTnI','0-0.1ng/ml'),(723,46,'脑利钠肽前体','pro-BNP','0-150pg/ml'),(724,62,'补体C9','C9','47-69mg/L'),(725,46,'同型半胱氨酸','Hcy','5-20μmol/L'),(726,46,'叶酸','FOL','5-14.4ng/ml'),(727,62,'B因子','BF','0.1-0.4g/L'),(728,46,'维生素B12','VitB12','187-1059pg/ml'),(729,46,'游离钙','Ca','1.12-1.37mmol/L'),(730,46,'血清铁','Fe','7.0-32.0μmol/L'),(731,46,'总铁结合力','TIBC','45-75μmol/L'),(732,46,'不饱和铁结合力（铁饱和度）','UIBC','20-62μmol/L'),(733,62,'总补体效价','C','10-65 U/ml'),(734,46,'转铁蛋白饱和度','TS','20-55%'),(735,50,'α-淀粉酶','α-AMY','600-1800U/L'),(736,50,'淀粉酶同工酶','AMS-MB','P型30-50%；S型20-50%'),(737,50,'亮氨酸氨基肽酶','LAP','11-30U/L'),(738,62,'总补体溶血活性','CH50','75-160kU/L'),(739,50,'脯肽酶','PLD','1107±19.5u/L'),(740,50,'脯氨酸肽酶','PLD','912.9-1299.2U/L'),(741,50,'5\'-核苷酸酶','5\'-NT','0-11U/L'),(742,50,'谷氨酸脱氢酶','GLDH或GDH','0-8U/L'),(743,62,'补体旁路活化途径的溶血活性','AP-50','16.3-27.1U/ml'),(744,62,'补体C3裂解物','C3SP','＜94mg/L'),(745,50,'山梨醇脱氢酶','SDH或SD','0-5U/L'),(746,50,'谷胱甘肽S转移酶','GST','4.7-10.3U/L'),(747,50,'血氨','NH3','11-35μmol/L'),(748,50,'δ-胆红素','Bδ','阴性'),(749,50,'甘氨胆酸','CG','0.05-1μmol/L'),(750,50,'尿胆原','Uro','0.84-4.2μmol/L'),(751,50,'尿胆红素',' ','阴性'),(752,50,'粪胆红素',' ','阴性'),(753,62,'狼疮细胞试验','LEC','阴性'),(754,62,'白介素-2','IL-2','5-15kU/L'),(755,62,'白介素-2受体','SIL-2R','206-386U/ml'),(756,62,'白介素-6','IL-6','67.37-150.33pg/ml'),(757,62,'白介素-8','IL-8','0-1ng/ml'),(758,62,'白介素-10','IL-10','、'),(759,62,'肿瘤坏死因子','TNF','0.34-1.94μg/L'),(760,62,'干扰素','INFs','1-4kU/L'),(761,50,'粪胆原',' ','阳性'),(762,50,'粪胆素',' ','阳性'),(763,62,'伤寒H（肥达试验）',' ','＜1：160'),(764,50,'尿转铁蛋白','TRF','0-0.68mg/24h'),(765,62,'伤寒O（肥达试验）',' ','＜1：80'),(766,50,'内生肌酐清除率','Ccr','80-120ml/min.1.73m2'),(767,62,'副伤寒甲（肥达试验）',' ','＜1：80'),(768,62,'副伤寒乙（肥达试验）',' ','＜1：80'),(769,50,'肾小球滤过率','Egfr','＞60 ml/min'),(770,62,'肺炎支原体',' ','≤1：32或阴性'),(771,50,'24h尿量',' ','1-1.5L/24h'),(772,62,'德国麻疹抗体IgG',' ','＜10'),(773,50,'24h尿蛋白定量','Pro','20-80mg/24h'),(774,50,'24h尿葡萄糖定量',' ','0-5mmol/24h'),(775,50,'24h尿红细胞定量',' ','男0-30000/24h；女0-40000'),(776,50,'24h尿白细胞定量',' ','男0-70000/24h；女0-140000'),(777,50,'尿血红蛋白',' ','阴性'),(778,50,'菊粉清除率','CIn','男120-138ml/min.1.73m2；女110-138'),(779,50,'尿蛋白选择性指数','SPI','0-0.1'),(780,50,'本周蛋白',' ','阴性'),(781,50,'乙酰氨基葡萄糖苷酶','NAG','0.3-12 U/L Cre'),(782,50,'尿丙氨酸氨基肽酶','AAP','男8.83-16.37U/L；女5.19-10.11'),(783,50,'TH糖蛋白','THP','29.8-42.9mg/24h '),(784,50,'尿溶菌酶','Lys','男0-2.1mg/L；女0-3'),(785,50,'β-D-葡萄糖醛酸苷酶','β-D-GRS','7.3-21.5U/L'),(786,50,'对氨基马尿酸清除率','CPAH','600-800ml/min.1.73m2'),(787,50,'尿渗透压','Osm','600-1000mmol/kgH2O'),(788,50,'促红细胞生成素','EPO','12.5-34.5U/L'),(789,50,'血丙氨酸氨基肽酶','AAP','0-38U/L'),(790,50,'血清溶菌酶','Lys','3-10mg/L'),(791,50,'葡萄糖-6-磷酸脱氢酶','G-6-PD','9.34±1.59U/g'),(792,50,'血清淀粉样蛋白A','SAA','0.72-17.7mg/L'),(793,50,'血栓前体蛋白','Tp-P','0-6μg/mL'),(794,50,'糖原磷酸化酶','GP-BB','0-7μg/L'),(795,50,'脂肪酸结合蛋白','FABP','0-5μg/L'),(796,50,'碳酸酐酶同工酶Ⅲ','CA','10.77-20.83U/L'),(797,50,'总胆固醇/高密度','TC/HDL-C','<5'),(798,50,'游离脂肪酸','FFA','0.2-0.6mmol/L'),(799,50,'乳糜颗粒','CM','阴性'),(800,50,'α脂蛋白（HDL）','HDL','20-30%'),(801,50,'前β脂蛋白（VLDL）','VLDL','0-28.6%'),(802,50,'β脂蛋白（LDL）','LDL','50-70%'),(803,50,'锌','Zn','4.8-15.6 μg/ml'),(804,50,'镉','Ge','0-0.2 μg/ml'),(805,50,'锰','Mn','0-0.08 μg/ml'),(806,50,'铜','Cu','成人0.64-2.1 μg/ml；儿童0.7-2.5'),(807,50,'铁 ','Fe','300-530 μg/ml'),(808,50,'镁','Mg','20-80 ug/ml'),(809,50,'铅','Pb','成人0-0.46 μg/ml；儿童0-0.2'),(810,50,'硒','Se','1.27-2.4 μmol/L'),(811,50,'血液PH值','PH','7.35-7.45'),(812,50,'血清二氧化碳分压（mmHg）','PCO2','35-45mmHg'),(813,50,'血清二氧化碳分压（kPa）','PCO2','4.5-6.0kPa'),(814,50,'标准碳酸氢盐','SB','21-25mmol/L'),(815,50,'实际碳酸氢盐','AB','21-28mmol/L'),(816,50,'缓冲碱（血浆）','BB','41-42mmol/L'),(817,50,'缓冲碱（全血）','BB','47-48mmol/L'),(818,50,'碱剩余或碱不足','BE/BD','±3mmol/L'),(819,50,'血液氧分压','PO2','10-14kPa'),(820,50,'血氧饱和度','O2Sat','90-98%'),(821,50,'血氧含量',' ','6.6-10.2mmol/L'),(822,50,'血红蛋白氧饱和度50%时的氧分压','P50','3.3-3.9kPa'),(823,50,'肺泡-动脉氧分压差（空气）','A-DO2','＜2.7kPa'),(824,50,'肺泡-动脉氧分压差（纯氧）','A-DO2','＜6.7kPa'),(825,50,'阴离子间隙','AG','8-16mmol/L'),(826,50,'维生素A','VitA','0.52-2.2μmol/L'),(827,50,'维生素C','VitC','34-114 μmol/l'),(828,50,'维生素E','VitE','10-15 ug/ml'),(829,50,'维生素B1','VitB1','50-150 nmol/L'),(830,50,'维生素B2','VitB2','4.26-18.42 μg/L'),(831,50,'维生素B6','VitB6','14.6-72.9 nmol/l'),(832,50,'维生素B9','VitB9','6.8-36.3 nmol/L'),(833,50,'β-胡萝卜素',' ','1.49-7.4？？？'),(834,50,'维生素D(单羟)','25-(OH)D3','5-200nmol/L'),(835,50,'维生素D(双羟)','1,25-(OH)2D3','60-108pmol/L'),(836,50,'维生素D(三羟)','1,24,25-(OH)3D3','2-15nmol/L'),(838,99,'胃肠镜检',NULL,NULL);
/*!40000 ALTER TABLE `category_third` ENABLE KEYS */;
UNLOCK TABLES;

--
-- Table structure for table `health_category_first`
--

DROP TABLE IF EXISTS `health_category_first`;
/*!40101 SET @saved_cs_client     = @@character_set_client */;
/*!40101 SET character_set_client = utf8 */;
CREATE TABLE `health_category_first` (
  `id` int(8) NOT NULL AUTO_INCREMENT,
  `name` varchar(256) DEFAULT NULL,
  PRIMARY KEY (`id`)
) ENGINE=InnoDB AUTO_INCREMENT=20 DEFAULT CHARSET=utf8;
/*!40101 SET character_set_client = @saved_cs_client */;

--
-- Dumping data for table `health_category_first`
--

LOCK TABLES `health_category_first` WRITE;
/*!40000 ALTER TABLE `health_category_first` DISABLE KEYS */;
INSERT INTO `health_category_first` VALUES (1,'基本信息'),(2,'心血管系统'),(3,'呼吸系统'),(4,'消化系统'),(5,'血液系统'),(6,'内分泌系统'),(7,'风湿免疫'),(8,'神经系统'),(9,'运动系统'),(10,'泌尿系统'),(11,'生殖系统'),(12,'营养代谢'),(13,'肿瘤疾病'),(14,'眼科疾病'),(15,'耳鼻咽喉'),(16,'口腔颌面'),(17,'皮肤疾病'),(18,'精神心理'),(19,'无');
/*!40000 ALTER TABLE `health_category_first` ENABLE KEYS */;
UNLOCK TABLES;

--
-- Table structure for table `health_category_second`
--

DROP TABLE IF EXISTS `health_category_second`;
/*!40101 SET @saved_cs_client     = @@character_set_client */;
/*!40101 SET character_set_client = utf8 */;
CREATE TABLE `health_category_second` (
  `id` int(8) NOT NULL AUTO_INCREMENT,
  `first_id` int(8) DEFAULT NULL,
  `name` varchar(256) DEFAULT NULL,
  PRIMARY KEY (`id`)
) ENGINE=InnoDB AUTO_INCREMENT=20 DEFAULT CHARSET=utf8;
/*!40101 SET character_set_client = @saved_cs_client */;

--
-- Dumping data for table `health_category_second`
--

LOCK TABLES `health_category_second` WRITE;
/*!40000 ALTER TABLE `health_category_second` DISABLE KEYS */;
INSERT INTO `health_category_second` VALUES (1,1,'基本信息'),(2,2,'心血管系统'),(3,3,'呼吸系统'),(4,4,'消化系统'),(5,5,'血液系统'),(6,6,'内分泌系统'),(7,7,'风湿免疫'),(8,8,'神经系统'),(9,9,'运动系统'),(10,10,'泌尿系统'),(11,11,'生殖系统'),(12,12,'营养代谢'),(13,13,'肿瘤疾病'),(14,14,'眼科疾病'),(15,15,'耳鼻咽喉'),(16,16,'口腔颌面'),(17,17,'皮肤疾病'),(18,18,'精神心理'),(19,19,'无');
/*!40000 ALTER TABLE `health_category_second` ENABLE KEYS */;
UNLOCK TABLES;

--
-- Table structure for table `origin_category_first`
--

DROP TABLE IF EXISTS `origin_category_first`;
/*!40101 SET @saved_cs_client     = @@character_set_client */;
/*!40101 SET character_set_client = utf8 */;
CREATE TABLE `origin_category_first` (
  `id` int(11) NOT NULL AUTO_INCREMENT,
  `name` varchar(255) DEFAULT NULL,
  `order_index` int(11) DEFAULT NULL,
  PRIMARY KEY (`id`)
) ENGINE=InnoDB AUTO_INCREMENT=9 DEFAULT CHARSET=utf8;
/*!40101 SET character_set_client = @saved_cs_client */;

--
-- Dumping data for table `origin_category_first`
--

LOCK TABLES `origin_category_first` WRITE;
/*!40000 ALTER TABLE `origin_category_first` DISABLE KEYS */;
INSERT INTO `origin_category_first` VALUES (1,'门诊病历',1),(2,'住院资料',4),(3,'体检资料',5),(4,'门诊医技',3),(5,'牙科资料',6),(6,'中医资料',7),(7,'门诊化验',2),(8,'其他资料',8);
/*!40000 ALTER TABLE `origin_category_first` ENABLE KEYS */;
UNLOCK TABLES;

--
-- Table structure for table `origin_category_second`
--

DROP TABLE IF EXISTS `origin_category_second`;
/*!40101 SET @saved_cs_client     = @@character_set_client */;
/*!40101 SET character_set_client = utf8 */;
CREATE TABLE `origin_category_second` (
  `id` int(11) NOT NULL AUTO_INCREMENT,
  `first_id` int(11) DEFAULT NULL,
  `name` varchar(255) DEFAULT NULL,
  PRIMARY KEY (`id`)
) ENGINE=InnoDB AUTO_INCREMENT=9 DEFAULT CHARSET=utf8;
/*!40101 SET character_set_client = @saved_cs_client */;

--
-- Dumping data for table `origin_category_second`
--

LOCK TABLES `origin_category_second` WRITE;
/*!40000 ALTER TABLE `origin_category_second` DISABLE KEYS */;
INSERT INTO `origin_category_second` VALUES (1,1,'门诊病历'),(2,2,'住院资料'),(3,3,'体检资料'),(4,4,'门诊医技'),(5,5,'牙科资料'),(6,6,'中医资料'),(7,7,'门诊化验'),(8,8,'其他资料');
/*!40000 ALTER TABLE `origin_category_second` ENABLE KEYS */;
UNLOCK TABLES;

--
-- Table structure for table `result_health`
--

DROP TABLE IF EXISTS `result_health`;
/*!40101 SET @saved_cs_client     = @@character_set_client */;
/*!40101 SET character_set_client = utf8 */;
CREATE TABLE `result_health` (
  `id` int(11) NOT NULL AUTO_INCREMENT,
  `user_id` int(11) DEFAULT NULL,
  `second_id` int(11) DEFAULT NULL,
  `problem` text,
  `problem_new` text,
  `content` text,
  `content_new` text,
  `time` date DEFAULT NULL,
  `upload_time` date DEFAULT NULL,
  `inputer_id` int(11) DEFAULT NULL,
  `checker_id` int(11) DEFAULT NULL,
  `status` varchar(255) DEFAULT NULL,
  `note` varchar(255) DEFAULT NULL,
  `reason` varchar(255) DEFAULT NULL,
  PRIMARY KEY (`id`)
) ENGINE=InnoDB AUTO_INCREMENT=78 DEFAULT CHARSET=utf8;
/*!40101 SET character_set_client = @saved_cs_client */;

--
-- Dumping data for table `result_health`
--

LOCK TABLES `result_health` WRITE;
/*!40000 ALTER TABLE `result_health` DISABLE KEYS */;
INSERT INTO `result_health` VALUES (53,19,1,NULL,NULL,'i love you\n\nxixixi','i love you\n\nxixixi','2017-08-16','2017-08-16',13,6,'已通过',NULL,'<未说明原因>'),(54,29,19,'12','1222222','2','2','2017-09-24','2017-09-24',3,3,'待审核',NULL,NULL),(55,29,4,'','1','','2','2017-09-24','2017-09-24',3,NULL,'录入中',NULL,NULL),(56,18,8,'哈哈','哈哈','哈哈哈','哈哈哈','2017-09-24','2017-09-24',3,3,'已通过',NULL,NULL),(59,18,6,'我就是；来搭建福利卡数据的；福利卡就是；的路口附近；啊老师肯定积分；拉看似简单；发了看见啊；少了点看风景；埃里克森的减肥；卢卡斯都烦死了看到房价；埃里克森京东方；了空间啊；少了点空间发拉看似简单发；了空间啊是；的','我就是；来搭建福利卡数据的；福利卡就是；的路口附近；啊老师肯定积分；拉看似简单；发了看见啊；少了点看风景；埃里克森的减肥；卢卡斯都烦死了看到房价；埃里克森京东方；了空间啊；少了点空间发拉看似简单发；了空间啊是；的','我就是；来搭建福利卡数据的；福利卡就是；的路口附近；啊老师肯定积分；拉看似简单；发了看见啊；少了点看风景；埃里克森的减肥；卢卡斯都烦死了看到房价；埃里克森京东方；了空间啊；少了点空间发拉看似简单发；了空间啊是；的我就是；来搭建福利卡数据的；福利卡就是；的路口附近；啊老师肯定积分；拉看似简单；发了看见啊；少了点看风景；埃里克森的减肥；卢卡斯都烦死了看到房价；埃里克森京东方；了空间啊；少了点空间发拉看似简单发；了空间啊是；的我就是；来搭建福利卡数据的；福利卡就是；的路口附近；啊老师肯定积分；拉看似简单；发了看见啊；少了点看风景；埃里克森的减肥；卢卡斯都烦死了看到房价；埃里克森京东方；了空间啊；少了点空间发拉看似简单发；了空间啊是；的我就是；来搭建福利卡数据的；福利卡就是；的路口附近；啊老师肯定积分；拉看似简单；发了看见啊；少了点看风景；埃里克森的减肥；卢卡斯都烦死了看到房价；埃里克森京东方；了空间啊；少了点空间发拉看似简单发；了空间啊是；的','我就是；来搭建福利卡数据的；福利卡就是；的路口附近；啊老师肯定积分；拉看似简单；发了看见啊；少了点看风景；埃里克森的减肥；卢卡斯都烦死了看到房价；埃里克森京东方；了空间啊；少了点空间发拉看似简单发；了空间啊是；的我就是；来搭建福利卡数据的；福利卡就是；的路口附近；啊老师肯定积分；拉看似简单；发了看见啊；少了点看风景；埃里克森的减肥；卢卡斯都烦死了看到房价；埃里克森京东方；了空间啊；少了点空间发拉看似简单发；了空间啊是；的我就是；来搭建福利卡数据的；福利卡就是；的路口附近；啊老师肯定积分；拉看似简单；发了看见啊；少了点看风景；埃里克森的减肥；卢卡斯都烦死了看到房价；埃里克森京东方；了空间啊；少了点空间发拉看似简单发；了空间啊是；的我就是；来搭建福利卡数据的；福利卡就是；的路口附近；啊老师肯定积分；拉看似简单；发了看见啊；少了点看风景；埃里克森的减肥；卢卡斯都烦死了看到房价；埃里克森京东方；了空间啊；少了点空间发拉看似简单发；了空间啊是；的','2017-10-01','2017-10-01',3,3,'已通过',NULL,NULL),(62,46,4,'1、食管炎（Ⅰ级）；\n2、浅表性糜烂性胃炎，胃窦息肉（山田II型）','1、食管炎（Ⅰ级）；\n2、浅表性糜烂性胃炎，胃窦息肉（山田II型）','一、肝右叶钙化结节；轻度脂肪肝。\n2014年6月在包头市蒙医中医医院查腹部超声示：肝血管瘤，肝内钙化灶，胆囊炎，右肾小结石。2014年10月碱性磷酸酶155.9（15-112）、2014年12月碱性磷酸酶145（15-112）都偏高，2014年4月白蛋白34（35-55）偏低，前白蛋白152（180-400），2015年9月在309医院查腹部超声示：肝实性结节，胆胰腺肾膀胱乳腺双侧颈动脉声像未见异常。2016年在蒙医中医医院查全腹CT平扫示：肝左叶密度钙化影，肝右叶异常密度影与前片比较无明显变化，同年碱性磷酸酶192.3（15-112），谷氨酰转肽酶200.20U/L（≤50）。\n二、食管炎、胃息肉\n2014年3月在包头市中心医院查胃镜示：浅表性糜烂性胃炎，胃窦息肉（山田II型）。2015年9月在309医院查静脉麻醉下胃肠镜示：1.食管炎（Ⅰ级）2.胃息肉（Ⅱ级）。\n\n','一、肝右叶钙化结节；轻度脂肪肝。\n2014年6月在包头市蒙医中医医院查腹部超声示：肝血管瘤，肝内钙化灶，胆囊炎，右肾小结石。2014年10月碱性磷酸酶155.9（15-112）、2014年12月碱性磷酸酶145（15-112）都偏高，2014年4月白蛋白34（35-55）偏低，前白蛋白152（180-400），2015年9月在309医院查腹部超声示：肝实性结节，胆胰腺肾膀胱乳腺双侧颈动脉声像未见异常。2016年在蒙医中医医院查全腹CT平扫示：肝左叶密度钙化影，肝右叶异常密度影与前片比较无明显变化，同年碱性磷酸酶192.3（15-112），谷氨酰转肽酶200.20U/L（≤50）。\n二、食管炎、胃息肉\n2014年3月在包头市中心医院查胃镜示：浅表性糜烂性胃炎，胃窦息肉（山田II型）。2015年9月在309医院查静脉麻醉下胃肠镜示：1.食管炎（Ⅰ级）2.胃息肉（Ⅱ级）。\n\n','2017-11-07','2017-11-07',3,3,'已通过',NULL,NULL),(63,46,5,'1、贫血','1、贫血','一、缺铁性贫血\n2014年4月在北京协和医院查血常规示：血红蛋白 90g/L，红细胞压积 29.3%，红细胞体积分布宽度 23.3。2014年10月在包头市蒙医中医医院查血常规示：血红蛋白 105g/L，红细胞压积 32%，红细胞体积分布宽度 72.6。2015年9月在309医院查体：血红蛋白 98g/L，红细胞压积 28.2%，红细胞体积分布宽度 40.9。2016年3月在蒙医中医医院查血常规示：血红蛋白105g/L，红细胞压积32%，红细胞平均体积83.3fl(86-110),红细胞分布宽度SD 50.8(37-50%),红细胞分布宽度16.9（1-15%）。\n\n','一、缺铁性贫血\n2014年4月在北京协和医院查血常规示：血红蛋白 90g/L，红细胞压积 29.3%，红细胞体积分布宽度 23.3。2014年10月在包头市蒙医中医医院查血常规示：血红蛋白 105g/L，红细胞压积 32%，红细胞体积分布宽度 72.6。2015年9月在309医院查体：血红蛋白 98g/L，红细胞压积 28.2%，红细胞体积分布宽度 40.9。2016年3月在蒙医中医医院查血常规示：血红蛋白105g/L，红细胞压积32%，红细胞平均体积83.3fl(86-110),红细胞分布宽度SD 50.8(37-50%),红细胞分布宽度16.9（1-15%）。\n\n','2017-11-07','2017-11-07',3,3,'已通过',NULL,NULL),(64,46,6,'1、甲状腺炎','1、甲状腺炎','一、甲状腺炎： \n2015年9月在309医院查甲状腺超声示：甲状腺肿大，甲状腺弥漫性病变。查甲功七项显示：促甲状腺激素TSH 7.41 mmol/L，抗甲状腺过氧化物酶抗体 342.64 mmol/L，余结果未见异常。\n\n','一、甲状腺炎： \n2015年9月在309医院查甲状腺超声示：甲状腺肿大，甲状腺弥漫性病变。查甲功七项显示：促甲状腺激素TSH 7.41 mmol/L，抗甲状腺过氧化物酶抗体 342.64 mmol/L，余结果未见异常。\n\n','2017-11-07','2017-11-07',3,3,'已通过',NULL,NULL),(65,46,8,'1、脑基底节区腔梗；\n2、右侧放射冠区缺血灶，大脑镰脂肪瘤。','1、脑基底节区腔梗；\n2、右侧放射冠区缺血灶，大脑镰脂肪瘤。','一、脑基底节区腔梗\n2014年7月在包头市中心医院查PET/CT示：双侧大脑基底节区多发腔梗。2015年9月在309医院查经颅多普勒检查示：双侧颞窗探测不太理想，椎动脉及基底动脉血流速度及频谱形态未见明显异常；同时查脑血流图示：未见异常。\n二、右侧放射冠区缺血灶，大脑镰脂肪瘤\n2016年3月在蒙医中医医院查头颅CT平扫示：右侧放射冠区缺血灶，大脑镰脂肪瘤。\n','一、脑基底节区腔梗\n2014年7月在包头市中心医院查PET/CT示：双侧大脑基底节区多发腔梗。2015年9月在309医院查经颅多普勒检查示：双侧颞窗探测不太理想，椎动脉及基底动脉血流速度及频谱形态未见明显异常；同时查脑血流图示：未见异常。\n二、右侧放射冠区缺血灶，大脑镰脂肪瘤\n2016年3月在蒙医中医医院查头颅CT平扫示：右侧放射冠区缺血灶，大脑镰脂肪瘤。\n','2017-11-07','2017-11-07',3,3,'已通过',NULL,NULL),(66,46,10,'1、膀胱炎','1、膀胱炎','一、膀胱炎：\n病程7年，反复发作，频繁血尿，服用抗生素可缓解，多次超声检查示膀胱三角区毛糙；2016-9-26在北京协和医院行尿FISH检查未见肿瘤细胞。\n\n','一、膀胱炎：\n病程7年，反复发作，频繁血尿，服用抗生素可缓解，多次超声检查示膀胱三角区毛糙；2016-9-26在北京协和医院行尿FISH检查未见肿瘤细胞。\n\n','2017-11-07','2017-11-07',3,3,'已通过',NULL,NULL),(67,46,9,'1、双膝骨性关节炎；\n2、腰椎退行性骨关节病、腰椎前滑脱（I度）；\n3、骨质疏松；\n4、颈椎病；\n5、右侧髂骨异常密度影：考虑骨岛。','1、双膝骨性关节炎；\n2、腰椎退行性骨关节病、腰椎前滑脱（I度）；\n3、骨质疏松；\n4、颈椎病；\n5、右侧髂骨异常密度影：考虑骨岛。','一、双膝骨性关节炎、双膝关节膝内翻\n病程30余年，未行特殊治疗。2013年4月在包头市中心医院查膝关节正侧位片示：双膝关节间隙不对称变窄硬化，诸骨可见骨唇改变，胫骨平台平坦。2013年5月在北京德尔康尼骨科医院查膝关节正侧位片示：1.两侧膝关节内翻畸形。2两侧膝关节退行性骨关节病。2015年9月在309医院查外科示：双膝关节退行性变膝内翻。\n二、腰椎退行性骨关节病、腰椎前滑脱（I度） \n2013年5月在北京德尔康尼骨科医院查腰椎X线示：1.腰椎退行性骨关节病。2.腰4前滑脱（I度）。2014年7月在包头市中心医院查PET/CT示：颈胸腰椎多发骨质疏松及骨质增生，L4椎体向前轻度滑脱，L3/4，L4/5，L5/S1间盘突出，T10/11，T11/12间盘变性。\n三、骨质疏松\n2015年9月在309医院查体示：骨质疏松。\n四、颈椎病\n2016年3月在蒙医中医医院查颈椎椎间盘CT平扫示：颈椎骨质增生，C34、C45椎间盘突出。\n五、右侧髂骨异常密度影：考虑骨岛\n2016年3月在蒙医中医医院查腹部CT平扫示：右侧髂骨异常密度影，考虑：骨岛。','一、双膝骨性关节炎、双膝关节膝内翻\n病程30余年，未行特殊治疗。2013年4月在包头市中心医院查膝关节正侧位片示：双膝关节间隙不对称变窄硬化，诸骨可见骨唇改变，胫骨平台平坦。2013年5月在北京德尔康尼骨科医院查膝关节正侧位片示：1.两侧膝关节内翻畸形。2两侧膝关节退行性骨关节病。2015年9月在309医院查外科示：双膝关节退行性变膝内翻。\n二、腰椎退行性骨关节病、腰椎前滑脱（I度） \n2013年5月在北京德尔康尼骨科医院查腰椎X线示：1.腰椎退行性骨关节病。2.腰4前滑脱（I度）。2014年7月在包头市中心医院查PET/CT示：颈胸腰椎多发骨质疏松及骨质增生，L4椎体向前轻度滑脱，L3/4，L4/5，L5/S1间盘突出，T10/11，T11/12间盘变性。\n三、骨质疏松\n2015年9月在309医院查体示：骨质疏松。\n四、颈椎病\n2016年3月在蒙医中医医院查颈椎椎间盘CT平扫示：颈椎骨质增生，C34、C45椎间盘突出。\n五、右侧髂骨异常密度影：考虑骨岛\n2016年3月在蒙医中医医院查腹部CT平扫示：右侧髂骨异常密度影，考虑：骨岛。','2017-11-07','2017-11-07',3,3,'已通过',NULL,NULL),(68,46,11,'1、子宫肌瘤；\n2、双侧乳腺增生。\n','1、子宫肌瘤；\n2、双侧乳腺增生。\n','一、子宫肌瘤：\n2014年6月在包头市蒙医中医医院查腹部超声示：子宫肌瘤。2015年9月在309医院查腹部超声示：子宫肌瘤2.3×2.9cm。\n二、双侧乳腺增生：\n2014年7月在包头市中心医院查PET/CT示：双侧乳腺增生，右侧乳腺点状钙化。\n','一、子宫肌瘤：\n2014年6月在包头市蒙医中医医院查腹部超声示：子宫肌瘤。2015年9月在309医院查腹部超声示：子宫肌瘤2.3×2.9cm。\n二、双侧乳腺增生：\n2014年7月在包头市中心医院查PET/CT示：双侧乳腺增生，右侧乳腺点状钙化。\n','2017-11-07','2017-11-07',3,3,'已通过',NULL,NULL),(69,46,16,'1、多颗牙齿缺失；','1、多颗牙齿缺失；','一、牙缺失\n2015年9月在309医院查口腔科示：多颗牙齿缺失。\n','一、牙缺失\n2015年9月在309医院查口腔科示：多颗牙齿缺失。\n','2017-11-07','2017-11-07',3,3,'已通过',NULL,NULL),(70,46,14,'1、视网膜动脉硬化I级','1、视网膜动脉硬化I级','一、视网膜动脉硬化I级\n2015年9月在309医院查眼科示：视网膜动脉硬化I级。\n\n','一、视网膜动脉硬化I级\n2015年9月在309医院查眼科示：视网膜动脉硬化I级。\n\n','2017-11-07','2017-11-07',3,3,'已通过',NULL,NULL),(71,46,13,'1、结肠Ca术后；\n2、结肠癌肝转移术后\n','1、结肠Ca术后；\n2、结肠癌肝转移术后\n','一、结肠癌术后\n患者于2014年4月因“结肠癌”在北京协和医院行“经腹腔镜右半结肠切除术”，病理诊断：结肠中分化腺癌，部分为粘液腺癌，侵透肌层达周围脂肪组织，肠周脂肪组织中可见癌结节形成。术后在内蒙当地医院行奥沙利铂+希罗达（卡培他滨）化疗方案4疗程，后因患者无法耐受停止。\n\n二、结肠癌肝转移术后\n2016年10月因“结肠癌肝转移”在北京协和医院行“右肝联合肝段切除（Ⅴ、Ⅵ段）+胆囊切除术”。术后石蜡病理回报：1、（右肝肿物及胆囊）粘液腺癌，结合病史，符合结肠癌肝转移，紧邻被膜，离断面及胆管切缘净；慢性胆囊炎；（胆管内栓子）粘液样物中见少许上皮细胞团。2、免疫组化结果：PMS-2(+)，MLH-1(-)，MSH-6(+)，MSH-2(+)。术后恢复良好，未进行化疗，给予胸腺法新（日达仙）注射及中医调理的等辅助治疗，定期复查肿瘤标志物、肝功及腹部影像学。\n近几个月发现肿瘤标志物CEA、CA19-9似有升高趋势，于2017-9-18在301医院行“肝胆脾MRI平扫+动态增强”检查示:“肝脏病变术后改变，与2017-4-26片对比，切缘处异常信号影较前增大（2.4×2.8×2.9cm），考虑为术后改变可能；病变前方少血供结节（2.7cm），不除外肿瘤复发；建议结合临床其他相关检查”。于2017-9-21在海军总医院行PET-CT检查示：“肝右叶术后改变，术区切缘低密度结节影（直径约1.7cm），葡萄糖代谢异常增高，考虑转移瘤表现，不除外临近肠管受侵；病变后方低密度影，葡萄糖代谢无增高，考虑术后改变”。\n\n','一、结肠癌术后\n患者于2014年4月因“结肠癌”在北京协和医院行“经腹腔镜右半结肠切除术”，病理诊断：结肠中分化腺癌，部分为粘液腺癌，侵透肌层达周围脂肪组织，肠周脂肪组织中可见癌结节形成。术后在内蒙当地医院行奥沙利铂+希罗达（卡培他滨）化疗方案4疗程，后因患者无法耐受停止。\n\n二、结肠癌肝转移术后\n2016年10月因“结肠癌肝转移”在北京协和医院行“右肝联合肝段切除（Ⅴ、Ⅵ段）+胆囊切除术”。术后石蜡病理回报：1、（右肝肿物及胆囊）粘液腺癌，结合病史，符合结肠癌肝转移，紧邻被膜，离断面及胆管切缘净；慢性胆囊炎；（胆管内栓子）粘液样物中见少许上皮细胞团。2、免疫组化结果：PMS-2(+)，MLH-1(-)，MSH-6(+)，MSH-2(+)。术后恢复良好，未进行化疗，给予胸腺法新（日达仙）注射及中医调理的等辅助治疗，定期复查肿瘤标志物、肝功及腹部影像学。\n近几个月发现肿瘤标志物CEA、CA19-9似有升高趋势，于2017-9-18在301医院行“肝胆脾MRI平扫+动态增强”检查示:“肝脏病变术后改变，与2017-4-26片对比，切缘处异常信号影较前增大（2.4×2.8×2.9cm），考虑为术后改变可能；病变前方少血供结节（2.7cm），不除外肿瘤复发；建议结合临床其他相关检查”。于2017-9-21在海军总医院行PET-CT检查示：“肝右叶术后改变，术区切缘低密度结节影（直径约1.7cm），葡萄糖代谢异常增高，考虑转移瘤表现，不除外临近肠管受侵；病变后方低密度影，葡萄糖代谢无增高，考虑术后改变”。\n\n','2017-11-07','2017-11-07',3,3,'已通过',NULL,NULL),(73,46,15,'1、双扁桃体肿大Ⅲ度。','1、双扁桃体肿大Ⅲ度。','一、咽扁桃体肿大\n2015年9月在309医院查耳鼻喉科示：双扁桃体肿大Ⅲ度。\n\n','一、咽扁桃体肿大\n2015年9月在309医院查耳鼻喉科示：双扁桃体肿大Ⅲ度。\n\n','2017-11-07','2017-11-07',3,3,'已通过',NULL,NULL),(74,46,1,'1、	主要生命体征\n2、	个人史家族史\n3、	目前主要用药\n','1、	主要生命体征\n2、	个人史家族史\n3、	目前主要用药\n','一、主要生命体征\n身高155cm，体重60kg，体重指数；\n血压120/70mmHg，心率64bpm，呼吸次/分，体温℃；\n腰围91cm，臀围98cm，腰臀比。\n二、个人史家族史\n1、个人史：去痛片过敏史（？）。2014年因“结肠癌”行右半结肠切除术；2016年因“结肠癌肝转移”行右肝联合肝段切除（Ⅴ、Ⅵ段）+胆囊切除术。\n2、家族史：母亲患宫颈癌，姐姐患直肠癌。\n三、目前主要用药\n\n\n','一、主要生命体征\n身高155cm，体重60kg，体重指数；\n血压120/70mmHg，心率64bpm，呼吸次/分，体温℃；\n腰围91cm，臀围98cm，腰臀比。\n二、个人史家族史\n1、个人史：去痛片过敏史（？）。2014年因“结肠癌”行右半结肠切除术；2016年因“结肠癌肝转移”行右肝联合肝段切除（Ⅴ、Ⅵ段）+胆囊切除术。\n2、家族史：母亲患宫颈癌，姐姐患直肠癌。\n三、目前主要用药\n\n\n','2017-11-07','2017-11-07',3,3,'已通过',NULL,NULL),(75,61,1,'123','123','123','123','2018-01-06','2018-01-06',65,3,'已通过',NULL,'<未说明原因>'),(76,61,2,'123','123','123','123','2018-01-06','2018-01-06',65,3,'已通过',NULL,NULL),(77,82,14,'','干眼症','','','2018-02-05','2018-02-05',55,NULL,'录入中',NULL,NULL);
/*!40000 ALTER TABLE `result_health` ENABLE KEYS */;
UNLOCK TABLES;

--
-- Table structure for table `result_input`
--

DROP TABLE IF EXISTS `result_input`;
/*!40101 SET @saved_cs_client     = @@character_set_client */;
/*!40101 SET character_set_client = utf8 */;
CREATE TABLE `result_input` (
  `id` int(11) NOT NULL AUTO_INCREMENT,
  `user_id` int(11) DEFAULT NULL,
  `second_id` int(11) DEFAULT NULL,
  `hospital` varchar(255) DEFAULT NULL,
  `upload_time` date DEFAULT NULL,
  `time` date DEFAULT NULL,
  `inputer_id` int(11) DEFAULT NULL,
  `checker_id` int(11) DEFAULT NULL,
  `status` varchar(255) DEFAULT NULL,
  `note` varchar(255) DEFAULT NULL,
  `reason` varchar(255) DEFAULT NULL,
  PRIMARY KEY (`id`)
) ENGINE=InnoDB AUTO_INCREMENT=613 DEFAULT CHARSET=utf8;
/*!40101 SET character_set_client = @saved_cs_client */;

--
-- Dumping data for table `result_input`
--

LOCK TABLES `result_input` WRITE;
/*!40000 ALTER TABLE `result_input` DISABLE KEYS */;
INSERT INTO `result_input` VALUES (156,46,46,'包头市蒙医中医医院','2017-11-02','2017-10-16',3,3,'已通过',NULL,NULL),(157,46,60,'包头市蒙医中医医院','2017-11-02','2017-10-16',3,3,'已通过',NULL,NULL),(158,46,1,'包头市蒙医中医医院','2017-11-02','2017-10-16',3,3,'已通过',NULL,NULL),(159,46,56,'包头市蒙医中医医院','2017-11-02','2017-10-16',3,3,'已通过',NULL,NULL),(160,46,60,'包头市中心医院','2017-11-07','2016-05-06',3,3,'已通过',NULL,NULL),(161,46,60,'309医院','2017-11-07','2015-09-10',3,3,'已通过',NULL,NULL),(162,46,38,'蒙医中医医院','2017-11-07','2016-03-09',3,3,'已通过',NULL,NULL),(163,46,39,'309医院','2017-11-07','2015-09-10',3,3,'已通过',NULL,NULL),(164,46,39,'蒙医中医院','2017-11-07','2016-03-11',3,3,'已通过',NULL,NULL),(165,46,39,'包头市中心医院','2017-11-07','2016-09-15',3,3,'已通过',NULL,NULL),(166,46,66,'蒙医中医医院','2017-11-07','2016-03-11',3,3,'已通过',NULL,NULL),(167,46,66,'包头市中心医院','2017-11-07','2016-09-15',3,3,'已通过',NULL,'<未说明原因>'),(168,46,66,'包头市中心医院','2017-11-07','2016-09-16',3,3,'已通过',NULL,'<未说明原因>'),(169,46,66,'北京协和医院','2017-11-07','2016-11-19',3,3,'已通过',NULL,NULL),(170,46,67,'蒙医中医医院','2017-11-07','2016-03-09',3,3,'已通过',NULL,NULL),(172,46,67,'蒙医中医医院','2017-11-07','2016-03-11',3,3,'已通过',NULL,NULL),(175,46,74,'北京协和医院','2017-11-07','2014-04-18',9,3,'已通过',NULL,'<未说明原因>'),(176,46,74,'北京协和医院','2017-11-07','2014-04-30',9,4,'已通过',NULL,NULL),(177,46,74,'301医院','2017-11-07','2014-11-20',9,4,'已通过',NULL,NULL),(178,46,74,'北京协和医院','2017-11-07','2016-09-20',9,4,'已通过',NULL,NULL),(179,46,74,'301医院','2017-11-07','2016-10-11',9,4,'已通过',NULL,NULL),(180,46,74,'北京协和医院','2017-11-07','2016-09-22',9,4,'已通过',NULL,NULL),(181,46,74,'北京协和医院','2017-11-07','2016-10-26',9,4,'已通过',NULL,NULL),(182,46,74,'301医院','2017-11-07','2016-11-04',9,4,'已通过',NULL,NULL),(184,46,72,'包头市中心医院','2017-11-07','2014-07-30',3,3,'已通过',NULL,NULL),(185,46,90,'中南大学湘雅医学检验所','2017-11-07','2016-11-14',3,3,'已通过',NULL,NULL),(186,46,82,'北京协和医院','2017-11-07','2014-04-17',3,3,'已通过',NULL,NULL),(187,46,41,'北京协和医院','2017-11-07','2017-02-08',3,3,'已通过',NULL,NULL),(188,46,69,'北大人民医院','2017-11-07','2010-06-18',3,3,'已通过',NULL,NULL),(189,46,35,'北大人民医院','2017-11-07','2010-06-25',3,3,'已通过',NULL,NULL),(190,46,33,'北京协和医院','2017-11-07','2014-04-21',3,3,'已通过',NULL,NULL),(191,46,42,'北大人民医院','2017-11-07','2010-06-25',3,3,'已通过',NULL,NULL),(195,46,74,'301医院','2017-11-07','2016-11-07',3,3,'已通过',NULL,NULL),(200,46,90,'北京协和医院','2017-11-07','2016-10-27',3,3,'已通过',NULL,NULL),(202,46,90,'中南大学湘雅医学检验所','2017-11-07','2016-11-14',3,3,'已通过',NULL,NULL),(204,46,80,'301医院','2017-11-16','2017-11-16',3,NULL,'录入中',NULL,NULL),(205,63,3,'301医院','2017-12-24','2014-12-25',65,51,'已通过',NULL,NULL),(206,63,2,'301医院','2017-12-24','2014-12-25',65,51,'已通过',NULL,NULL),(207,63,48,'301医院','2017-12-24','2014-12-25',65,51,'已通过',NULL,NULL),(208,63,64,'301医院','2017-12-24','2014-12-25',65,NULL,'待审核',NULL,NULL),(209,63,37,'301医院','2017-12-24','2014-12-25',65,NULL,'待审核',NULL,NULL),(211,63,39,'301医院','2017-12-24','2014-12-25',65,NULL,'待审核',NULL,NULL),(212,60,64,'301医院','2017-12-28','2014-12-23',66,NULL,'待审核',NULL,NULL),(213,60,68,'301医院','2017-12-28','2014-12-23',66,NULL,'待审核',NULL,NULL),(214,60,37,'301医院','2017-12-28','2014-12-23',66,NULL,'待审核',NULL,NULL),(215,60,33,'301医院','2017-12-28','2014-12-23',66,51,'已通过',NULL,NULL),(216,60,42,'301医院','2017-12-28','2014-12-23',66,51,'已通过',NULL,NULL),(218,60,99,'301医院','2017-12-28','2014-12-23',66,51,'已通过',NULL,NULL),(219,63,40,'301医院','2017-12-28','2014-12-24',65,NULL,'待审核',NULL,NULL),(221,60,91,'301医院','2017-12-28','2014-12-23',66,NULL,'待审核',NULL,NULL),(222,60,81,'301医院','2017-12-28','2014-12-23',66,NULL,'待审核',NULL,NULL),(223,63,33,'301医院','2017-12-28','2014-12-24',65,NULL,'待审核',NULL,NULL),(224,63,42,'301医院','2017-12-28','2014-12-24',65,NULL,'待审核',NULL,NULL),(225,63,81,'301医院','2017-12-28','2014-12-24',65,NULL,'待审核',NULL,NULL),(227,63,35,'内蒙古医学院附属医院','2017-12-28','2012-10-21',65,NULL,'待审核',NULL,NULL),(228,63,64,'内蒙古医学院附属医院','2017-12-28','2012-10-21',65,NULL,'待审核',NULL,NULL),(229,63,64,'内蒙古医学院附属医院','2017-12-28','2011-10-30',65,NULL,'待审核',NULL,NULL),(230,63,35,'内蒙古医学院附属医院','2017-12-28','2011-10-30',65,NULL,'待审核',NULL,NULL),(231,63,33,'乌兰察布市中心医院','2017-12-28','2015-10-27',65,NULL,'待审核',NULL,NULL),(232,62,91,'301医院','2018-01-03','2014-09-28',66,NULL,'待审核',NULL,NULL),(233,62,81,'301医院','2018-01-03','2016-09-28',66,NULL,'待审核',NULL,NULL),(234,62,42,'301医院','2018-01-03','2014-09-28',66,NULL,'待审核',NULL,NULL),(237,62,39,'301医院','2018-01-03','2014-09-28',66,NULL,'待审核',NULL,NULL),(240,63,42,'301医院','2018-01-03','2017-12-18',65,3,'已通过',NULL,NULL),(241,63,39,'301医院','2018-01-03','2017-12-18',65,3,'已通过',NULL,NULL),(242,62,64,'301医院','2018-01-03','2014-09-28',66,NULL,'待审核',NULL,NULL),(245,62,40,'301医院','2018-01-03','2014-09-28',66,NULL,'待审核',NULL,NULL),(246,63,65,'301医院','2018-01-03','2017-12-18',65,3,'待审核',NULL,'<未说明原因>'),(247,62,33,'301医院','2018-01-03','2014-09-28',66,NULL,'待审核',NULL,NULL),(248,62,70,'301医院','2018-01-03','2014-09-28',66,NULL,'待审核',NULL,NULL),(249,63,64,'301医院','2018-01-03','2017-12-18',65,NULL,'待审核',NULL,NULL),(250,63,33,'301医院','2018-01-03','2017-12-18',65,NULL,'待审核',NULL,NULL),(252,63,81,'301医院','2018-01-03','2017-12-18',65,NULL,'待审核',NULL,NULL),(253,63,82,'301医院','2018-01-03','2017-12-18',65,NULL,'待审核',NULL,NULL),(254,62,46,'301医院','2018-01-03','2014-09-28',66,51,'已通过',NULL,NULL),(255,63,60,'301医院','2018-01-03','2014-12-25',65,51,'已通过',NULL,NULL),(256,62,46,'301医院','2018-01-03','2014-09-28',66,51,'已通过',NULL,NULL),(258,63,1,'301医院','2018-01-03','2014-12-25',65,51,'已通过',NULL,NULL),(259,63,46,'301医院','2018-01-03','2014-12-25',65,51,'已通过',NULL,NULL),(260,62,48,'301医院','2018-01-03','2014-09-28',66,51,'已通过',NULL,NULL),(261,62,50,'301医院','2018-01-03','2014-09-28',66,51,'已通过',NULL,NULL),(262,62,1,'301医院','2018-01-03','2014-09-28',66,51,'已通过',NULL,NULL),(263,62,59,'301医院','2018-01-03','2014-09-28',66,51,'已通过',NULL,NULL),(264,62,61,'301医院','2018-01-03','2014-09-28',66,51,'已通过',NULL,NULL),(265,62,54,'301医院','2018-01-03','2014-09-28',66,51,'已通过',NULL,NULL),(266,62,55,'301医院','2018-01-03','2014-09-28',66,51,'已通过',NULL,NULL),(268,62,3,'301医院','2018-01-03','2014-09-28',66,51,'已通过',NULL,NULL),(269,62,2,'301医院','2018-01-03','2014-09-28',66,51,'已通过',NULL,NULL),(270,62,60,'301医院','2018-01-03','2014-09-28',66,51,'已通过',NULL,NULL),(271,62,96,'301医院','2018-01-03','2014-09-28',66,51,'已通过',NULL,NULL),(272,62,53,'301医院','2018-01-03','2014-09-28',66,51,'已通过',NULL,NULL),(273,69,64,'中日友好医院','2018-01-03','2016-09-26',66,NULL,'录入中',NULL,NULL),(274,69,46,'301医院','2018-01-03','2018-01-03',65,NULL,'录入中',NULL,NULL),(275,69,46,'301医院','2018-01-03','2018-01-03',65,NULL,'录入中',NULL,NULL),(276,67,56,'301医院','2018-01-03','2018-01-03',3,NULL,'录入中',NULL,NULL),(277,78,91,'301医院','2018-01-04','2015-11-11',55,NULL,'待审核',NULL,NULL),(278,78,81,'301医院','2018-01-04','2015-11-11',55,NULL,'待审核',NULL,NULL),(279,78,99,'301医院','2018-01-04','2015-11-11',55,NULL,'待审核',NULL,NULL),(280,78,42,'301医院','2018-01-04','2015-11-11',55,NULL,'待审核',NULL,NULL),(282,60,2,'301医院','2018-01-04','2014-12-23',66,51,'已通过',NULL,NULL),(283,60,48,'301医院','2018-01-04','2014-12-23',66,51,'已通过',NULL,NULL),(284,78,37,'301医院','2018-01-04','2015-11-11',55,NULL,'待审核',NULL,NULL),(285,78,75,'301医院','2018-01-04','2015-11-11',55,NULL,'待审核',NULL,NULL),(286,78,37,'301医院','2018-01-04','2015-11-11',55,NULL,'待审核',NULL,NULL),(287,78,38,'301医院','2018-01-04','2015-11-11',55,NULL,'待审核',NULL,NULL),(288,78,39,'301医院','2018-01-04','2015-11-11',55,NULL,'待审核',NULL,NULL),(289,78,64,'301医院','2018-01-04','2015-11-11',55,NULL,'待审核',NULL,NULL),(290,60,60,'301医院','2018-01-04','2014-12-23',66,51,'已通过',NULL,NULL),(291,60,61,'301医院','2018-01-04','2014-12-23',66,51,'已通过',NULL,NULL),(292,60,1,'301医院','2018-01-04','2014-12-23',66,51,'已通过',NULL,NULL),(293,78,33,'301医院','2018-01-04','2015-11-11',55,NULL,'待审核',NULL,NULL),(294,78,79,'301医院','2018-01-04','2015-11-11',55,NULL,'待审核',NULL,NULL),(295,78,56,'301医院','2018-01-04','2015-11-11',55,NULL,'录入中',NULL,NULL),(296,78,3,'301医院','2018-01-04','2015-11-11',55,51,'已通过',NULL,NULL),(297,78,2,'301医院','2018-01-04','2015-11-11',55,51,'已通过',NULL,NULL),(298,78,48,'301医院','2018-01-04','2015-11-11',55,51,'已通过',NULL,NULL),(299,78,60,'301医院','2018-01-04','2015-11-11',55,51,'已通过',NULL,NULL),(300,78,61,'301医院','2018-01-04','2015-11-11',55,51,'已通过',NULL,NULL),(301,78,1,'301医院','2018-01-04','2015-11-11',55,51,'已通过',NULL,NULL),(302,78,46,'301医院','2018-01-04','2015-11-11',55,51,'已通过',NULL,NULL),(305,60,46,'301医院','2018-01-04','2014-12-23',66,51,'已通过',NULL,NULL),(306,60,54,'301医院','2018-01-04','2014-12-23',66,51,'已通过',NULL,NULL),(308,60,59,'301医院','2018-01-04','2014-12-23',66,51,'已通过',NULL,NULL),(309,60,55,'301医院','2018-01-04','2014-12-23',66,51,'已通过',NULL,NULL),(310,77,64,'中日友好医院','2018-01-04','2016-09-26',66,NULL,'待审核',NULL,NULL),(311,77,64,'包头聚益康健康管理中心','2018-01-04','2013-11-06',66,NULL,'待审核',NULL,NULL),(312,77,35,'包头聚益康健康管理中心','2018-01-04','2013-11-06',66,NULL,'待审核',NULL,NULL),(313,77,76,'包头聚益康健康管理中心','2018-01-04','2013-11-06',66,NULL,'待审核',NULL,NULL),(314,77,1,'包头聚益康健康管理中心','2018-01-04','2013-11-06',66,51,'已通过',NULL,NULL),(315,77,2,'包头聚益康健康管理中心','2018-01-04','2013-11-06',66,51,'已通过',NULL,NULL),(316,77,46,'包头聚益康健康管理中心','2018-01-04','2013-11-06',66,51,'已通过',NULL,NULL),(317,77,61,'包头聚益康健康管理中心','2018-01-04','2013-11-06',66,51,'已通过',NULL,NULL),(319,63,59,'301医院','2018-01-05','2014-12-25',65,51,'已通过',NULL,NULL),(321,63,61,'301医院','2018-01-05','2014-12-25',65,51,'已通过',NULL,NULL),(322,63,54,'301医院','2018-01-05','2014-12-25',65,51,'已通过',NULL,NULL),(323,63,55,'301医院','2018-01-05','2014-12-25',65,51,'已通过',NULL,NULL),(327,63,1,'301医院','2018-01-05','2017-12-27',65,51,'已通过',NULL,NULL),(328,63,2,'301医院','2018-01-05','2017-12-27',65,51,'已通过',NULL,NULL),(329,63,3,'301医院','2018-01-05','2017-12-27',65,51,'已通过',NULL,NULL),(330,63,48,'301医院','2018-01-05','2017-12-27',65,51,'已通过',NULL,NULL),(331,63,61,'301医院','2018-01-05','2017-12-27',65,51,'已通过',NULL,NULL),(332,63,60,'301医院','2018-01-05','2017-12-27',65,51,'已通过',NULL,NULL),(333,63,46,'301医院','2018-01-05','2017-12-27',65,51,'已通过',NULL,NULL),(334,63,59,'301医院','2018-01-05','2017-12-27',65,51,'已通过',NULL,NULL),(335,63,55,'301医院','2018-01-05','2017-12-27',65,51,'已通过',NULL,NULL),(336,63,54,'301医院','2018-01-05','2017-12-27',65,51,'已通过',NULL,NULL),(337,63,60,'乌兰察布市中心医院','2018-01-06','2015-10-20',65,51,'已通过',NULL,NULL),(339,63,1,'乌兰察布市中心医院','2018-01-06','2015-10-20',65,51,'已通过',NULL,NULL),(341,63,54,'乌兰察布市中心医院','2018-01-06','2015-10-20',65,51,'已通过',NULL,NULL),(342,63,96,'乌兰察布市中心医院','2018-01-06','2015-10-20',65,51,'已通过',NULL,NULL),(343,63,46,'乌兰察布市中心医院','2018-01-06','2015-10-20',65,51,'已通过',NULL,NULL),(344,63,64,'乌兰察布市中心医院','2018-01-06','2015-10-20',65,NULL,'待审核',NULL,NULL),(345,63,33,'乌兰察布市中心医院','2018-01-06','2015-10-20',65,NULL,'待审核',NULL,NULL),(346,63,42,'乌兰察布市中心医院','2018-01-06','2015-10-20',65,NULL,'待审核',NULL,NULL),(348,63,1,'内蒙古医学院附属医院','2018-01-06','2012-10-17',65,51,'已通过',NULL,NULL),(349,63,2,'内蒙古医学院附属医院','2018-01-06','2012-10-17',65,51,'已通过',NULL,NULL),(350,63,3,'内蒙古医学院附属医院','2018-01-06','2012-10-17',65,51,'已通过',NULL,NULL),(351,63,46,'内蒙古医学院附属医院','2018-01-06','2012-10-17',65,51,'已通过',NULL,NULL),(352,63,54,'内蒙古医学院附属医院','2018-01-06','2012-10-17',65,51,'已通过',NULL,NULL),(353,63,60,'内蒙古医学院附属医院','2018-01-06','2012-10-17',65,51,'已通过',NULL,NULL),(354,63,56,'内蒙古医学院附属医院','2018-01-06','2017-10-17',65,51,'已通过',NULL,NULL),(355,46,46,'301医院','2018-01-07','2018-01-07',3,NULL,'录入中',NULL,NULL),(356,46,56,'301医院','2018-01-07','2018-01-07',65,NULL,'录入中',NULL,NULL),(357,46,80,'301医院','2018-01-07','2018-01-07',3,NULL,'录入中',NULL,NULL),(358,77,74,'309医院','2018-01-08','2015-09-10',66,NULL,'待审核',NULL,NULL),(359,77,33,'309医院','2018-01-08','2015-09-10',66,NULL,'待审核',NULL,NULL),(360,77,39,'309医院','2018-01-08','2015-09-10',66,NULL,'待审核',NULL,NULL),(361,77,99,'309医院','2018-01-08','2015-09-10',66,NULL,'待审核',NULL,NULL),(362,77,1,'309医院','2018-01-08','2015-09-10',66,51,'已通过',NULL,NULL),(363,77,46,'309医院','2018-01-08','2015-09-10',66,51,'已通过',NULL,NULL),(364,77,61,'309医院','2018-01-08','2015-09-10',66,51,'已通过',NULL,NULL),(365,77,48,'309医院','2018-01-08','2015-09-10',66,51,'已通过',NULL,NULL),(366,77,54,'309医院','2018-01-08','2015-09-10',66,51,'已通过',NULL,NULL),(367,77,60,'309医院','2018-01-08','2015-09-10',66,51,'已通过',NULL,NULL),(368,77,2,'309医院','2018-01-08','2015-09-10',66,51,'已通过',NULL,NULL),(369,75,61,'北京和睦家医院','2018-01-08','2015-08-01',66,51,'已通过',NULL,NULL),(370,75,1,'北京和睦家医院','2018-01-08','2015-08-01',66,51,'已通过',NULL,NULL),(371,75,2,'北京和睦家医院','2018-01-08','2015-08-01',66,51,'已通过',NULL,NULL),(372,75,60,'北京和睦家医院','2018-01-08','2015-08-01',66,51,'已通过',NULL,NULL),(373,75,46,'北京和睦家医院','2018-01-08','2015-08-01',66,51,'已通过',NULL,NULL),(374,75,60,'北京和睦家医院','2018-01-08','2015-08-12',66,51,'已通过',NULL,NULL),(375,78,33,'安贞医院','2018-01-10','2012-10-23',55,NULL,'待审核',NULL,NULL),(376,78,33,'安贞医院','2018-01-10','2012-10-23',55,NULL,'待审核',NULL,NULL),(377,78,33,'安贞医院','2018-01-10','2012-10-23',55,NULL,'待审核',NULL,NULL),(378,78,1,'安贞医院','2018-01-10','2012-10-23',55,51,'已通过',NULL,NULL),(379,78,2,'安贞医院','2018-01-10','2012-10-23',55,51,'已通过',NULL,NULL),(380,75,46,'健康化验中心','2018-01-10','2014-10-23',66,NULL,'录入中',NULL,NULL),(381,78,61,'安贞医院','2018-01-10','2012-10-23',55,51,'已通过',NULL,NULL),(382,78,46,'安贞医院','2018-01-10','2012-10-23',55,51,'已通过',NULL,NULL),(383,78,48,'安贞医院','2018-01-10','2012-10-23',55,51,'已通过',NULL,NULL),(384,75,1,'健康化验中心','2018-01-10','2014-10-23',66,NULL,'录入中',NULL,NULL),(385,78,60,'安贞医院','2018-01-10','2012-10-23',55,51,'已通过',NULL,NULL),(386,78,59,'安贞医院','2018-01-10','2012-10-23',55,51,'已通过',NULL,NULL),(388,78,46,'安贞医院','2018-01-10','2012-10-23',55,51,'已通过',NULL,NULL),(389,75,61,'健康化验中心','2018-01-10','2014-10-23',66,51,'已通过',NULL,NULL),(390,75,2,'健康化验中心','2018-01-10','2014-10-23',66,NULL,'录入中',NULL,NULL),(391,63,46,'内蒙古医学院附属医院','2018-01-10','2008-10-25',65,51,'已通过',NULL,NULL),(392,63,2,'内蒙古医学院附属医院','2018-01-10','2008-10-25',65,51,'已通过',NULL,NULL),(393,63,1,'内蒙古医学院附属医院','2018-01-10','2008-10-25',65,51,'已通过',NULL,NULL),(394,63,3,'内蒙古医学院附属医院','2018-01-10','2008-10-25',65,51,'已通过',NULL,NULL),(396,63,48,'内蒙古医学院附属医院','2018-01-10','2008-10-25',65,51,'已通过',NULL,NULL),(397,63,61,'内蒙古医学院附属医院','2018-01-10','2008-10-25',65,51,'已通过',NULL,NULL),(398,78,3,'安贞医院','2018-01-10','2012-10-25',55,51,'已通过',NULL,NULL),(399,78,46,'安贞医院','2018-01-10','2012-10-25',55,51,'已通过',NULL,NULL),(400,78,61,'安贞医院','2018-01-10','2012-10-24',55,51,'已通过',NULL,NULL),(402,78,1,'安贞医院','2018-01-10','2012-10-25',55,51,'已通过',NULL,NULL),(403,78,59,'安贞医院','2018-01-10','2012-10-24',55,51,'已通过',NULL,NULL),(404,78,46,'安贞医院','2018-01-10','2012-10-29',55,NULL,'录入中',NULL,NULL),(405,78,48,'安贞医院','2018-01-10','2012-10-24',55,51,'已通过',NULL,NULL),(406,78,1,'安贞医院','2018-01-10','2012-10-24',55,51,'已通过',NULL,NULL),(407,78,2,'安贞医院','2018-01-10','2012-10-25',55,51,'已通过',NULL,NULL),(408,78,46,'安贞医院','2018-01-10','2012-10-24',55,51,'已通过',NULL,NULL),(409,63,46,'内蒙古医学院附属医院','2018-01-10','2005-10-15',65,51,'已通过',NULL,NULL),(410,63,48,'内蒙古医学院附属医院','2018-01-10','2005-10-15',65,51,'已通过',NULL,NULL),(411,63,1,'内蒙古医学院附属医院','2018-01-10','2005-10-15',65,51,'已通过',NULL,NULL),(412,63,2,'内蒙古医学院附属医院','2018-01-10','2005-10-15',65,51,'已通过',NULL,NULL),(413,63,3,'内蒙古医学院附属医院','2018-01-10','2005-10-15',65,51,'已通过',NULL,NULL),(414,63,61,'内蒙古医学院附属医院','2018-01-10','2005-10-15',65,51,'已通过',NULL,NULL),(415,78,1,'安贞医院','2018-01-10','2012-10-29',55,51,'已通过',NULL,NULL),(422,78,46,'安贞医院','2018-01-10','2012-10-24',55,51,'已通过',NULL,NULL),(423,78,1,'巴彦淖尔健康体检中心','2018-01-10','2014-09-12',55,51,'已通过',NULL,NULL),(424,78,2,'巴彦淖尔健康体检中心','2018-01-10','2014-09-12',55,51,'已通过',NULL,NULL),(425,78,54,'巴彦淖尔健康体检中心','2018-01-10','2014-09-12',55,51,'已通过',NULL,NULL),(427,78,46,'巴彦淖尔健康体检中心','2018-01-10','2014-09-12',55,51,'已通过',NULL,NULL),(428,63,46,'内蒙古医院附属医院','2018-01-10','2010-09-26',65,51,'已通过',NULL,NULL),(430,63,1,'内蒙古医院附属医院','2018-01-10','2010-09-26',65,51,'已通过',NULL,NULL),(431,63,2,'内蒙古医院附属医院','2018-01-10','2010-09-26',65,51,'已通过',NULL,NULL),(432,63,3,'内蒙古医院附属医院','2018-01-10','2010-09-26',65,51,'已通过',NULL,NULL),(433,63,60,'内蒙古医院附属医院','2018-01-10','2010-09-26',65,51,'已通过',NULL,NULL),(434,75,60,'健康化验中心有限公司','2018-01-10','2014-10-23',66,NULL,'录入中',NULL,NULL),(435,63,46,'内蒙古医院附属医院','2018-01-10','2011-10-30',65,51,'已通过',NULL,NULL),(436,63,1,'内蒙古医院附属医院','2018-01-10','2011-10-30',65,51,'已通过',NULL,NULL),(437,63,2,'内蒙古医院附属医院','2018-01-10','2011-10-30',65,51,'已通过',NULL,NULL),(438,63,3,'内蒙古医院附属医院','2018-01-10','2011-10-30',65,51,'已通过',NULL,NULL),(439,63,60,'内蒙古医院附属医院','2018-01-10','2011-10-30',65,51,'已通过',NULL,NULL),(442,78,33,'巴彦淖尔市健康体检中心','2018-01-10','2014-09-12',55,NULL,'待审核',NULL,NULL),(443,61,46,'309医院','2018-01-10','2011-03-14',55,51,'已通过',NULL,NULL),(444,61,48,'309医院','2018-01-10','2011-03-14',55,51,'已通过',NULL,NULL),(445,61,1,'309医院','2018-01-10','2011-03-14',55,51,'已通过',NULL,NULL),(446,61,61,'309医院','2018-01-10','2011-03-14',55,51,'已通过',NULL,NULL),(447,61,60,'309医院','2018-01-10','2011-03-14',55,51,'已通过',NULL,NULL),(448,61,2,'309医院','2018-01-10','2011-03-14',55,51,'已通过',NULL,NULL),(449,61,33,'309医院','2018-01-10','2011-03-14',55,NULL,'待审核',NULL,NULL),(450,61,74,'309医院','2018-01-10','2011-03-14',55,NULL,'待审核',NULL,NULL),(451,61,99,'309医院','2018-01-10','2011-03-14',55,NULL,'待审核',NULL,NULL),(452,61,46,'309医院','2018-01-10','2014-08-14',55,51,'已通过',NULL,NULL),(453,61,1,'309医院','2018-01-10','2014-08-14',55,51,'已通过',NULL,NULL),(454,61,61,'309医院','2018-01-10','2014-08-14',55,51,'已通过',NULL,NULL),(455,61,60,'309医院','2018-01-10','2014-08-14',55,51,'已通过',NULL,NULL),(456,61,2,'309医院','2018-01-10','2014-08-14',55,51,'已通过',NULL,NULL),(457,61,48,'309医院','2018-01-10','2014-08-14',55,51,'已通过',NULL,NULL),(458,61,42,'309医院','2018-01-10','2014-08-14',55,NULL,'待审核',NULL,NULL),(459,61,33,'309医院','2018-01-10','2014-08-14',55,NULL,'待审核',NULL,NULL),(460,61,65,'309医院','2018-01-10','2014-08-14',55,NULL,'待审核',NULL,NULL),(461,61,39,'309医院','2018-01-10','2014-08-14',55,NULL,'待审核',NULL,NULL),(462,61,74,'309医院','2018-01-10','2014-08-14',55,NULL,'待审核',NULL,NULL),(463,61,99,'309医院','2018-01-10','2014-08-14',55,NULL,'待审核',NULL,NULL),(464,61,46,'包头市第四医院健康体检','2018-01-10','2009-02-16',55,51,'已通过',NULL,NULL),(465,61,1,'包头市第四医院健康体检','2018-01-10','2009-02-16',55,51,'已通过',NULL,NULL),(466,61,2,'包头市第四医院健康体检','2018-01-10','2009-02-16',55,51,'已通过',NULL,NULL),(467,61,61,'包头市第四医院健康体检','2018-01-10','2009-02-16',55,51,'已通过',NULL,NULL),(468,61,33,'包头市第四医院健康体检','2018-01-10','2009-02-16',55,NULL,'待审核',NULL,NULL),(469,61,42,'包头市第四医院健康体检','2018-01-10','2009-02-16',55,NULL,'待审核',NULL,NULL),(470,61,46,'协和医院','2018-01-10','2012-08-01',55,51,'已通过',NULL,NULL),(471,61,54,'协和医院','2018-01-10','2012-08-01',55,51,'已通过',NULL,NULL),(472,61,48,'协和医院','2018-01-10','2012-08-01',55,51,'已通过',NULL,NULL),(473,61,2,'协和医院','2018-01-10','2012-08-01',55,51,'已通过',NULL,NULL),(474,61,1,'协和医院','2018-01-10','2012-08-01',55,51,'已通过',NULL,NULL),(475,61,60,'协和医院','2018-01-10','2012-08-01',55,51,'已通过',NULL,NULL),(476,80,3,'301医院','2018-01-10','2015-07-11',55,51,'已通过',NULL,NULL),(477,80,2,'301医院','2018-01-10','2015-07-11',55,51,'已通过',NULL,NULL),(478,80,1,'301医院','2018-01-10','2015-07-11',55,51,'已通过',NULL,NULL),(479,80,48,'301医院','2018-01-10','2015-07-11',55,51,'已通过',NULL,NULL),(480,80,46,'301医院','2018-01-10','2015-07-11',55,51,'已通过',NULL,NULL),(481,80,60,'301医院','2018-01-10','2015-07-11',55,51,'已通过',NULL,NULL),(482,80,61,'301医院','2018-01-10','2015-07-11',55,51,'已通过',NULL,NULL),(483,80,59,'301医院','2018-01-10','2015-07-11',55,51,'已通过',NULL,NULL),(484,80,59,'301医院','2018-01-10','2015-07-11',55,NULL,'录入中',NULL,NULL),(485,80,54,'301医院','2018-01-10','2015-07-11',55,51,'已通过',NULL,NULL),(486,80,53,'301医院','2018-01-10','2015-07-11',55,51,'已通过',NULL,NULL),(487,80,57,'301医院','2018-01-10','2015-07-11',55,51,'已通过',NULL,NULL),(488,80,99,'301医院','2018-01-10','2015-07-11',55,51,'已通过',NULL,NULL),(489,80,42,'301医院','2018-01-10','2015-07-11',55,51,'已通过',NULL,NULL),(490,80,76,'301医院','2018-01-10','2015-07-11',55,51,'未通过',NULL,'没有内容'),(491,80,65,'301医院','2018-01-10','2015-07-11',55,51,'已通过',NULL,NULL),(492,80,39,'301医院','2018-01-10','2015-07-11',55,51,'已通过',NULL,NULL),(493,80,39,'301医院','2018-01-10','2015-07-11',55,NULL,'录入中',NULL,NULL),(494,80,72,'301医院','2018-01-10','2015-07-11',55,51,'已通过',NULL,NULL),(495,80,33,'301医院','2018-01-11','2018-01-11',55,51,'待审核',NULL,'将超声心动图和其它超声分开。'),(496,80,79,'301医院','2018-01-11','2018-01-11',55,51,'已通过',NULL,NULL),(497,80,1,'305医院','2018-01-11','2014-03-21',55,51,'已通过',NULL,NULL),(498,80,2,'305医院','2018-01-11','2014-03-21',55,51,'已通过',NULL,NULL),(499,80,3,'305医院','2018-01-11','2014-03-21',55,51,'已通过',NULL,NULL),(500,80,59,'305医院','2018-01-11','2014-03-21',55,51,'已通过',NULL,NULL),(501,80,46,'305医院','2018-01-11','2014-03-21',55,51,'已通过',NULL,NULL),(502,80,54,'305医院','2018-01-11','2014-03-21',55,51,'已通过',NULL,NULL),(503,80,53,'305医院','2018-01-11','2014-03-21',55,51,'已通过',NULL,NULL),(504,80,60,'305医院','2018-01-11','2014-03-21',55,51,'已通过',NULL,NULL),(505,80,56,'305医院','2018-01-11','2014-03-21',55,51,'已通过',NULL,NULL),(506,80,57,'305医院','2018-01-11','2014-03-21',55,NULL,'录入中',NULL,NULL),(507,80,48,'305医院','2018-01-11','2014-03-21',55,51,'已通过',NULL,NULL),(508,80,61,'305医院','2018-01-11','2014-03-21',55,51,'已通过',NULL,NULL),(509,80,58,'305医院','2018-01-11','2014-03-21',55,51,'已通过',NULL,NULL),(510,80,33,'305医院','2018-01-11','2014-03-31',55,51,'待审核',NULL,'心脏超声与其它超声分开填写'),(511,80,72,'305医院','2018-01-11','2014-03-31',55,51,'待审核',NULL,'分类不对，属于磁共振'),(512,80,39,'305医院','2018-01-11','2014-03-31',55,51,'已通过',NULL,NULL),(513,80,79,'305医院','2018-01-11','2014-03-31',55,51,'已通过',NULL,NULL),(514,81,1,'301医院','2018-01-11','2015-12-12',55,51,'已通过',NULL,NULL),(515,81,2,'301医院','2018-01-11','2015-12-12',55,51,'已通过',NULL,NULL),(516,81,3,'301医院','2018-01-11','2015-12-12',55,51,'已通过',NULL,NULL),(517,81,59,'301医院','2018-01-11','2015-12-12',55,51,'已通过',NULL,NULL),(518,81,54,'301医院','2018-01-11','2015-12-12',55,51,'已通过',NULL,NULL),(519,81,96,'301医院','2018-01-11','2015-12-12',55,51,'已通过',NULL,NULL),(520,81,53,'301医院','2018-01-11','2015-12-12',55,51,'已通过',NULL,NULL),(521,81,48,'301医院','2018-01-11','2015-12-12',55,51,'已通过',NULL,NULL),(522,81,46,'301医院','2018-01-11','2015-12-12',55,51,'已通过',NULL,NULL),(523,81,60,'301医院','2018-01-11','2015-12-12',55,51,'已通过',NULL,NULL),(524,81,61,'301医院','2018-01-11','2015-12-12',55,51,'已通过',NULL,NULL),(525,81,57,'301医院','2018-01-11','2015-12-12',55,51,'已通过',NULL,NULL),(526,81,58,'301医院','2018-01-11','2015-12-12',55,NULL,'录入中',NULL,NULL),(527,81,79,'301医院','2018-01-11','2015-12-12',55,NULL,'待审核',NULL,NULL),(528,81,42,'301医院','2018-01-11','2015-12-12',55,NULL,'待审核',NULL,NULL),(529,81,76,'301医院','2018-01-11','2015-12-12',55,NULL,'待审核',NULL,NULL),(530,81,65,'301医院','2018-01-11','2015-12-12',55,NULL,'待审核',NULL,NULL),(531,81,39,'301医院','2018-01-11','2015-12-12',55,NULL,'待审核',NULL,NULL),(532,81,39,'301医院','2018-01-11','2015-12-12',55,NULL,'录入中',NULL,NULL),(533,81,33,'301医院','2018-01-11','2015-12-12',55,NULL,'待审核',NULL,NULL),(534,81,3,'解放军总医院国际医学中心','2018-01-12','2012-09-17',55,51,'已通过',NULL,NULL),(535,81,3,'解放军总医院国际医学中心','2018-01-12','2012-09-17',55,NULL,'录入中',NULL,NULL),(536,81,59,'解放军总医院国际医学中心','2018-01-12','2012-09-17',55,51,'已通过',NULL,NULL),(537,81,2,'解放军总医院国际医学中心','2018-01-12','2012-09-17',55,51,'已通过',NULL,NULL),(538,81,61,'解放军总医院国际医学中心','2018-01-12','2012-09-17',55,51,'已通过',NULL,NULL),(539,81,46,'解放军总医院国际医学中心','2018-01-12','2012-09-17',55,51,'已通过',NULL,NULL),(540,81,54,'解放军总医院国际医学中心','2018-01-12','2012-09-17',55,51,'已通过',NULL,NULL),(541,81,1,'解放军海军总医院','2018-01-12','2016-08-26',55,51,'已通过',NULL,NULL),(542,81,54,'解放军海军总医院','2018-01-12','2016-08-26',55,51,'已通过',NULL,NULL),(543,81,46,'解放军海军总医院','2018-01-12','2016-08-26',55,51,'已通过',NULL,NULL),(544,81,70,'301医院','2018-01-12','2018-01-12',55,NULL,'录入中',NULL,NULL),(545,81,39,'解放军海军总医院','2018-01-12','2016-08-26',55,NULL,'待审核',NULL,NULL),(546,81,42,'安贞医院','2018-01-12','2014-07-15',55,NULL,'待审核',NULL,NULL),(547,81,33,'安贞医院','2018-01-12','2014-07-16',55,NULL,'待审核',NULL,NULL),(548,81,39,'安贞医院','2018-01-12','2014-07-16',55,NULL,'待审核',NULL,NULL),(549,81,46,'安贞医院','2018-01-12','2014-07-17',55,51,'已通过',NULL,NULL),(550,81,61,'安贞医院','2018-01-12','2014-07-15',55,51,'已通过',NULL,NULL),(551,81,1,'安贞医院','2018-01-12','2014-07-15',55,51,'已通过',NULL,NULL),(552,81,59,'安贞医院','2018-01-12','2014-07-15',55,51,'已通过',NULL,NULL),(553,81,1,'安贞医院','2018-01-12','2015-07-17',55,NULL,'录入中',NULL,NULL),(554,81,1,'安贞医院','2018-01-12','2015-07-17',55,NULL,'录入中',NULL,NULL),(555,81,1,'安贞医院','2018-01-12','2014-07-17',55,51,'已通过',NULL,NULL),(556,81,60,'安贞医院','2018-01-12','2014-07-15',55,NULL,'录入中',NULL,NULL),(557,64,1,'协和医院','2018-01-15','2017-11-17',55,51,'已通过',NULL,NULL),(558,64,58,'协和医院','2018-01-15','2017-11-17',55,51,'已通过',NULL,NULL),(559,64,46,'协和医院','2018-01-15','2017-11-17',55,51,'已通过',NULL,NULL),(560,64,48,'协和医院','2018-01-15','2017-11-17',55,51,'已通过',NULL,NULL),(561,64,2,'协和医院','2018-01-15','2017-11-17',55,51,'已通过',NULL,NULL),(562,64,50,'协和医院','2018-01-15','2017-11-17',55,51,'已通过',NULL,NULL),(563,64,62,'协和医院','2018-01-15','2017-11-17',55,NULL,'录入中',NULL,NULL),(564,64,57,'协和医院','2018-01-15','2017-11-17',55,NULL,'录入中',NULL,NULL),(565,64,60,'协和医院','2018-01-15','2017-11-17',55,51,'已通过',NULL,NULL),(566,64,1,'301医院','2018-01-15','2012-02-16',55,51,'已通过',NULL,NULL),(567,64,46,'301医院','2018-01-15','2012-02-16',55,51,'已通过',NULL,NULL),(568,64,60,'301医院','2018-01-15','2012-02-16',55,51,'已通过',NULL,NULL),(569,64,61,'301医院','2018-01-15','2012-02-16',55,51,'已通过',NULL,NULL),(570,64,2,'301医院','2018-01-15','2012-02-16',55,51,'已通过',NULL,NULL),(571,64,54,'301医院','2018-01-15','2012-02-16',55,51,'已通过',NULL,NULL),(572,64,48,'301医院','2018-01-15','2012-02-16',55,51,'已通过',NULL,NULL),(573,64,96,'301医院','2018-01-15','2012-02-16',55,51,'已通过',NULL,NULL),(574,64,3,'301医院','2018-01-15','2016-03-20',55,51,'已通过',NULL,NULL),(575,64,59,'301医院','2018-01-15','2016-03-20',55,51,'已通过',NULL,NULL),(576,64,2,'301医院','2018-01-15','2016-03-20',55,51,'已通过',NULL,NULL),(577,64,1,'301医院','2018-01-15','2016-03-20',55,51,'已通过',NULL,NULL),(578,64,54,'301医院','2018-01-15','2016-03-20',55,51,'已通过',NULL,NULL),(579,64,96,'301医院','2018-01-15','2016-03-20',55,51,'已通过',NULL,NULL),(580,64,96,'301医院','2018-01-15','2016-03-20',55,NULL,'录入中',NULL,NULL),(581,64,46,'301医院','2018-01-15','2016-03-20',55,51,'已通过',NULL,NULL),(582,64,61,'301医院','2018-01-15','2016-03-20',55,51,'已通过',NULL,NULL),(583,64,61,'301医院','2018-01-15','2016-03-20',55,NULL,'录入中',NULL,NULL),(584,64,60,'301医院','2018-01-15','2016-03-20',55,51,'已通过',NULL,NULL),(585,64,57,'301医院','2018-01-15','2016-03-20',55,NULL,'录入中',NULL,NULL),(586,64,53,'301医院','2018-01-15','2016-03-20',55,51,'已通过',NULL,NULL),(587,64,48,'301医院','2018-01-15','2016-03-20',55,51,'已通过',NULL,NULL),(589,64,42,'301医院','2018-01-15','2012-02-16',55,NULL,'待审核',NULL,NULL),(590,64,33,'301医院','2018-01-15','2012-02-16',55,NULL,'待审核',NULL,NULL),(591,64,65,'301医院','2018-01-15','2012-02-16',55,NULL,'待审核',NULL,NULL),(592,64,99,'301医院','2018-01-15','2012-02-16',55,NULL,'待审核',NULL,NULL),(593,64,33,'协和医院','2018-01-16','2017-11-17',55,NULL,'待审核',NULL,NULL),(594,64,33,'协和医院','2018-01-16','2009-01-06',55,NULL,'待审核',NULL,NULL),(595,64,48,'305医院','2018-01-16','2017-11-14',55,51,'已通过',NULL,NULL),(596,64,54,'305医院','2018-01-16','2017-11-14',55,51,'已通过',NULL,NULL),(597,64,53,'305医院','2018-01-16','2017-11-14',55,51,'已通过',NULL,NULL),(598,64,59,'305医院','2018-01-16','2017-11-14',55,51,'已通过',NULL,NULL),(599,64,61,'305医院','2018-01-16','2017-11-14',55,51,'已通过',NULL,NULL),(600,64,46,'305医院','2018-01-16','2017-11-14',55,51,'已通过',NULL,NULL),(601,64,1,'305医院','2018-01-16','2017-11-14',55,51,'已通过',NULL,NULL),(602,64,60,'305医院','2018-01-16','2017-11-14',55,51,'已通过',NULL,NULL),(603,64,56,'305医院','2018-01-16','2017-11-14',55,51,'已通过',NULL,NULL),(604,46,58,'305医院','2018-01-16','2017-11-14',55,51,'已通过',NULL,NULL),(605,64,55,'305医院','2018-01-16','2017-11-14',55,51,'已通过',NULL,NULL),(606,46,46,'301医院','2018-01-22','2018-01-22',65,3,'未通过',NULL,'<未说明原因>'),(607,46,72,'301医院','2018-01-22','2018-01-22',65,NULL,'录入中',NULL,NULL),(608,46,56,'301医院','2018-01-22','2018-01-22',3,NULL,'录入中',NULL,NULL),(609,46,56,'301医院','2018-01-22','2018-01-22',3,NULL,'录入中',NULL,NULL),(610,46,56,'301医院','2018-02-03','2018-02-03',3,NULL,'录入中',NULL,NULL),(611,80,70,'305医院','2018-02-05','2014-03-31',55,NULL,'待审核',NULL,NULL),(612,80,33,'305医院','2018-02-05','2014-03-31',55,NULL,'待审核',NULL,NULL);
/*!40000 ALTER TABLE `result_input` ENABLE KEYS */;
UNLOCK TABLES;

--
-- Table structure for table `result_input_detail`
--

DROP TABLE IF EXISTS `result_input_detail`;
/*!40101 SET @saved_cs_client     = @@character_set_client */;
/*!40101 SET character_set_client = utf8 */;
CREATE TABLE `result_input_detail` (
  `id` int(11) NOT NULL AUTO_INCREMENT,
  `result_input_id` int(11) DEFAULT NULL,
  `third_id` int(11) DEFAULT NULL,
  `value` varchar(255) DEFAULT NULL,
  `normal` tinyint(3) DEFAULT '0' COMMENT '是否异常',
  PRIMARY KEY (`id`)
) ENGINE=InnoDB AUTO_INCREMENT=8922 DEFAULT CHARSET=utf8;
/*!40101 SET character_set_client = @saved_cs_client */;

--
-- Dumping data for table `result_input_detail`
--

LOCK TABLES `result_input_detail` WRITE;
/*!40000 ALTER TABLE `result_input_detail` DISABLE KEYS */;
INSERT INTO `result_input_detail` VALUES (749,156,128,'13.7',NULL),(750,156,129,'24.0',NULL),(751,156,131,'36.0',NULL),(752,156,132,'118.0',NULL),(753,156,134,'77.62',NULL),(754,156,136,'39.80',NULL),(755,156,137,'37.82',NULL),(756,156,142,'15.0',NULL),(757,156,144,'2.20',NULL),(758,156,145,'12.80',NULL),(759,156,147,'11.70',NULL),(760,156,152,NULL,NULL),(761,156,153,NULL,NULL),(762,156,649,'61.0',NULL),(763,156,652,'3.40',NULL),(764,156,653,NULL,NULL),(765,156,656,NULL,NULL),(766,156,658,NULL,NULL),(767,156,660,NULL,NULL),(768,156,662,NULL,NULL),(769,156,664,NULL,NULL),(770,156,666,NULL,NULL),(771,156,667,NULL,NULL),(772,156,670,NULL,NULL),(773,156,672,NULL,NULL),(774,156,673,NULL,NULL),(775,156,677,NULL,NULL),(776,156,679,NULL,NULL),(777,156,681,NULL,NULL),(778,156,683,NULL,NULL),(779,156,684,NULL,NULL),(780,156,686,'31',NULL),(781,156,688,NULL,NULL),(782,156,691,'21.22',NULL),(783,156,692,'1.05',NULL),(784,156,693,NULL,NULL),(785,156,694,'6990',NULL),(786,156,696,NULL,NULL),(787,156,698,NULL,NULL),(788,156,699,NULL,NULL),(789,156,700,NULL,NULL),(790,156,701,NULL,NULL),(791,156,702,NULL,NULL),(792,156,703,NULL,NULL),(793,156,704,NULL,NULL),(794,156,705,NULL,NULL),(795,156,706,NULL,NULL),(796,156,707,NULL,NULL),(797,156,708,NULL,NULL),(798,156,709,NULL,NULL),(799,156,710,NULL,NULL),(800,156,712,NULL,NULL),(801,156,714,NULL,NULL),(802,156,715,NULL,NULL),(803,156,717,NULL,NULL),(804,156,718,NULL,NULL),(805,156,720,NULL,NULL),(806,156,721,NULL,NULL),(807,156,722,NULL,NULL),(808,156,723,NULL,NULL),(809,156,725,NULL,NULL),(810,156,726,NULL,NULL),(811,156,728,NULL,NULL),(812,156,729,NULL,NULL),(813,156,730,NULL,NULL),(814,156,731,NULL,NULL),(815,156,732,NULL,NULL),(816,156,734,NULL,NULL),(817,157,417,'1.84',NULL),(818,157,419,'15.59',1),(819,157,422,'36.17',1),(820,157,433,NULL,NULL),(821,157,435,NULL,NULL),(822,157,436,'14.39',NULL),(823,157,437,NULL,NULL),(824,157,439,NULL,NULL),(825,157,443,NULL,NULL),(826,157,445,NULL,NULL),(827,157,447,NULL,NULL),(828,157,450,NULL,NULL),(829,157,454,NULL,NULL),(830,157,456,NULL,NULL),(831,157,457,NULL,NULL),(832,157,460,NULL,NULL),(833,157,462,NULL,NULL),(834,157,465,NULL,NULL),(835,157,467,NULL,NULL),(836,157,469,NULL,NULL),(837,157,473,NULL,NULL),(838,157,475,NULL,NULL),(839,157,477,NULL,NULL),(840,157,479,NULL,NULL),(841,157,481,NULL,NULL),(842,157,484,NULL,NULL),(843,157,486,NULL,NULL),(844,158,4,'3.72',1),(845,158,15,'116',1),(846,158,17,'4.50',NULL),(847,158,18,'49.7%',NULL),(848,158,19,'41%',NULL),(849,158,20,'225',NULL),(850,158,21,'35%',1),(851,158,22,'94.30',NULL),(852,158,23,'31.30',NULL),(853,158,24,'331',NULL),(854,158,25,NULL,NULL),(855,158,26,NULL,NULL),(856,158,27,'1.80%',NULL),(857,158,28,'0.5%',NULL),(858,158,29,'7.0%',NULL),(859,158,30,'7.40',NULL),(860,158,581,'13.7',NULL),(861,158,582,'2.20',NULL),(862,158,583,'1.80',NULL),(863,158,584,'0.10',NULL),(864,158,585,'0.0',NULL),(865,158,586,'0.30',NULL),(866,158,587,'16.70',NULL),(867,158,588,NULL,NULL),(868,158,589,'0.166',NULL),(869,158,590,NULL,NULL),(870,158,591,NULL,NULL),(871,158,592,NULL,NULL),(872,159,438,'2.21?',NULL),(873,159,440,NULL,NULL),(874,159,441,NULL,NULL),(875,159,442,NULL,NULL),(876,159,444,NULL,NULL),(877,159,446,NULL,NULL),(878,159,448,NULL,NULL),(879,159,449,NULL,NULL),(880,159,451,NULL,NULL),(881,159,452,NULL,NULL),(882,159,453,NULL,NULL),(883,159,455,NULL,NULL),(884,159,459,NULL,NULL),(885,159,461,NULL,NULL),(886,159,463,NULL,NULL),(887,159,464,NULL,NULL),(888,159,466,NULL,NULL),(889,159,468,NULL,NULL),(890,159,470,NULL,NULL),(891,159,471,NULL,NULL),(892,159,472,NULL,NULL),(893,159,474,NULL,NULL),(894,159,476,NULL,NULL),(895,159,478,NULL,NULL),(896,159,480,NULL,NULL),(897,159,482,NULL,NULL),(898,159,483,NULL,NULL),(899,160,417,NULL,NULL),(900,160,419,'4.29',NULL),(901,160,422,'48.1',1),(902,160,433,NULL,NULL),(903,160,435,NULL,NULL),(904,160,436,'21.42',NULL),(905,160,437,NULL,NULL),(906,160,439,NULL,NULL),(907,160,443,NULL,NULL),(908,160,445,NULL,NULL),(909,160,447,NULL,NULL),(910,160,450,NULL,NULL),(911,160,454,NULL,NULL),(912,160,456,NULL,NULL),(913,160,457,NULL,NULL),(914,160,460,NULL,NULL),(915,160,462,NULL,NULL),(916,160,465,NULL,NULL),(917,160,467,NULL,NULL),(918,160,469,NULL,NULL),(919,160,473,NULL,NULL),(920,160,475,NULL,NULL),(921,160,477,NULL,NULL),(922,160,479,NULL,NULL),(923,160,481,NULL,NULL),(924,160,484,NULL,NULL),(925,160,486,NULL,NULL),(926,161,417,'0.86',NULL),(927,161,419,'2.48',NULL),(928,161,422,'27.79',NULL),(929,161,433,'4.84',NULL),(930,161,435,'7.27',NULL),(931,161,436,'16.67',NULL),(932,161,437,'1.43',NULL),(933,161,439,'0.37',NULL),(934,161,443,'3.93',NULL),(935,161,445,NULL,NULL),(936,161,447,NULL,NULL),(937,161,450,NULL,NULL),(938,161,454,NULL,NULL),(939,161,456,NULL,NULL),(940,161,457,NULL,NULL),(941,161,460,NULL,NULL),(942,161,462,'46.5',NULL),(943,161,465,NULL,NULL),(944,161,467,NULL,NULL),(945,161,469,NULL,NULL),(946,161,473,'阴性',NULL),(947,161,475,NULL,NULL),(948,161,477,NULL,NULL),(949,161,479,NULL,NULL),(950,161,481,NULL,NULL),(951,161,484,NULL,NULL),(952,161,486,NULL,NULL),(953,162,52,'右侧放射冠区缺血灶，大脑镰脂肪瘤。',1),(954,163,53,'双肺未见明显异常；纵膈结构清晰，未见明显肿大淋巴结。',NULL),(955,164,53,'纵膈内多发肿大淋巴结。',1),(956,165,53,'双肺及纵膈未见明显异常。右侧乳腺内见点状钙化。',NULL),(957,166,97,'肝左叶高密度钙化影，肝右叶异常密度影与前片比较无明显变化。 （肝左叶内侧段见一团状高密度钙化影，肝右叶见类圆形低密度影，大小2.2×1.5cm，CT值19.0Hu，边界欠清，增强扫描三期病灶未见强化；肝内外胆管未见明显扩张。）',1),(958,167,97,'1、肝左叶钙化灶；2、肝右叶低密度影（片状，边缘不清晰），结合临床病史考虑：脓肿可能性大，建议MRI检查。',1),(959,168,97,'1、肝左叶钙化灶（片状）；2、肝右叶片状低密度影，考虑：肝脓肿可能；3、右腹部肠管术后改变，请结合临床。',1),(960,169,97,'1、肝脏转移癌术后改变，术区肝实质强化减低，建议随诊复查，邻近肝包膜积液积气；2、肝右叶结节状高密度影（约1.9×2.1cm），请结合治疗史；3、结肠癌术后改变；4、胆囊未见显示，请结合临床；5、右肾周多发索条影；6、腹膜后多发小淋巴结；7、多发副脾结节。',1),(961,170,98,'颈椎骨质增生，C34、C45椎间盘突出。',1),(989,172,98,'右侧髂骨异常密度影，考虑：骨岛。',1),(992,175,105,'（病理编号：1068338。） 盲肠活检标本：（盲肠）结肠绒毛腺管状腺瘤伴重度异型增生，局部癌变。',1),(993,176,105,'（住院号：1857957；ID号：41011620；病理编号：1069653。） 结肠癌术后标本：结肠中分化腺癌，部分为粘液腺癌，侵透肌层达周围脂肪组织，肠周脂肪组织中可见癌结节形成，侧切缘及两断端未见特殊；淋巴结未见转移癌（结肠中动脉根部0/1、回结肠动脉根0/7、肠系膜上静脉周围0/4、结肠周0/19、小肠周0/0）。',1),(994,177,105,'结肠癌术后标本：免疫组化结果显示PMS-2(-)，MLH(-)，MSH-6(+)，MSH-2(+)。',1),(995,178,105,'（病理编号：1228030。） 肝脏穿刺标本：（肝脏）小条纤维组织及少许粘液，内见小团粘液柱状上皮细胞，不除外低级别粘液性肿瘤，请结合临床影像学综合考虑。',1),(996,179,105,'（协和病理编号：1228030） 1、（肝囊性肿物穿刺）少许粘液物质及增生纤维结缔组织见数个腺上皮细胞，结合免疫组化，以肝原发性肿瘤可能性大，请结合临床。2、免疫组化：CK7(+)、CDX2(+)、VIM(+)、CK20(-)。',1),(997,180,105,'（细胞学编号：C-26045。）（尿）未见瘤细胞。',NULL),(998,181,105,'（病理编号：1233098。） 肝脏术后标本：1、（右肝肿物及胆囊）粘液腺癌，结合病史，符合结肠癌肝转移，紧邻被膜，离断面及胆管切缘净；慢性胆囊炎；（胆管内栓子）粘液样物中见少许上皮细胞团。2、免疫组化结果：PMS-2(+)，MLH-1(-)，MSH-6(+)，MSH-2(+)。',1),(999,182,105,'（协和病理编号：1233098） （右）肝转移性粘液腺癌，结合病史来自结肠癌；切缘未见癌；慢性胆囊炎。',1),(1001,184,103,NULL,NULL),(1002,185,121,NULL,NULL),(1003,186,113,'盲肠病变（性质待定，Ca可能性大） （回盲部盲肠见一环2/3腔隆起性病变，表面溃疡形成，污秽苔，质脆）',1),(1004,187,55,'1、肝脏转移癌术后，建议随诊复查；2、肝脏类圆形低信号为主结节影（约1.9×2.1cm），请结合治疗史；3、胆囊未见显示；4、多发副脾结节；5、肝周少量积液；6、腹壁皮下斑片状异常信号，考虑为术后改变。',1),(1005,188,100,'1、腰椎退行性骨关节病，L3/4-L5/S1椎间盘膨出。2、L4/5椎体相对终板炎。3、部分椎体内高信号影，考虑局限性脂肪沉积可能性大。',1),(1006,189,49,'双肺纹理稍重，未见明显浸润及实变影，双肺门不大，纵膈居中，心影不大，两膈光滑，双侧肋膈角锐利。',NULL),(1007,190,47,'老年性主动脉瓣退行性变；左室松弛功能减低。',1),(1008,191,56,'正常心电图。',NULL),(1012,195,105,'（ID号：F270321；协和病理编号：1233098） 肝脏术后标本石蜡切片IHC检测：CD4强度+++，面积40%；CD8强度+++，面积30%；PD-1及PD-L1阴性。',1),(1017,200,121,'（检测编号：M9104；原病理编号：1233098。） 肝脏术后标本石蜡切片基因突变检测：未检测到B-raf V600E突变。',NULL),(1019,202,121,NULL,NULL),(1021,204,111,NULL,NULL),(1022,205,84,'黄色',NULL),(1023,205,85,'軟便',NULL),(1024,205,86,'阴性',NULL),(1025,205,87,'阴性',NULL),(1026,205,88,'阴性',NULL),(1027,205,89,NULL,NULL),(1028,205,90,NULL,NULL),(1029,205,91,NULL,NULL),(1030,205,92,NULL,NULL),(1031,205,93,NULL,NULL),(1032,206,62,NULL,NULL),(1033,206,63,NULL,NULL),(1034,206,64,NULL,NULL),(1035,206,65,'1.015',NULL),(1036,206,66,'6',NULL),(1037,206,67,'阴性',NULL),(1038,206,68,'正常',NULL),(1039,206,69,'阴性',NULL),(1040,206,70,'阴性',NULL),(1041,206,71,NULL,NULL),(1042,206,72,NULL,NULL),(1043,206,73,'',NULL),(1044,206,74,'0',NULL),(1045,206,75,NULL,NULL),(1046,206,76,NULL,NULL),(1047,206,77,NULL,NULL),(1048,206,78,NULL,NULL),(1049,206,79,NULL,NULL),(1050,206,80,'0.66',NULL),(1051,206,81,'0.66',NULL),(1052,206,82,'0.66',1),(1053,206,83,'0',NULL),(1054,207,127,'4.67',NULL),(1055,207,130,'9.03',NULL),(1056,207,133,'2.67',NULL),(1057,207,135,NULL,NULL),(1058,207,139,NULL,NULL),(1059,207,141,NULL,NULL),(1060,207,143,'7.66',NULL),(1061,207,146,NULL,NULL),(1062,207,148,NULL,NULL),(1063,207,150,'5.5',NULL),(1064,207,151,'13',NULL),(1065,207,154,NULL,NULL),(1066,207,156,NULL,NULL),(1067,207,159,NULL,NULL),(1068,207,161,NULL,NULL),(1069,207,163,NULL,NULL),(1070,207,165,NULL,NULL),(1071,207,167,NULL,NULL),(1072,207,169,NULL,NULL),(1073,207,171,NULL,NULL),(1074,207,174,NULL,NULL),(1075,207,176,NULL,NULL),(1076,208,95,'双侧椎动脉、双侧颈动脉、甲状腺、双侧颈部淋巴结未见明显异常；脂肪肝（轻-中度），胆囊息肉；前列腺增生伴钙化。',1),(1077,209,51,'颈椎轻度退行性改变；腰椎正侧位未见明显异常。',1),(1079,211,53,'右肺中叶、右下肺背段及左侧斜裂多发高密度结节，考虑炎性肉芽肿性病变。',NULL),(1080,212,95,'脂肪肝（轻-中度）、前列腺增生、甲状腺超声未见明显异常、双侧颈部淋巴结未见明显异常声像、左侧颈动脉内-中膜局部增厚、双侧椎动脉超声未见明显异常',1),(1081,213,99,'胸部CT平扫未见明显异常',NULL),(1082,214,51,'颈椎骨质未见明显异常、左侧内、外踝骨折、内固定术后改变、腰椎轻退行性改变',1),(1083,215,47,'超声心动图正常范围',NULL),(1084,216,56,'窦性心律、心电图正常',NULL),(1086,218,838,'反流性食管炎、慢性浅表性胃炎伴糜烂、十二指肠球溃疡、胃（角）幽门型黏膜慢性萎缩性炎伴急性炎及HP感染、部分腺体肠化、增生、固有膜内淋巴组织增生显著、胃（窦）表浅幽门型黏膜慢性炎伴急性炎及HP感染、大部分腺体肠化、增生显著、全大肠未见异常',1),(1087,219,54,'脑部MRI平扫未见异常；双侧上额窦、筛窦、蝶窦炎。',1),(1089,221,122,'未见异常',NULL),(1090,222,112,'肺通气功能正常范围',NULL),(1091,223,47,'左室整体收缩功能正常，左室整体舒张功能减退',1),(1092,224,56,'窦性心律，心电图正常',NULL),(1093,225,112,'肺通气功能正常范围',NULL),(1095,227,49,'两肺纹理增强，左心室轻度增大，双隔未见异常。',NULL),(1096,228,95,'肝大、脂肪肝；胆囊息肉；前列腺钙化灶形成；胰、脾、双肾、膀胱、甲状腺未见异常。',1),(1097,229,95,'肝大、脂肪肝；胆囊多发息肉；前列腺肥大；胰、脾、双肾、甲状腺未见异常。',1),(1098,230,49,'两肺纹理增强，两肺未见明显实质性病变，心隔未见异常。',NULL),(1099,231,47,'左房轻大；左室舒张功能减低。',1),(1100,232,122,'右黄斑上方可见数枚黑色小斑点',1),(1101,233,112,'肺通气功能正常范围',NULL),(1102,234,56,'窦性心动过缓心电图正常范围',NULL),(1105,237,53,'双肺散在烛结节影，良性肉芽肿性病变可能性大，与2013-9-25片对比相仿',1),(1108,240,56,'窦性心律，心电图正常',NULL),(1109,241,53,'右肺中叶和左肺下叶背段结节，炎性肉芽肿可能性大，左肺上叶舌段少许慢性炎、脂肪肝。',1),(1110,242,95,'轻度脂肪肝、双侧颈动脉超声未见明显异常、双侧椎动脉超声未见明确异常、双侧颈部未见明显异常肿大淋巴结、甲状腺体回声欠均匀，建议定期复查、前列腺增生伴结石、',1),(1113,245,54,'头颅MRA未见异常、颈椎退变、颈4/5、颈5/6、颈6/7椎间盘膨出、脑内少量缺血灶、双侧上颌窦、筛窦、蝶窦炎、',1),(1114,246,96,'颈椎骨质未见异常、腰椎骨质未见异常，骶椎隐裂。',NULL),(1115,247,47,'三尖瓣轻度反流',1),(1116,248,101,'腰椎退行性变;腰3/4、腰4/5椎间盘膨出，伴腰1椎体上终板炎;;腰3、腰5椎体异常信号，考虑良性病变、以血管瘤或脂肪沉积可能性大。',1),(1117,249,95,'甲状腺未见明显异常、右侧颈部淋巴结可见、前列腺轻度增生、脂肪肝、胆囊多发性息肉、双侧椎动脉，双侧颈动脉未见明显异常。',1),(1118,250,47,'二尖瓣轻度反流',1),(1120,252,112,'肺通气功能正常范围',NULL),(1121,253,113,'反流性食管炎，慢性浅表性胃炎伴糜烂、结肠多发息肉镜下治疗。',1),(1122,254,128,NULL,NULL),(1123,254,129,NULL,NULL),(1124,254,131,NULL,NULL),(1125,254,132,NULL,NULL),(1126,254,134,NULL,NULL),(1127,254,136,NULL,NULL),(1128,254,137,NULL,NULL),(1129,254,142,NULL,NULL),(1130,254,144,NULL,NULL),(1131,254,145,NULL,NULL),(1132,254,147,NULL,NULL),(1133,254,152,NULL,NULL),(1134,254,153,NULL,NULL),(1135,254,649,NULL,NULL),(1136,254,652,NULL,NULL),(1137,254,653,NULL,NULL),(1138,254,656,NULL,NULL),(1139,254,658,NULL,NULL),(1140,254,660,NULL,NULL),(1141,254,662,NULL,NULL),(1142,254,664,NULL,NULL),(1143,254,666,NULL,NULL),(1144,254,667,NULL,NULL),(1145,254,670,NULL,NULL),(1146,254,672,NULL,NULL),(1147,254,673,NULL,NULL),(1148,254,677,NULL,NULL),(1149,254,679,NULL,NULL),(1150,254,681,NULL,NULL),(1151,254,683,NULL,NULL),(1152,254,684,NULL,NULL),(1153,254,686,NULL,NULL),(1154,254,688,NULL,NULL),(1155,254,691,NULL,NULL),(1156,254,692,NULL,NULL),(1157,254,693,NULL,NULL),(1158,254,694,NULL,NULL),(1159,254,696,NULL,NULL),(1160,254,698,NULL,NULL),(1161,254,699,NULL,NULL),(1162,254,700,NULL,NULL),(1163,254,701,NULL,NULL),(1164,254,702,NULL,NULL),(1165,254,703,NULL,NULL),(1166,254,704,NULL,NULL),(1167,254,705,NULL,NULL),(1168,254,706,NULL,NULL),(1169,254,707,NULL,NULL),(1170,254,708,NULL,NULL),(1171,254,709,NULL,NULL),(1172,254,710,NULL,NULL),(1173,254,712,NULL,NULL),(1174,254,714,NULL,NULL),(1175,254,715,NULL,NULL),(1176,254,717,NULL,NULL),(1177,254,718,NULL,NULL),(1178,254,720,NULL,NULL),(1179,254,721,NULL,NULL),(1180,254,722,NULL,NULL),(1181,254,723,NULL,NULL),(1182,254,725,'10',NULL),(1183,254,726,'7.89',NULL),(1184,254,728,'512.3',NULL),(1185,254,729,NULL,NULL),(1186,254,730,NULL,NULL),(1187,254,731,NULL,NULL),(1188,254,732,NULL,NULL),(1189,254,734,NULL,NULL),(1190,255,417,'3.97',NULL),(1191,255,419,'1.04',NULL),(1192,255,422,'10.19',NULL),(1193,255,433,'1.04',NULL),(1194,255,435,'8.42',NULL),(1195,255,436,'9.15',NULL),(1196,255,437,'1.41',NULL),(1197,255,439,NULL,NULL),(1198,255,443,NULL,NULL),(1199,255,445,NULL,NULL),(1200,255,447,NULL,NULL),(1201,255,450,NULL,NULL),(1202,255,454,'513.9',1),(1203,255,456,NULL,NULL),(1204,255,457,NULL,NULL),(1205,255,460,NULL,NULL),(1206,255,462,NULL,NULL),(1207,255,465,NULL,NULL),(1208,255,467,NULL,NULL),(1209,255,469,NULL,NULL),(1210,255,473,NULL,NULL),(1211,255,475,NULL,NULL),(1212,255,477,NULL,NULL),(1213,255,479,'3.97',NULL),(1214,255,481,NULL,NULL),(1215,255,484,NULL,NULL),(1216,255,486,NULL,NULL),(1217,256,128,'19.7',NULL),(1218,256,129,'14.3',NULL),(1219,256,131,'51',1),(1220,256,132,'59',NULL),(1221,256,134,'70.5',NULL),(1222,256,136,'46.3',NULL),(1223,256,137,NULL,NULL),(1224,256,142,'9.3',NULL),(1225,256,144,'3.4',NULL),(1226,256,145,NULL,NULL),(1227,256,147,'2.1',NULL),(1228,256,152,'73',NULL),(1229,256,153,'43',NULL),(1230,256,649,NULL,NULL),(1231,256,652,NULL,NULL),(1232,256,653,NULL,NULL),(1233,256,656,'1.35',NULL),(1234,256,658,'6.5',1),(1235,256,660,'1.71',1),(1236,256,662,'4.49',1),(1237,256,664,'1.701',1),(1238,256,666,'1.258',1),(1239,256,667,'4.2',NULL),(1240,256,670,'142',NULL),(1241,256,672,'8.5',NULL),(1242,256,673,'162',NULL),(1243,256,677,'145',NULL),(1244,256,679,'4.44',NULL),(1245,256,681,'104',NULL),(1246,256,683,'1.36',NULL),(1247,256,684,'0.95',NULL),(1248,256,686,'26.7',NULL),(1249,256,688,'2.43',NULL),(1250,256,691,NULL,NULL),(1251,256,692,NULL,NULL),(1252,256,693,NULL,NULL),(1253,256,694,NULL,NULL),(1254,256,696,NULL,NULL),(1255,256,698,NULL,NULL),(1256,256,699,NULL,NULL),(1257,256,700,NULL,NULL),(1258,256,701,'4.1',NULL),(1259,256,702,'11.4',NULL),(1260,256,703,NULL,NULL),(1261,256,704,NULL,NULL),(1262,256,705,NULL,NULL),(1263,256,706,NULL,NULL),(1264,256,707,NULL,NULL),(1265,256,708,NULL,NULL),(1266,256,709,NULL,NULL),(1267,256,710,'1.19',NULL),(1268,256,712,'<0.54',NULL),(1269,256,714,'<0.02',NULL),(1270,256,715,NULL,NULL),(1271,256,717,NULL,NULL),(1272,256,718,NULL,NULL),(1273,256,720,'39',NULL),(1274,256,721,'0.003',NULL),(1275,256,722,'0.01',NULL),(1276,256,723,'12.3',NULL),(1277,256,725,'10',NULL),(1278,256,726,'7.89',NULL),(1279,256,728,'512.3',NULL),(1280,256,729,NULL,NULL),(1281,256,730,'24.92',NULL),(1282,256,731,NULL,NULL),(1283,256,732,'22.8',NULL),(1284,256,734,NULL,NULL),(1296,258,4,'5.0',NULL),(1297,258,15,'160',NULL),(1298,258,17,'6.15',NULL),(1299,258,18,'0.614',NULL),(1300,258,19,'0.252',NULL),(1301,258,20,'189',NULL),(1302,258,21,'0.474',NULL),(1303,258,22,'94.8',NULL),(1304,258,23,'32.0',NULL),(1305,258,24,'338',NULL),(1306,258,25,'1.45',NULL),(1307,258,26,NULL,NULL),(1308,258,27,NULL,NULL),(1309,258,28,NULL,NULL),(1310,258,29,'0.111',1),(1311,258,30,'11.2',NULL),(1312,258,581,'12.8',NULL),(1313,258,582,'0.614',NULL),(1314,258,583,NULL,NULL),(1315,258,584,'0.20',NULL),(1316,258,585,'0.003',NULL),(1317,258,586,NULL,NULL),(1318,258,587,'13.2',1),(1319,258,588,NULL,NULL),(1320,258,589,NULL,NULL),(1321,258,590,'0.0',NULL),(1322,258,591,'0.038',NULL),(1323,258,592,'0.962',1),(1324,259,128,'34.5',NULL),(1325,259,129,'21.8',NULL),(1326,259,131,'38',NULL),(1327,259,132,'72',NULL),(1328,259,134,'62.6',NULL),(1329,259,136,'43.1',NULL),(1330,259,137,NULL,NULL),(1331,259,142,'10.3',NULL),(1332,259,144,'3.1',NULL),(1333,259,145,NULL,NULL),(1334,259,147,'6.7',NULL),(1335,259,152,NULL,NULL),(1336,259,153,'40.6',NULL),(1337,259,649,'77',NULL),(1338,259,652,'5.6',NULL),(1339,259,653,'344',NULL),(1340,259,656,'0.75',NULL),(1341,259,658,'4.09',NULL),(1342,259,660,'0.84',NULL),(1343,259,662,'3.04',NULL),(1344,259,664,'0.742',NULL),(1345,259,666,'0.724',NULL),(1346,259,667,'3.1',NULL),(1347,259,670,'67',NULL),(1348,259,672,'0',NULL),(1349,259,673,'153',NULL),(1350,259,677,'142',NULL),(1351,259,679,'4.26',NULL),(1352,259,681,'102.6',NULL),(1353,259,683,'1.27',NULL),(1354,259,684,'1.02',NULL),(1355,259,686,'24.8',NULL),(1356,259,688,'2.19',NULL),(1357,259,691,NULL,NULL),(1358,259,692,NULL,NULL),(1359,259,693,NULL,NULL),(1360,259,694,NULL,NULL),(1361,259,696,NULL,NULL),(1362,259,698,NULL,NULL),(1363,259,699,NULL,NULL),(1364,259,700,NULL,NULL),(1365,259,701,NULL,NULL),(1366,259,702,NULL,NULL),(1367,259,703,NULL,NULL),(1368,259,704,NULL,NULL),(1369,259,705,NULL,NULL),(1370,259,706,NULL,NULL),(1371,259,707,NULL,NULL),(1372,259,708,NULL,NULL),(1373,259,709,NULL,NULL),(1374,259,710,'3.89',NULL),(1375,259,712,'＜0.541',NULL),(1376,259,714,'＜0.02',NULL),(1377,259,715,NULL,NULL),(1378,259,717,NULL,NULL),(1379,259,718,'10.1',NULL),(1380,259,720,'35',NULL),(1381,259,721,'0.004',NULL),(1382,259,722,'0.04',NULL),(1383,259,723,'19.2',NULL),(1384,259,725,'13.78',NULL),(1385,259,726,'5.32',NULL),(1386,259,728,'576.6',NULL),(1387,259,729,NULL,NULL),(1388,259,730,'20.67',NULL),(1389,259,731,NULL,NULL),(1390,259,732,'39.0',NULL),(1391,259,734,NULL,NULL),(1392,260,127,'4.97',NULL),(1393,260,130,'6.18',NULL),(1394,260,133,'2.71',NULL),(1395,260,135,NULL,NULL),(1396,260,139,NULL,NULL),(1397,260,141,NULL,NULL),(1398,260,143,'5.75',NULL),(1399,260,146,'40.48',NULL),(1400,260,148,'9.22',NULL),(1401,260,150,'5.1',NULL),(1402,260,151,'12.3',NULL),(1403,260,154,NULL,NULL),(1404,260,156,NULL,NULL),(1405,260,159,NULL,NULL),(1406,260,161,NULL,NULL),(1407,260,163,NULL,NULL),(1408,260,165,NULL,NULL),(1409,260,167,NULL,NULL),(1410,260,169,NULL,NULL),(1411,260,171,NULL,NULL),(1412,260,174,NULL,NULL),(1413,260,176,NULL,NULL),(1414,261,247,NULL,NULL),(1415,261,249,NULL,NULL),(1416,261,251,NULL,NULL),(1417,261,253,NULL,NULL),(1418,261,255,NULL,NULL),(1419,261,257,NULL,NULL),(1420,261,259,NULL,NULL),(1421,261,260,NULL,NULL),(1422,261,262,NULL,NULL),(1423,261,264,NULL,NULL),(1424,261,265,NULL,NULL),(1425,261,266,NULL,NULL),(1426,261,267,NULL,NULL),(1427,261,268,NULL,NULL),(1428,261,269,NULL,NULL),(1429,261,271,NULL,NULL),(1430,261,273,NULL,NULL),(1431,261,274,NULL,NULL),(1432,261,276,NULL,NULL),(1433,261,278,NULL,NULL),(1434,261,279,NULL,NULL),(1435,261,282,NULL,NULL),(1436,261,284,NULL,NULL),(1437,261,285,NULL,NULL),(1438,261,735,NULL,NULL),(1439,261,736,NULL,NULL),(1440,261,737,NULL,NULL),(1441,261,739,NULL,NULL),(1442,261,740,NULL,NULL),(1443,261,741,NULL,NULL),(1444,261,742,NULL,NULL),(1445,261,745,NULL,NULL),(1446,261,746,NULL,NULL),(1447,261,747,NULL,NULL),(1448,261,748,NULL,NULL),(1449,261,749,NULL,NULL),(1450,261,750,NULL,NULL),(1451,261,751,NULL,NULL),(1452,261,752,NULL,NULL),(1453,261,761,NULL,NULL),(1454,261,762,NULL,NULL),(1455,261,764,NULL,NULL),(1456,261,766,NULL,NULL),(1457,261,769,NULL,NULL),(1458,261,771,NULL,NULL),(1459,261,773,NULL,NULL),(1460,261,774,NULL,NULL),(1461,261,775,NULL,NULL),(1462,261,776,NULL,NULL),(1463,261,777,NULL,NULL),(1464,261,778,NULL,NULL),(1465,261,779,NULL,NULL),(1466,261,780,NULL,NULL),(1467,261,781,NULL,NULL),(1468,261,782,NULL,NULL),(1469,261,783,NULL,NULL),(1470,261,784,NULL,NULL),(1471,261,785,NULL,NULL),(1472,261,786,NULL,NULL),(1473,261,787,NULL,NULL),(1474,261,788,NULL,NULL),(1475,261,789,NULL,NULL),(1476,261,790,NULL,NULL),(1477,261,791,NULL,NULL),(1478,261,792,NULL,NULL),(1479,261,793,NULL,NULL),(1480,261,794,NULL,NULL),(1481,261,795,NULL,NULL),(1482,261,796,NULL,NULL),(1483,261,797,NULL,NULL),(1484,261,798,NULL,NULL),(1485,261,799,NULL,NULL),(1486,261,800,NULL,NULL),(1487,261,801,NULL,NULL),(1488,261,802,NULL,NULL),(1489,261,803,'6.99',NULL),(1490,261,804,'0.06',NULL),(1491,261,805,'0.03',NULL),(1492,261,806,'0.99',NULL),(1493,261,807,'24.92',NULL),(1494,261,808,'34.85',NULL),(1495,261,809,'0.05',NULL),(1496,261,810,NULL,NULL),(1497,261,811,NULL,NULL),(1498,261,812,NULL,NULL),(1499,261,813,NULL,NULL),(1500,261,814,NULL,NULL),(1501,261,815,NULL,NULL),(1502,261,816,NULL,NULL),(1503,261,817,NULL,NULL),(1504,261,818,NULL,NULL),(1505,261,819,NULL,NULL),(1506,261,820,NULL,NULL),(1507,261,821,NULL,NULL),(1508,261,822,NULL,NULL),(1509,261,823,NULL,NULL),(1510,261,824,NULL,NULL),(1511,261,825,NULL,NULL),(1512,261,826,NULL,NULL),(1513,261,827,NULL,NULL),(1514,261,828,NULL,NULL),(1515,261,829,NULL,NULL),(1516,261,830,NULL,NULL),(1517,261,831,NULL,NULL),(1518,261,832,NULL,NULL),(1519,261,833,NULL,NULL),(1520,261,834,NULL,NULL),(1521,261,835,NULL,NULL),(1522,261,836,NULL,NULL),(1523,262,4,'5.77',NULL),(1524,262,15,'168',NULL),(1525,262,17,'6.1',NULL),(1526,262,18,'0.498',1),(1527,262,19,'0.374',NULL),(1528,262,20,'218',NULL),(1529,262,21,'0.498',NULL),(1530,262,22,'86.3',NULL),(1531,262,23,'29.1',NULL),(1532,262,24,'337',NULL),(1533,262,25,'1.3',NULL),(1534,262,26,NULL,NULL),(1535,262,27,NULL,NULL),(1536,262,28,'0.002',NULL),(1537,262,29,'0.074',NULL),(1538,262,30,'10.5',NULL),(1539,262,581,'13.6',NULL),(1540,262,582,NULL,NULL),(1541,262,583,NULL,NULL),(1542,262,584,NULL,NULL),(1543,262,585,NULL,NULL),(1544,262,586,NULL,NULL),(1545,262,587,NULL,NULL),(1546,262,588,NULL,NULL),(1547,262,589,NULL,NULL),(1548,262,590,'0.001',NULL),(1549,262,591,'0.037',NULL),(1550,262,592,'0.962',1),(1551,263,354,'3.05',NULL),(1552,263,355,'37.4',NULL),(1553,263,356,'15.6',NULL),(1554,263,357,'96',NULL),(1555,263,358,NULL,NULL),(1556,263,359,'1.03',NULL),(1557,263,360,NULL,NULL),(1558,263,361,NULL,NULL),(1559,263,368,NULL,NULL),(1560,263,370,NULL,NULL),(1561,263,372,NULL,NULL),(1562,263,374,NULL,NULL),(1563,264,531,'阴性',NULL),(1564,264,533,'<2.00',NULL),(1565,264,534,'阴性',NULL),(1566,264,535,'阴性',NULL),(1567,264,536,'阴性',NULL),(1568,264,539,'阴性',NULL),(1569,264,542,'阴性',NULL),(1570,264,544,'阴性',NULL),(1571,264,547,NULL,NULL),(1572,264,549,NULL,NULL),(1573,264,552,NULL,NULL),(1574,265,320,'1.15',NULL),(1575,265,322,'72.91',NULL),(1576,265,324,'4.58',NULL),(1577,265,326,'18.98',NULL),(1578,265,328,'2.52',NULL),(1579,265,330,'11.37',NULL),(1580,265,332,'7.41',NULL),(1581,265,334,NULL,NULL),(1582,265,337,NULL,NULL),(1583,265,348,NULL,NULL),(1584,265,349,NULL,NULL),(1585,265,350,NULL,NULL),(1586,266,607,'32.33',NULL),(1587,266,608,'23.42',NULL),(1588,266,609,'11.34',1),(1589,266,610,'0.233',1),(1590,266,611,'30.25',NULL),(1591,266,612,NULL,NULL),(1619,268,84,'黄色',NULL),(1620,268,85,'软便',NULL),(1621,268,86,'阴性',NULL),(1622,268,87,'阴性',NULL),(1623,268,88,'阴性',NULL),(1624,268,89,'阴性',NULL),(1625,268,90,NULL,NULL),(1626,268,91,NULL,NULL),(1627,268,92,NULL,NULL),(1628,268,93,NULL,NULL),(1629,269,62,NULL,NULL),(1630,269,63,NULL,NULL),(1631,269,64,NULL,NULL),(1632,269,65,'1.015',NULL),(1633,269,66,'6',NULL),(1634,269,67,'阴性',NULL),(1635,269,68,'正常',NULL),(1636,269,69,'阴性',NULL),(1637,269,70,'阴性',NULL),(1638,269,71,'正常',NULL),(1639,269,72,'阴性',NULL),(1640,269,73,'阴性',NULL),(1641,269,74,'阴性',NULL),(1642,269,75,'0.00',NULL),(1643,269,76,'0.00',NULL),(1644,269,77,NULL,NULL),(1645,269,78,'0.00',NULL),(1646,269,79,'0.00',NULL),(1647,269,80,'0.66',NULL),(1648,269,81,'0.00',NULL),(1649,269,82,'0.00',NULL),(1650,269,83,NULL,NULL),(1651,270,417,'4.23',NULL),(1652,270,419,'0.572',NULL),(1653,270,422,'9.19',NULL),(1654,270,433,'0.914',NULL),(1655,270,435,'17.85',NULL),(1656,270,436,'3.73',NULL),(1657,270,437,'1.03',NULL),(1658,270,439,NULL,NULL),(1659,270,443,'14.24',NULL),(1660,270,445,'0.827',NULL),(1661,270,447,'0.422',NULL),(1662,270,450,NULL,NULL),(1663,270,454,'686.2',1),(1664,270,456,NULL,NULL),(1665,270,457,NULL,NULL),(1666,270,460,NULL,NULL),(1667,270,462,NULL,NULL),(1668,270,465,NULL,NULL),(1669,270,467,NULL,NULL),(1670,270,469,NULL,NULL),(1671,270,473,NULL,NULL),(1672,270,475,NULL,NULL),(1673,270,477,NULL,NULL),(1674,270,479,NULL,NULL),(1675,270,481,NULL,NULL),(1676,270,484,NULL,NULL),(1677,270,486,NULL,NULL),(1678,271,613,'17.66',NULL),(1679,271,614,'8.8',NULL),(1680,271,616,'5.64',NULL),(1681,271,617,'4.52',NULL),(1682,272,306,'7.31',NULL),(1683,272,308,'5.44',NULL),(1684,272,310,'5.3',NULL),(1685,272,312,'88.78',NULL),(1686,272,314,'1.51',NULL),(1687,272,316,'21.83',NULL),(1688,272,317,NULL,NULL),(1689,272,318,NULL,NULL),(1690,272,606,NULL,NULL),(1691,273,95,NULL,NULL),(1692,274,128,NULL,NULL),(1693,274,129,NULL,NULL),(1694,274,131,NULL,NULL),(1695,274,132,NULL,NULL),(1696,274,134,NULL,NULL),(1697,274,136,NULL,NULL),(1698,274,137,NULL,NULL),(1699,274,142,NULL,NULL),(1700,274,144,NULL,NULL),(1701,274,145,NULL,NULL),(1702,274,147,NULL,NULL),(1703,274,152,NULL,NULL),(1704,274,153,NULL,NULL),(1705,274,649,NULL,NULL),(1706,274,652,NULL,NULL),(1707,274,653,NULL,NULL),(1708,274,656,NULL,NULL),(1709,274,658,NULL,NULL),(1710,274,660,NULL,NULL),(1711,274,662,NULL,NULL),(1712,274,664,NULL,NULL),(1713,274,666,NULL,NULL),(1714,274,667,NULL,NULL),(1715,274,670,NULL,NULL),(1716,274,672,NULL,NULL),(1717,274,673,NULL,NULL),(1718,274,677,NULL,NULL),(1719,274,679,NULL,NULL),(1720,274,681,NULL,NULL),(1721,274,683,NULL,NULL),(1722,274,684,NULL,NULL),(1723,274,686,NULL,NULL),(1724,274,688,NULL,NULL),(1725,274,691,NULL,NULL),(1726,274,692,NULL,NULL),(1727,274,693,NULL,NULL),(1728,274,694,NULL,NULL),(1729,274,696,NULL,NULL),(1730,274,698,NULL,NULL),(1731,274,699,NULL,NULL),(1732,274,700,NULL,NULL),(1733,274,701,NULL,NULL),(1734,274,702,NULL,NULL),(1735,274,703,NULL,NULL),(1736,274,704,NULL,NULL),(1737,274,705,NULL,NULL),(1738,274,706,NULL,NULL),(1739,274,707,NULL,NULL),(1740,274,708,NULL,NULL),(1741,274,709,NULL,NULL),(1742,274,710,NULL,NULL),(1743,274,712,NULL,NULL),(1744,274,714,NULL,NULL),(1745,274,715,NULL,NULL),(1746,274,717,NULL,NULL),(1747,274,718,NULL,NULL),(1748,274,720,NULL,NULL),(1749,274,721,NULL,NULL),(1750,274,722,NULL,NULL),(1751,274,723,NULL,NULL),(1752,274,725,NULL,NULL),(1753,274,726,NULL,NULL),(1754,274,728,NULL,NULL),(1755,274,729,NULL,NULL),(1756,274,730,NULL,NULL),(1757,274,731,NULL,NULL),(1758,274,732,NULL,NULL),(1759,274,734,NULL,NULL),(1760,275,128,NULL,NULL),(1761,275,129,NULL,NULL),(1762,275,131,NULL,NULL),(1763,275,132,NULL,NULL),(1764,275,134,NULL,NULL),(1765,275,136,NULL,NULL),(1766,275,137,NULL,NULL),(1767,275,142,NULL,NULL),(1768,275,144,NULL,NULL),(1769,275,145,NULL,NULL),(1770,275,147,NULL,NULL),(1771,275,152,NULL,NULL),(1772,275,153,NULL,NULL),(1773,275,649,NULL,NULL),(1774,275,652,NULL,NULL),(1775,275,653,NULL,NULL),(1776,275,656,NULL,NULL),(1777,275,658,NULL,NULL),(1778,275,660,NULL,NULL),(1779,275,662,NULL,NULL),(1780,275,664,NULL,NULL),(1781,275,666,NULL,NULL),(1782,275,667,NULL,NULL),(1783,275,670,NULL,NULL),(1784,275,672,NULL,NULL),(1785,275,673,NULL,NULL),(1786,275,677,NULL,NULL),(1787,275,679,NULL,NULL),(1788,275,681,NULL,NULL),(1789,275,683,NULL,NULL),(1790,275,684,NULL,NULL),(1791,275,686,NULL,NULL),(1792,275,688,NULL,NULL),(1793,275,691,NULL,NULL),(1794,275,692,NULL,NULL),(1795,275,693,NULL,NULL),(1796,275,694,NULL,NULL),(1797,275,696,NULL,NULL),(1798,275,698,NULL,NULL),(1799,275,699,NULL,NULL),(1800,275,700,NULL,NULL),(1801,275,701,NULL,NULL),(1802,275,702,NULL,NULL),(1803,275,703,NULL,NULL),(1804,275,704,NULL,NULL),(1805,275,705,NULL,NULL),(1806,275,706,NULL,NULL),(1807,275,707,NULL,NULL),(1808,275,708,NULL,NULL),(1809,275,709,NULL,NULL),(1810,275,710,NULL,NULL),(1811,275,712,NULL,NULL),(1812,275,714,NULL,NULL),(1813,275,715,NULL,NULL),(1814,275,717,NULL,NULL),(1815,275,718,NULL,NULL),(1816,275,720,NULL,NULL),(1817,275,721,NULL,NULL),(1818,275,722,NULL,NULL),(1819,275,723,NULL,NULL),(1820,275,725,NULL,NULL),(1821,275,726,NULL,NULL),(1822,275,728,NULL,NULL),(1823,275,729,NULL,NULL),(1824,275,730,NULL,NULL),(1825,275,731,NULL,NULL),(1826,275,732,NULL,NULL),(1827,275,734,NULL,NULL),(1828,276,438,NULL,NULL),(1829,276,440,NULL,NULL),(1830,276,441,NULL,NULL),(1831,276,442,NULL,NULL),(1832,276,444,NULL,NULL),(1833,276,446,NULL,NULL),(1834,276,448,NULL,NULL),(1835,276,449,NULL,NULL),(1836,276,451,NULL,NULL),(1837,276,452,NULL,NULL),(1838,276,453,NULL,NULL),(1839,276,455,NULL,NULL),(1840,276,459,NULL,NULL),(1841,276,461,NULL,NULL),(1842,276,463,NULL,NULL),(1843,276,464,NULL,NULL),(1844,276,466,NULL,NULL),(1845,276,468,NULL,NULL),(1846,276,470,NULL,NULL),(1847,276,471,NULL,NULL),(1848,276,472,NULL,NULL),(1849,276,474,NULL,NULL),(1850,276,476,NULL,NULL),(1851,276,478,NULL,NULL),(1852,276,480,NULL,NULL),(1853,276,482,NULL,NULL),(1854,276,483,NULL,NULL),(1855,277,122,'正常',NULL),(1856,278,112,'肺通气功能正常范围',NULL),(1857,279,838,'胃体小弯黏膜下隆起，间质瘤可能  慢性浅表性胃炎       降结肠息肉（钳除）    （降）结肠黏膜增生性息肉，部分腺体呈腺瘤性增生，固有固有层水肿及多量炎细胞浸润',1),(1858,280,56,'窦性心律 陈旧性高侧壁心肌梗塞',1),(1881,282,62,NULL,NULL),(1882,282,63,NULL,NULL),(1883,282,64,NULL,NULL),(1884,282,65,'1.020',NULL),(1885,282,66,'6',NULL),(1886,282,67,'阴性',NULL),(1887,282,68,'正常',NULL),(1888,282,69,'阴性',NULL),(1889,282,70,'阴性',NULL),(1890,282,71,'正常',NULL),(1891,282,72,'阴性',NULL),(1892,282,73,'阴性',NULL),(1893,282,74,'阴性',NULL),(1894,282,75,'0.00',NULL),(1895,282,76,'0-4',NULL),(1896,282,77,NULL,NULL),(1897,282,78,'0',NULL),(1898,282,79,'0.00',NULL),(1899,282,80,'0.00',NULL),(1900,282,81,'1.32',NULL),(1901,282,82,'0.00',NULL),(1902,282,83,'0.00',NULL),(1903,283,127,'5.26',NULL),(1904,283,130,'5.79',NULL),(1905,283,133,'2.44',NULL),(1906,283,135,NULL,NULL),(1907,283,139,NULL,NULL),(1908,283,141,NULL,NULL),(1909,283,143,'8.24',1),(1910,283,146,'28.85',NULL),(1911,283,148,'6.42',NULL),(1912,283,150,'5.8',NULL),(1913,283,151,'13.5',NULL),(1914,283,154,NULL,NULL),(1915,283,156,NULL,NULL),(1916,283,159,NULL,NULL),(1917,283,161,NULL,NULL),(1918,283,163,NULL,NULL),(1919,283,165,NULL,NULL),(1920,283,167,NULL,NULL),(1921,283,169,NULL,NULL),(1922,283,171,NULL,NULL),(1923,283,174,NULL,NULL),(1924,283,176,NULL,NULL),(1925,284,51,'颈椎退行性改变，颈5-6、6-7 退行性椎间盘病',1),(1926,285,106,'脑血管功能大致正常。建议：一年后复查',NULL),(1927,286,51,'腰椎骨质未见异常',NULL),(1928,287,52,'颅脑CT平扫未见重要异常',NULL),(1929,288,53,'双肺上叶轻度间质纤维化',1),(1930,289,95,'脂肪肝  双侧颈动脉超声未见明显异常 双侧椎动脉超声未见明确异常  双侧颈部未见明显异常肿大淋巴结    前列腺增生      甲状腺腺体回声稍粗、欠均匀，建议定期复查',1),(1931,290,417,NULL,NULL),(1932,290,419,'2.71',NULL),(1933,290,422,'22.59',NULL),(1934,290,433,'4.39',NULL),(1935,290,435,'14.25',NULL),(1936,290,436,'8.07',NULL),(1937,290,437,'1.86',NULL),(1938,290,439,NULL,NULL),(1939,290,443,'10.81',NULL),(1940,290,445,'0.876',NULL),(1941,290,447,'0.316',NULL),(1942,290,450,NULL,NULL),(1943,290,454,'417.8',1),(1944,290,456,NULL,NULL),(1945,290,457,NULL,NULL),(1946,290,460,NULL,NULL),(1947,290,462,NULL,NULL),(1948,290,465,NULL,NULL),(1949,290,467,NULL,NULL),(1950,290,469,NULL,NULL),(1951,290,473,NULL,NULL),(1952,290,475,NULL,NULL),(1953,290,477,NULL,NULL),(1954,290,479,'1.30',NULL),(1955,290,481,NULL,NULL),(1956,290,484,NULL,NULL),(1957,290,486,NULL,NULL),(1958,291,531,'280.5',NULL),(1959,291,533,'阴性',NULL),(1960,291,534,'阴性',NULL),(1961,291,535,'阴性',NULL),(1962,291,536,'0.786',1),(1963,291,539,'阴性',NULL),(1964,291,542,NULL,NULL),(1965,291,544,NULL,NULL),(1966,291,547,NULL,NULL),(1967,291,549,NULL,NULL),(1968,291,552,NULL,NULL),(1969,292,4,'5.05',NULL),(1970,292,15,'155',NULL),(1971,292,17,'6.57',NULL),(1972,292,18,'0.477',1),(1973,292,19,'0.423',1),(1974,292,20,'255',NULL),(1975,292,21,'0.475',NULL),(1976,292,22,'94.1',NULL),(1977,292,23,'30.7',NULL),(1978,292,24,'326',NULL),(1979,292,25,'1.22',NULL),(1980,292,26,NULL,NULL),(1981,292,27,NULL,NULL),(1982,292,28,NULL,NULL),(1983,292,29,'0.056',NULL),(1984,292,30,'11.2',NULL),(1985,292,581,'12.8',NULL),(1986,292,582,NULL,NULL),(1987,292,583,NULL,NULL),(1988,292,584,'0.038',NULL),(1989,292,585,'0.006',NULL),(1990,292,586,NULL,NULL),(1991,292,587,'13.9',1),(1992,292,588,NULL,NULL),(1993,292,589,'0.29',1),(1994,292,590,'0.002',NULL),(1995,292,591,'0.053',NULL),(1996,292,592,'0.945',NULL),(1997,293,47,'节段性室壁运动障碍（侧壁中段心尖段）。  二、三尖瓣轻度反流。    左室整体收缩功能正常，左室整体舒张功能减退。',1),(1998,294,110,'骨质疏松',1),(1999,295,438,NULL,NULL),(2000,295,440,NULL,NULL),(2001,295,441,NULL,NULL),(2002,295,442,NULL,NULL),(2003,295,444,NULL,NULL),(2004,295,446,NULL,NULL),(2005,295,448,NULL,NULL),(2006,295,449,NULL,NULL),(2007,295,451,NULL,NULL),(2008,295,452,NULL,NULL),(2009,295,453,NULL,NULL),(2010,295,455,NULL,NULL),(2011,295,459,NULL,NULL),(2012,295,461,NULL,NULL),(2013,295,463,NULL,NULL),(2014,295,464,NULL,NULL),(2015,295,466,NULL,NULL),(2016,295,468,NULL,NULL),(2017,295,470,NULL,NULL),(2018,295,471,NULL,NULL),(2019,295,472,NULL,NULL),(2020,295,474,NULL,NULL),(2021,295,476,NULL,NULL),(2022,295,478,NULL,NULL),(2023,295,480,NULL,NULL),(2024,295,482,NULL,NULL),(2025,295,483,NULL,NULL),(2026,296,84,'黄色',NULL),(2027,296,85,'軟便',NULL),(2028,296,86,'阴性',NULL),(2029,296,87,'阴性',NULL),(2030,296,88,'阴性',NULL),(2031,296,89,'阴性',NULL),(2032,296,90,NULL,NULL),(2033,296,91,NULL,NULL),(2034,296,92,NULL,NULL),(2035,296,93,NULL,NULL),(2036,297,62,NULL,NULL),(2037,297,63,NULL,NULL),(2038,297,64,NULL,NULL),(2039,297,65,NULL,NULL),(2040,297,66,'5',NULL),(2041,297,67,'阴性',NULL),(2042,297,68,'正常',NULL),(2043,297,69,'阴性',NULL),(2044,297,70,'阴性',NULL),(2045,297,71,'阴性',NULL),(2046,297,72,'阴性',NULL),(2047,297,73,'阴性',NULL),(2048,297,74,'阴性',NULL),(2049,297,75,'0.00',NULL),(2050,297,76,'0.00',NULL),(2051,297,77,NULL,NULL),(2052,297,78,'0.00',NULL),(2053,297,79,NULL,NULL),(2054,297,80,'0.00',NULL),(2055,297,81,'0.00',NULL),(2056,297,82,'0.00',NULL),(2057,297,83,'阴性',NULL),(2058,298,127,'7.03',1),(2059,298,130,'16.75',NULL),(2060,298,133,'3.44',NULL),(2061,298,135,NULL,NULL),(2062,298,139,NULL,NULL),(2063,298,141,NULL,NULL),(2064,298,143,'10.61',1),(2065,298,146,'58.17',NULL),(2066,298,148,'10.45',NULL),(2067,298,150,'7.0',1),(2068,298,151,'13.7',NULL),(2069,298,154,NULL,NULL),(2070,298,156,NULL,NULL),(2071,298,159,NULL,NULL),(2072,298,161,NULL,NULL),(2073,298,163,NULL,NULL),(2074,298,165,NULL,NULL),(2075,298,167,NULL,NULL),(2076,298,169,NULL,NULL),(2077,298,171,NULL,NULL),(2078,298,174,NULL,NULL),(2079,298,176,NULL,NULL),(2080,299,417,NULL,NULL),(2081,299,419,'0.743',NULL),(2082,299,422,'4.97',NULL),(2083,299,433,'2.26',NULL),(2084,299,435,'14.89',NULL),(2085,299,436,'12.55',NULL),(2086,299,437,'2.16',NULL),(2087,299,439,'1.0',NULL),(2088,299,443,'12.63',NULL),(2089,299,445,NULL,NULL),(2090,299,447,'0.388',NULL),(2091,299,450,'',0),(2092,299,454,'541.7',1),(2093,299,456,NULL,NULL),(2094,299,457,NULL,NULL),(2095,299,460,NULL,NULL),(2096,299,462,NULL,NULL),(2097,299,465,NULL,NULL),(2098,299,467,NULL,NULL),(2099,299,469,NULL,NULL),(2100,299,473,NULL,NULL),(2101,299,475,NULL,NULL),(2102,299,477,NULL,NULL),(2103,299,479,NULL,NULL),(2104,299,481,NULL,NULL),(2105,299,484,NULL,NULL),(2106,299,486,NULL,NULL),(2107,300,531,'阴性',NULL),(2108,300,533,'963.5',NULL),(2109,300,534,'阴性',NULL),(2110,300,535,'0.632阳性',1),(2111,300,536,'0.008阳性',1),(2112,300,539,'阴性',NULL),(2113,300,542,NULL,NULL),(2114,300,544,NULL,NULL),(2115,300,547,NULL,NULL),(2116,300,549,NULL,NULL),(2117,300,552,NULL,NULL),(2118,301,4,'5.6',NULL),(2119,301,15,NULL,NULL),(2120,301,17,'8.36',NULL),(2121,301,18,'0.550',NULL),(2122,301,19,NULL,NULL),(2123,301,20,'254',NULL),(2124,301,21,NULL,NULL),(2125,301,22,'84.6',NULL),(2126,301,23,NULL,NULL),(2127,301,24,'331',NULL),(2128,301,25,'0.9',NULL),(2129,301,26,NULL,NULL),(2130,301,27,'0.017',NULL),(2131,301,28,'0.002',NULL),(2132,301,29,NULL,NULL),(2133,301,30,'11.1',NULL),(2134,301,581,NULL,NULL),(2135,301,582,'0.550',NULL),(2136,301,583,NULL,NULL),(2137,301,584,'',NULL),(2138,301,585,'',NULL),(2139,301,586,'0.067',NULL),(2140,301,587,'14.0',NULL),(2141,301,588,NULL,NULL),(2142,301,589,'0.28',1),(2143,301,590,'0.004',NULL),(2144,301,591,'0.338',NULL),(2145,301,592,'0.958',1),(2146,302,128,NULL,NULL),(2147,302,129,'15.7',NULL),(2148,302,131,NULL,NULL),(2149,302,132,'58',NULL),(2150,302,134,'64.7',NULL),(2151,302,136,'41.6',NULL),(2152,302,137,NULL,NULL),(2153,302,142,'8.1',NULL),(2154,302,144,'3.0',NULL),(2155,302,145,NULL,NULL),(2156,302,147,'8.1',NULL),(2157,302,152,'59',NULL),(2158,302,153,'37.6',NULL),(2159,302,649,NULL,NULL),(2160,302,652,NULL,NULL),(2161,302,653,NULL,NULL),(2162,302,656,'2.81',1),(2163,302,658,'4.68',NULL),(2164,302,660,'0.82',NULL),(2165,302,662,'3.01',NULL),(2166,302,664,NULL,NULL),(2167,302,666,NULL,NULL),(2168,302,667,NULL,NULL),(2169,302,670,NULL,NULL),(2170,302,672,NULL,NULL),(2171,302,673,NULL,NULL),(2172,302,677,NULL,NULL),(2173,302,679,NULL,NULL),(2174,302,681,NULL,NULL),(2175,302,683,NULL,NULL),(2176,302,684,NULL,NULL),(2177,302,686,NULL,NULL),(2178,302,688,NULL,NULL),(2179,302,691,NULL,NULL),(2180,302,692,NULL,NULL),(2181,302,693,NULL,NULL),(2182,302,694,NULL,NULL),(2183,302,696,NULL,NULL),(2184,302,698,NULL,NULL),(2185,302,699,NULL,NULL),(2186,302,700,NULL,NULL),(2187,302,701,NULL,NULL),(2188,302,702,NULL,NULL),(2189,302,703,NULL,NULL),(2190,302,704,NULL,NULL),(2191,302,705,NULL,NULL),(2192,302,706,NULL,NULL),(2193,302,707,NULL,NULL),(2194,302,708,NULL,NULL),(2195,302,709,NULL,NULL),(2196,302,710,NULL,NULL),(2197,302,712,NULL,NULL),(2198,302,714,NULL,NULL),(2199,302,715,NULL,NULL),(2200,302,717,NULL,NULL),(2201,302,718,NULL,NULL),(2202,302,720,NULL,NULL),(2203,302,721,NULL,NULL),(2204,302,722,NULL,NULL),(2205,302,723,NULL,NULL),(2206,302,725,NULL,NULL),(2207,302,726,NULL,NULL),(2208,302,728,NULL,NULL),(2209,302,729,NULL,NULL),(2210,302,730,NULL,NULL),(2211,302,731,NULL,NULL),(2212,302,732,NULL,NULL),(2213,302,734,NULL,NULL),(2230,305,128,'37',NULL),(2231,305,129,'19.1',NULL),(2232,305,131,'71',1),(2233,305,132,'53',NULL),(2234,305,134,'65.2',NULL),(2235,305,136,'47.2',NULL),(2236,305,137,NULL,NULL),(2237,305,142,'6.1',NULL),(2238,305,144,'2.2',NULL),(2239,305,145,NULL,NULL),(2240,305,147,'2.8',NULL),(2241,305,152,'63',NULL),(2242,305,153,'31.3',NULL),(2243,305,649,'81',NULL),(2244,305,652,'4.4',NULL),(2245,305,653,'451',1),(2246,305,656,'2.12',NULL),(2247,305,658,'4.57',NULL),(2248,305,660,'0.88',NULL),(2249,305,662,'2.81',NULL),(2250,305,664,'1.117',NULL),(2251,305,666,'0.926',NULL),(2252,305,667,'5.2',1),(2253,305,670,'77',NULL),(2254,305,672,'6.8',NULL),(2255,305,673,'122',NULL),(2256,305,677,'144',NULL),(2257,305,679,'4.12',NULL),(2258,305,681,'99.8',NULL),(2259,305,683,'1.44',NULL),(2260,305,684,'21.64',NULL),(2261,305,686,'28.7',NULL),(2262,305,688,'2.22',NULL),(2263,305,691,NULL,NULL),(2264,305,692,NULL,NULL),(2265,305,693,NULL,NULL),(2266,305,694,NULL,NULL),(2267,305,696,NULL,NULL),(2268,305,698,NULL,NULL),(2269,305,699,NULL,NULL),(2270,305,700,NULL,NULL),(2271,305,701,'4.6',NULL),(2272,305,702,'5.7',NULL),(2273,305,703,NULL,NULL),(2274,305,704,NULL,NULL),(2275,305,705,NULL,NULL),(2276,305,706,NULL,NULL),(2277,305,707,NULL,NULL),(2278,305,708,NULL,NULL),(2279,305,709,NULL,NULL),(2280,305,710,'7.97',NULL),(2281,305,712,'<0.541',NULL),(2282,305,714,'<0.02',NULL),(2283,305,715,NULL,NULL),(2284,305,717,NULL,NULL),(2285,305,718,'',NULL),(2286,305,720,'29',NULL),(2287,305,721,'0.003',NULL),(2288,305,722,'0.02',NULL),(2289,305,723,'8.0',NULL),(2290,305,725,'15.07',NULL),(2291,305,726,'7.24',NULL),(2292,305,728,'608.5',NULL),(2293,305,729,NULL,NULL),(2294,305,730,'21.64',NULL),(2295,305,731,NULL,NULL),(2296,305,732,'36.1',NULL),(2297,305,734,NULL,NULL),(2298,306,320,'1.32',NULL),(2299,306,322,'69.33',NULL),(2300,306,324,'5.27',NULL),(2301,306,326,'15.08',NULL),(2302,306,328,'3.47',NULL),(2303,306,330,'20.91',NULL),(2304,306,332,'10.42',NULL),(2305,306,334,NULL,NULL),(2306,306,337,NULL,NULL),(2307,306,348,NULL,NULL),(2308,306,349,NULL,NULL),(2309,306,350,NULL,NULL),(2323,308,354,'1.95',1),(2324,308,355,'41',NULL),(2325,308,356,NULL,NULL),(2326,308,357,'106',NULL),(2327,308,358,'17.8',NULL),(2328,308,359,'0.97',NULL),(2329,308,360,NULL,NULL),(2330,308,361,NULL,NULL),(2331,308,368,'<2.00',NULL),(2332,308,370,NULL,NULL),(2333,308,372,NULL,NULL),(2334,308,374,'<2.00',NULL),(2335,309,607,'29.52',NULL),(2336,309,608,'5.96',1),(2337,309,609,'19.26',NULL),(2338,309,610,'0.350',NULL),(2339,309,611,'',NULL),(2340,309,612,'41.85',NULL),(2341,310,95,'双侧乳腺增生并双乳结节',1),(2342,311,95,'腹部子宫超声未见异常、',NULL),(2343,312,49,'两肺、心隔未见明显异常。',NULL),(2344,313,107,'骨质疏松',1),(2345,314,4,'4.2',NULL),(2346,314,15,'139',NULL),(2347,314,17,'6.4',NULL),(2348,314,18,'4.03',NULL),(2349,314,19,'2.21',NULL),(2350,314,20,'284',NULL),(2351,314,21,'41.9',NULL),(2352,314,22,'99.8',NULL),(2353,314,23,'33.1',NULL),(2354,314,24,'332',NULL),(2355,314,25,NULL,NULL),(2356,314,26,NULL,NULL),(2357,314,27,NULL,NULL),(2358,314,28,NULL,NULL),(2359,314,29,NULL,NULL),(2360,314,30,'6.0',NULL),(2361,314,581,'11.7',NULL),(2362,314,582,NULL,NULL),(2363,314,583,NULL,NULL),(2364,314,584,NULL,NULL),(2365,314,585,NULL,NULL),(2366,314,586,NULL,NULL),(2367,314,587,'17.4',NULL),(2368,314,588,NULL,NULL),(2369,314,589,'0.17',NULL),(2370,314,590,NULL,NULL),(2371,314,591,NULL,NULL),(2372,314,592,NULL,NULL),(2373,315,62,NULL,NULL),(2374,315,63,NULL,NULL),(2375,315,64,NULL,NULL),(2376,315,65,'1.030',NULL),(2377,315,66,'6.0',NULL),(2378,315,67,NULL,NULL),(2379,315,68,NULL,NULL),(2380,315,69,'阴性',NULL),(2381,315,70,'阴性',NULL),(2382,315,71,'阴性',NULL),(2383,315,72,'阴性',NULL),(2384,315,73,NULL,NULL),(2385,315,74,'阴性',NULL),(2386,315,75,NULL,NULL),(2387,315,76,NULL,NULL),(2388,315,77,NULL,NULL),(2389,315,78,NULL,NULL),(2390,315,79,NULL,NULL),(2391,315,80,NULL,NULL),(2392,315,81,NULL,NULL),(2393,315,82,NULL,NULL),(2394,315,83,NULL,NULL),(2395,316,128,'20',NULL),(2396,316,129,'32',NULL),(2397,316,131,NULL,NULL),(2398,316,132,NULL,NULL),(2399,316,134,NULL,NULL),(2400,316,136,NULL,NULL),(2401,316,137,NULL,NULL),(2402,316,142,'13.1',NULL),(2403,316,144,'4.2',NULL),(2404,316,145,'8.9',NULL),(2405,316,147,NULL,NULL),(2406,316,152,NULL,NULL),(2407,316,153,NULL,NULL),(2408,316,649,'87.7',NULL),(2409,316,652,NULL,NULL),(2410,316,653,'177.67',NULL),(2411,316,656,'0.9',NULL),(2412,316,658,'4.40',NULL),(2413,316,660,'1.43',NULL),(2414,316,662,'2.345',NULL),(2415,316,664,NULL,NULL),(2416,316,666,NULL,NULL),(2417,316,667,NULL,NULL),(2418,316,670,NULL,NULL),(2419,316,672,NULL,NULL),(2420,316,673,NULL,NULL),(2421,316,677,NULL,NULL),(2422,316,679,NULL,NULL),(2423,316,681,NULL,NULL),(2424,316,683,NULL,NULL),(2425,316,684,NULL,NULL),(2426,316,686,NULL,NULL),(2427,316,688,NULL,NULL),(2428,316,691,NULL,NULL),(2429,316,692,NULL,NULL),(2430,316,693,NULL,NULL),(2431,316,694,NULL,NULL),(2432,316,696,NULL,NULL),(2433,316,698,NULL,NULL),(2434,316,699,NULL,NULL),(2435,316,700,NULL,NULL),(2436,316,701,NULL,NULL),(2437,316,702,NULL,NULL),(2438,316,703,NULL,NULL),(2439,316,704,NULL,NULL),(2440,316,705,NULL,NULL),(2441,316,706,NULL,NULL),(2442,316,707,NULL,NULL),(2443,316,708,NULL,NULL),(2444,316,709,NULL,NULL),(2445,316,710,NULL,NULL),(2446,316,712,NULL,NULL),(2447,316,714,NULL,NULL),(2448,316,715,NULL,NULL),(2449,316,717,NULL,NULL),(2450,316,718,NULL,NULL),(2451,316,720,NULL,NULL),(2452,316,721,NULL,NULL),(2453,316,722,NULL,NULL),(2454,316,723,NULL,NULL),(2455,316,725,NULL,NULL),(2456,316,726,NULL,NULL),(2457,316,728,NULL,NULL),(2458,316,729,NULL,NULL),(2459,316,730,NULL,NULL),(2460,316,731,NULL,NULL),(2461,316,732,NULL,NULL),(2462,316,734,NULL,NULL),(2463,317,531,'阴性',NULL),(2464,317,533,'阳性（+）',1),(2465,317,534,'阴性',NULL),(2466,317,535,'阴性',NULL),(2467,317,536,'阴性',NULL),(2468,317,539,NULL,NULL),(2469,317,542,NULL,NULL),(2470,317,544,NULL,NULL),(2471,317,547,NULL,NULL),(2472,317,549,NULL,NULL),(2473,317,552,NULL,NULL),(2485,319,354,'2.88',NULL),(2486,319,355,'35.1',NULL),(2487,319,356,NULL,NULL),(2488,319,357,'90.0',NULL),(2489,319,358,'16.5',NULL),(2490,319,359,'1.07',NULL),(2491,319,360,NULL,NULL),(2492,319,361,NULL,NULL),(2493,319,368,NULL,NULL),(2494,319,370,NULL,NULL),(2495,319,372,NULL,NULL),(2496,319,374,NULL,NULL),(2501,321,531,'阴性',NULL),(2502,321,533,'＜2.00',NULL),(2503,321,534,'阴性',NULL),(2504,321,535,'阴性',NULL),(2505,321,536,'阴性',NULL),(2506,321,539,'阴性',NULL),(2507,321,542,'阴性',NULL),(2508,321,544,'阴性',NULL),(2509,321,547,NULL,NULL),(2510,321,549,NULL,NULL),(2511,321,552,NULL,NULL),(2512,322,320,NULL,NULL),(2513,322,322,NULL,NULL),(2514,322,324,NULL,NULL),(2515,322,326,NULL,NULL),(2516,322,328,NULL,NULL),(2517,322,330,'19.49',NULL),(2518,322,332,'8.01',NULL),(2519,322,334,NULL,NULL),(2520,322,337,NULL,NULL),(2521,322,348,NULL,NULL),(2522,322,349,NULL,NULL),(2523,322,350,NULL,NULL),(2524,323,607,'52.18',NULL),(2525,323,608,'12.70',NULL),(2526,323,609,'18.30',NULL),(2527,323,610,'0.626',NULL),(2528,323,611,'51.15',NULL),(2529,323,612,NULL,NULL),(2597,327,4,'5.12',NULL),(2598,327,15,'164',NULL),(2599,327,17,'6.5',NULL),(2600,327,18,'0.447',NULL),(2601,327,19,'0.422',1),(2602,327,20,'190',NULL),(2603,327,21,'0.469',NULL),(2604,327,22,'91.6',NULL),(2605,327,23,'32.0',NULL),(2606,327,24,'350',NULL),(2607,327,25,'1.92',NULL),(2608,327,26,NULL,NULL),(2609,327,27,'0.022',NULL),(2610,327,28,'0.006',NULL),(2611,327,29,NULL,NULL),(2612,327,30,'10.8',NULL),(2613,327,581,'12.4',NULL),(2614,327,582,NULL,NULL),(2615,327,583,'0.422',1),(2616,327,584,NULL,NULL),(2617,327,585,NULL,NULL),(2618,327,586,'0.103',NULL),(2619,327,587,'12.9',NULL),(2620,327,588,NULL,NULL),(2621,327,589,'0.2',NULL),(2622,327,590,'0.015',NULL),(2623,327,591,'0.112',NULL),(2624,327,592,'0.873',NULL),(2625,328,62,'0.00',NULL),(2626,328,63,NULL,NULL),(2627,328,64,NULL,NULL),(2628,328,65,'1.020',NULL),(2629,328,66,'5',NULL),(2630,328,67,'阴性',NULL),(2631,328,68,'正常',NULL),(2632,328,69,'阴性',NULL),(2633,328,70,'阴性',NULL),(2634,328,71,'正常',NULL),(2635,328,72,'阴性',NULL),(2636,328,73,'阴性',NULL),(2637,328,74,'阴性',NULL),(2638,328,75,'0.00',NULL),(2639,328,76,'0-2',NULL),(2640,328,77,NULL,NULL),(2641,328,78,NULL,NULL),(2642,328,79,NULL,NULL),(2643,328,80,'0.66',NULL),(2644,328,81,'0.00',NULL),(2645,328,82,'1.98',1),(2646,328,83,NULL,NULL),(2647,329,84,'黄色',NULL),(2648,329,85,'软便',NULL),(2649,329,86,'阴性',NULL),(2650,329,87,'阴性',NULL),(2651,329,88,'阴性',NULL),(2652,329,89,'阴性',NULL),(2653,329,90,NULL,NULL),(2654,329,91,NULL,NULL),(2655,329,92,NULL,NULL),(2656,329,93,NULL,NULL),(2657,330,127,'4.98',NULL),(2658,330,130,'14.32',NULL),(2659,330,133,'3.30',NULL),(2660,330,135,NULL,NULL),(2661,330,139,NULL,NULL),(2662,330,141,NULL,NULL),(2663,330,143,'9.57',1),(2664,330,146,'147.8',NULL),(2665,330,148,'15.16',NULL),(2666,330,150,'5.7',NULL),(2667,330,151,NULL,NULL),(2668,330,154,NULL,NULL),(2669,330,156,NULL,NULL),(2670,330,159,NULL,NULL),(2671,330,161,NULL,NULL),(2672,330,163,NULL,NULL),(2673,330,165,NULL,NULL),(2674,330,167,NULL,NULL),(2675,330,169,NULL,NULL),(2676,330,171,NULL,NULL),(2677,330,174,NULL,NULL),(2678,330,176,NULL,NULL),(2679,331,531,'阴性',NULL),(2680,331,533,'2.00',NULL),(2681,331,534,'阴性',NULL),(2682,331,535,'阴性',NULL),(2683,331,536,'阴性',NULL),(2684,331,539,'阴性',NULL),(2685,331,542,NULL,NULL),(2686,331,544,NULL,NULL),(2687,331,547,NULL,NULL),(2688,331,549,NULL,NULL),(2689,331,552,NULL,NULL),(2690,332,417,NULL,NULL),(2691,332,419,NULL,NULL),(2692,332,422,NULL,NULL),(2693,332,433,NULL,NULL),(2694,332,435,'9.03',NULL),(2695,332,436,'10.28',NULL),(2696,332,437,'1.98',NULL),(2697,332,439,'1.2',NULL),(2698,332,443,'20.33',NULL),(2699,332,445,NULL,NULL),(2700,332,447,NULL,NULL),(2701,332,450,NULL,NULL),(2702,332,454,'442.6',NULL),(2703,332,456,NULL,NULL),(2704,332,457,NULL,NULL),(2705,332,460,NULL,NULL),(2706,332,462,NULL,NULL),(2707,332,465,NULL,NULL),(2708,332,467,NULL,NULL),(2709,332,469,NULL,NULL),(2710,332,473,NULL,NULL),(2711,332,475,NULL,NULL),(2712,332,477,NULL,NULL),(2713,332,479,NULL,NULL),(2714,332,481,NULL,NULL),(2715,332,484,NULL,NULL),(2716,332,486,NULL,NULL),(2717,333,128,'28.5',NULL),(2718,333,129,'16.7',NULL),(2719,333,131,'47',NULL),(2720,333,132,'60',NULL),(2721,333,134,'65.8',NULL),(2722,333,136,'46.6',NULL),(2723,333,137,NULL,NULL),(2724,333,142,'10.3',NULL),(2725,333,144,'3.1',NULL),(2726,333,145,NULL,NULL),(2727,333,147,'4.4',NULL),(2728,333,152,'71',NULL),(2729,333,153,'50.5',NULL),(2730,333,649,'72',NULL),(2731,333,652,'5.9',NULL),(2732,333,653,'372',NULL),(2733,333,656,'1.00',NULL),(2734,333,658,'4.98',NULL),(2735,333,660,'1.03',NULL),(2736,333,662,'3.83',1),(2737,333,664,'1.023',NULL),(2738,333,666,'1.044',NULL),(2739,333,667,'3.3',NULL),(2740,333,670,'71',NULL),(2741,333,672,'9.4',NULL),(2742,333,673,'175',NULL),(2743,333,677,'142',NULL),(2744,333,679,'4.17',NULL),(2745,333,681,'105.9',NULL),(2746,333,683,'1.36',NULL),(2747,333,684,'0.98',NULL),(2748,333,686,'21.5',NULL),(2749,333,688,'2.29',NULL),(2750,333,691,NULL,NULL),(2751,333,692,NULL,NULL),(2752,333,693,NULL,NULL),(2753,333,694,NULL,NULL),(2754,333,696,NULL,NULL),(2755,333,698,NULL,NULL),(2756,333,699,NULL,NULL),(2757,333,700,NULL,NULL),(2758,333,701,NULL,NULL),(2759,333,702,'7.7',NULL),(2760,333,703,NULL,NULL),(2761,333,704,NULL,NULL),(2762,333,705,NULL,NULL),(2763,333,706,NULL,NULL),(2764,333,707,NULL,NULL),(2765,333,708,NULL,NULL),(2766,333,709,NULL,NULL),(2767,333,710,'3.48',NULL),(2768,333,712,'＜0.51',NULL),(2769,333,714,'＜0.02',NULL),(2770,333,715,NULL,NULL),(2771,333,717,NULL,NULL),(2772,333,718,'0.00',NULL),(2773,333,720,'35',NULL),(2774,333,721,'0.006',NULL),(2775,333,722,'0.000',NULL),(2776,333,723,'16',NULL),(2777,333,725,'20.64',1),(2778,333,726,'5.95',NULL),(2779,333,728,'518.6',NULL),(2780,333,729,NULL,NULL),(2781,333,730,'6.16',NULL),(2782,333,731,NULL,NULL),(2783,333,732,'31.3',NULL),(2784,333,734,NULL,NULL),(2785,334,354,'2.84',NULL),(2786,334,355,'32.9',NULL),(2787,334,356,'15.5',NULL),(2788,334,357,'94',NULL),(2789,334,358,NULL,NULL),(2790,334,359,'1.04',NULL),(2791,334,360,NULL,NULL),(2792,334,361,NULL,NULL),(2793,334,368,'＜2',NULL),(2794,334,370,'＜2',NULL),(2795,334,372,'7.44',NULL),(2796,334,374,'＜2',NULL),(2797,335,607,'43.48',NULL),(2798,335,608,'12.93',1),(2799,335,609,'15.19',NULL),(2800,335,610,'0.542',NULL),(2801,335,611,'42.63',NULL),(2802,335,612,NULL,NULL),(2803,336,320,'2.40',NULL),(2804,336,322,'85.78',NULL),(2805,336,324,'6.20',NULL),(2806,336,326,'16.14',NULL),(2807,336,328,'2.94',NULL),(2808,336,330,'10.00',NULL),(2809,336,332,'7.37',NULL),(2810,336,334,NULL,NULL),(2811,336,337,NULL,NULL),(2812,336,348,NULL,NULL),(2813,336,349,NULL,NULL),(2814,336,350,NULL,NULL),(2815,337,417,'4.70',NULL),(2816,337,419,'0.00',NULL),(2817,337,422,'9.72',NULL),(2818,337,433,'1.25',NULL),(2819,337,435,NULL,NULL),(2820,337,436,NULL,NULL),(2821,337,437,'2.68',NULL),(2822,337,439,NULL,NULL),(2823,337,443,'16.06',NULL),(2824,337,445,'0.600',NULL),(2825,337,447,NULL,NULL),(2826,337,450,'0.30',NULL),(2827,337,454,'546.4',1),(2828,337,456,NULL,NULL),(2829,337,457,NULL,NULL),(2830,337,460,NULL,NULL),(2831,337,462,NULL,NULL),(2832,337,465,NULL,NULL),(2833,337,467,NULL,NULL),(2834,337,469,NULL,NULL),(2835,337,473,NULL,NULL),(2836,337,475,NULL,NULL),(2837,337,477,NULL,NULL),(2838,337,479,'4.70',NULL),(2839,337,481,NULL,NULL),(2840,337,484,NULL,NULL),(2841,337,486,NULL,NULL),(2864,339,4,'5.07',NULL),(2865,339,15,'166',NULL),(2866,339,17,'6.79',NULL),(2867,339,18,'3.13',NULL),(2868,339,19,'43.30',NULL),(2869,339,20,'194',NULL),(2870,339,21,'48.40',1),(2871,339,22,'95.5',NULL),(2872,339,23,'32.7',NULL),(2873,339,24,'343',NULL),(2874,339,25,NULL,NULL),(2875,339,26,NULL,NULL),(2876,339,27,'1.50',NULL),(2877,339,28,'0.40',NULL),(2878,339,29,'8.70',NULL),(2879,339,30,'11.1',NULL),(2880,339,581,'44',NULL),(2881,339,582,'3.13',NULL),(2882,339,583,'2.94',NULL),(2883,339,584,'0.10',NULL),(2884,339,585,'0.03',NULL),(2885,339,586,'0.59',NULL),(2886,339,587,'14.2',NULL),(2887,339,588,'33.40',NULL),(2888,339,589,'0.220',NULL),(2889,339,590,NULL,NULL),(2890,339,591,NULL,NULL),(2891,339,592,NULL,NULL),(2919,341,320,'1.40',NULL),(2920,341,322,'8.2',NULL),(2921,341,324,'4.01',NULL),(2922,341,326,'1.23',NULL),(2923,341,328,'2.022',NULL),(2924,341,330,NULL,NULL),(2925,341,332,NULL,NULL),(2926,341,334,NULL,NULL),(2927,341,337,NULL,NULL),(2928,341,348,NULL,NULL),(2929,341,349,NULL,NULL),(2930,341,350,NULL,NULL),(2931,342,613,'19.17',NULL),(2932,342,614,'4.82',NULL),(2933,342,616,NULL,NULL),(2934,342,617,'4.06',NULL),(2935,343,128,'29.1',NULL),(2936,343,129,'19.9',NULL),(2937,343,131,'37',NULL),(2938,343,132,'61',NULL),(2939,343,134,'69.30',NULL),(2940,343,136,'48.20',NULL),(2941,343,137,'21.10',NULL),(2942,343,142,'11.40',NULL),(2943,343,144,'3.20',NULL),(2944,343,145,'8.20',NULL),(2945,343,147,NULL,NULL),(2946,343,152,NULL,NULL),(2947,343,153,NULL,NULL),(2948,343,649,'80',NULL),(2949,343,652,'4.9',NULL),(2950,343,653,'323',NULL),(2951,343,656,'0.88',NULL),(2952,343,658,'4.56',NULL),(2953,343,660,'3.22',NULL),(2954,343,662,'0.35',NULL),(2955,343,664,NULL,NULL),(2956,343,666,NULL,NULL),(2957,343,667,NULL,NULL),(2958,343,670,NULL,NULL),(2959,343,672,'12.90',NULL),(2960,343,673,'190.00',NULL),(2961,343,677,NULL,NULL),(2962,343,679,NULL,NULL),(2963,343,681,NULL,NULL),(2964,343,683,'1.15',NULL),(2965,343,684,'1.04',NULL),(2966,343,686,NULL,NULL),(2967,343,688,'2.28',NULL),(2968,343,691,NULL,NULL),(2969,343,692,NULL,NULL),(2970,343,693,NULL,NULL),(2971,343,694,NULL,NULL),(2972,343,696,NULL,NULL),(2973,343,698,NULL,NULL),(2974,343,699,NULL,NULL),(2975,343,700,NULL,NULL),(2976,343,701,NULL,NULL),(2977,343,702,NULL,NULL),(2978,343,703,NULL,NULL),(2979,343,704,NULL,NULL),(2980,343,705,NULL,NULL),(2981,343,706,NULL,NULL),(2982,343,707,NULL,NULL),(2983,343,708,NULL,NULL),(2984,343,709,NULL,NULL),(2985,343,710,NULL,NULL),(2986,343,712,NULL,NULL),(2987,343,714,NULL,NULL),(2988,343,715,NULL,NULL),(2989,343,717,'149',NULL),(2990,343,718,NULL,NULL),(2991,343,720,NULL,NULL),(2992,343,721,NULL,NULL),(2993,343,722,NULL,NULL),(2994,343,723,NULL,NULL),(2995,343,725,NULL,NULL),(2996,343,726,NULL,NULL),(2997,343,728,NULL,NULL),(2998,343,729,NULL,NULL),(2999,343,730,NULL,NULL),(3000,343,731,NULL,NULL),(3001,343,732,NULL,NULL),(3002,343,734,NULL,NULL),(3003,344,95,'肝大，轻度脂肪肝、胆囊多发息肉、前列腺略大伴钙化、双侧椎动脉颈内动脉及锁骨下动脉、双侧甲状腺、胰脾双肾膀胱未见异常。',NULL),(3004,345,47,'左房轻大、左室舒张功能减低。',NULL),(3005,346,56,'窦性心律、室性期前收缩。',NULL),(3007,348,4,'5.15',NULL),(3008,348,15,'164',NULL),(3009,348,17,'4.10',NULL),(3010,348,18,'54.10',NULL),(3011,348,19,'38.80',NULL),(3012,348,20,'196',NULL),(3013,348,21,'47',NULL),(3014,348,22,'91.30',NULL),(3015,348,23,'31.80',NULL),(3016,348,24,'349',NULL),(3017,348,25,NULL,NULL),(3018,348,26,NULL,NULL),(3019,348,27,NULL,NULL),(3020,348,28,NULL,NULL),(3021,348,29,'7.10',NULL),(3022,348,30,NULL,NULL),(3023,348,581,NULL,NULL),(3024,348,582,NULL,NULL),(3025,348,583,'2.90',NULL),(3026,348,584,NULL,NULL),(3027,348,585,NULL,NULL),(3028,348,586,'0.60',NULL),(3029,348,587,'12.70',NULL),(3030,348,588,'30.00',NULL),(3031,348,589,'10.50',NULL),(3032,348,590,NULL,NULL),(3033,348,591,NULL,NULL),(3034,348,592,NULL,NULL),(3035,349,62,NULL,NULL),(3036,349,63,NULL,NULL),(3037,349,64,NULL,NULL),(3038,349,65,'1.015',NULL),(3039,349,66,'6.00',NULL),(3040,349,67,NULL,NULL),(3041,349,68,'正常',NULL),(3042,349,69,'阴性',NULL),(3043,349,70,'阴性',NULL),(3044,349,71,NULL,NULL),(3045,349,72,'阴性',NULL),(3046,349,73,NULL,NULL),(3047,349,74,NULL,NULL),(3048,349,75,NULL,NULL),(3049,349,76,NULL,NULL),(3050,349,77,NULL,NULL),(3051,349,78,NULL,NULL),(3052,349,79,NULL,NULL),(3053,349,80,NULL,NULL),(3054,349,81,NULL,NULL),(3055,349,82,NULL,NULL),(3056,349,83,NULL,NULL),(3057,350,84,'黄褐色',NULL),(3058,350,85,'软便',NULL),(3059,350,86,NULL,NULL),(3060,350,87,NULL,NULL),(3061,350,88,'阴性',NULL),(3062,350,89,NULL,NULL),(3063,350,90,NULL,NULL),(3064,350,91,NULL,NULL),(3065,350,92,NULL,NULL),(3066,350,93,NULL,NULL),(3067,351,128,NULL,NULL),(3068,351,129,NULL,NULL),(3069,351,131,'16.8',1),(3070,351,132,NULL,NULL),(3071,351,134,NULL,NULL),(3072,351,136,NULL,NULL),(3073,351,137,NULL,NULL),(3074,351,142,'13.7',NULL),(3075,351,144,'4.3',NULL),(3076,351,145,'9.4',NULL),(3077,351,147,NULL,NULL),(3078,351,152,NULL,NULL),(3079,351,153,NULL,NULL),(3080,351,649,'82',NULL),(3081,351,652,NULL,NULL),(3082,351,653,'345',NULL),(3083,351,656,'1.27',NULL),(3084,351,658,'5.57',NULL),(3085,351,660,'1.09',NULL),(3086,351,662,'3.84',NULL),(3087,351,664,NULL,NULL),(3088,351,666,NULL,NULL),(3089,351,667,NULL,NULL),(3090,351,670,NULL,NULL),(3091,351,672,NULL,NULL),(3092,351,673,NULL,NULL),(3093,351,677,NULL,NULL),(3094,351,679,NULL,NULL),(3095,351,681,NULL,NULL),(3096,351,683,NULL,NULL),(3097,351,684,NULL,NULL),(3098,351,686,NULL,NULL),(3099,351,688,NULL,NULL),(3100,351,691,NULL,NULL),(3101,351,692,NULL,NULL),(3102,351,693,NULL,NULL),(3103,351,694,NULL,NULL),(3104,351,696,NULL,NULL),(3105,351,698,NULL,NULL),(3106,351,699,NULL,NULL),(3107,351,700,NULL,NULL),(3108,351,701,NULL,NULL),(3109,351,702,NULL,NULL),(3110,351,703,NULL,NULL),(3111,351,704,NULL,NULL),(3112,351,705,NULL,NULL),(3113,351,706,NULL,NULL),(3114,351,707,NULL,NULL),(3115,351,708,NULL,NULL),(3116,351,709,NULL,NULL),(3117,351,710,NULL,NULL),(3118,351,712,NULL,NULL),(3119,351,714,NULL,NULL),(3120,351,715,NULL,NULL),(3121,351,717,NULL,NULL),(3122,351,718,NULL,NULL),(3123,351,720,NULL,NULL),(3124,351,721,NULL,NULL),(3125,351,722,NULL,NULL),(3126,351,723,NULL,NULL),(3127,351,725,NULL,NULL),(3128,351,726,NULL,NULL),(3129,351,728,NULL,NULL),(3130,351,729,NULL,NULL),(3131,351,730,NULL,NULL),(3132,351,731,NULL,NULL),(3133,351,732,NULL,NULL),(3134,351,734,NULL,NULL),(3135,352,320,'1.69',NULL),(3136,352,322,'8.67',NULL),(3137,352,324,NULL,NULL),(3138,352,326,NULL,NULL),(3139,352,328,'1.98',NULL),(3140,352,330,NULL,NULL),(3141,352,332,NULL,NULL),(3142,352,334,NULL,NULL),(3143,352,337,NULL,NULL),(3144,352,348,NULL,NULL),(3145,352,349,NULL,NULL),(3146,352,350,NULL,NULL),(3147,353,417,'6.53',NULL),(3148,353,419,'1.25',NULL),(3149,353,422,NULL,NULL),(3150,353,433,NULL,NULL),(3151,353,435,NULL,NULL),(3152,353,436,NULL,NULL),(3153,353,437,NULL,NULL),(3154,353,439,NULL,NULL),(3155,353,443,NULL,NULL),(3156,353,445,NULL,NULL),(3157,353,447,'0.86',NULL),(3158,353,450,NULL,NULL),(3159,353,454,NULL,NULL),(3160,353,456,NULL,NULL),(3161,353,457,NULL,NULL),(3162,353,460,NULL,NULL),(3163,353,462,NULL,NULL),(3164,353,465,NULL,NULL),(3165,353,467,NULL,NULL),(3166,353,469,NULL,NULL),(3167,353,473,NULL,NULL),(3168,353,475,NULL,NULL),(3169,353,477,NULL,NULL),(3170,353,479,NULL,NULL),(3171,353,481,NULL,NULL),(3172,353,484,NULL,NULL),(3173,353,486,NULL,NULL),(3174,354,438,NULL,NULL),(3175,354,440,'3.00',NULL),(3176,354,441,NULL,NULL),(3177,354,442,NULL,NULL),(3178,354,444,NULL,NULL),(3179,354,446,NULL,NULL),(3180,354,448,NULL,NULL),(3181,354,449,NULL,NULL),(3182,354,451,NULL,NULL),(3183,354,452,NULL,NULL),(3184,354,453,NULL,NULL),(3185,354,455,NULL,NULL),(3186,354,459,NULL,NULL),(3187,354,461,NULL,NULL),(3188,354,463,NULL,NULL),(3189,354,464,NULL,NULL),(3190,354,466,NULL,NULL),(3191,354,468,NULL,NULL),(3192,354,470,NULL,NULL),(3193,354,471,NULL,NULL),(3194,354,472,NULL,NULL),(3195,354,474,NULL,NULL),(3196,354,476,NULL,NULL),(3197,354,478,NULL,NULL),(3198,354,480,NULL,NULL),(3199,354,482,NULL,NULL),(3200,354,483,NULL,NULL),(3201,355,128,NULL,NULL),(3202,355,129,NULL,NULL),(3203,355,131,NULL,NULL),(3204,355,132,NULL,NULL),(3205,355,134,NULL,NULL),(3206,355,136,NULL,NULL),(3207,355,137,NULL,NULL),(3208,355,142,NULL,NULL),(3209,355,144,NULL,NULL),(3210,355,145,NULL,NULL),(3211,355,147,NULL,NULL),(3212,355,152,NULL,NULL),(3213,355,153,NULL,NULL),(3214,355,649,NULL,NULL),(3215,355,652,NULL,NULL),(3216,355,653,NULL,NULL),(3217,355,656,NULL,NULL),(3218,355,658,NULL,NULL),(3219,355,660,NULL,NULL),(3220,355,662,NULL,NULL),(3221,355,664,NULL,NULL),(3222,355,666,NULL,NULL),(3223,355,667,NULL,NULL),(3224,355,670,NULL,NULL),(3225,355,672,NULL,NULL),(3226,355,673,NULL,NULL),(3227,355,677,NULL,NULL),(3228,355,679,NULL,NULL),(3229,355,681,NULL,NULL),(3230,355,683,NULL,NULL),(3231,355,684,NULL,NULL),(3232,355,686,NULL,NULL),(3233,355,688,NULL,NULL),(3234,355,691,NULL,NULL),(3235,355,692,NULL,NULL),(3236,355,693,NULL,NULL),(3237,355,694,NULL,NULL),(3238,355,696,NULL,NULL),(3239,355,698,NULL,NULL),(3240,355,699,NULL,NULL),(3241,355,700,NULL,NULL),(3242,355,701,NULL,NULL),(3243,355,702,NULL,NULL),(3244,355,703,NULL,NULL),(3245,355,704,NULL,NULL),(3246,355,705,NULL,NULL),(3247,355,706,NULL,NULL),(3248,355,707,NULL,NULL),(3249,355,708,NULL,NULL),(3250,355,709,NULL,NULL),(3251,355,710,NULL,NULL),(3252,355,712,NULL,NULL),(3253,355,714,NULL,NULL),(3254,355,715,NULL,NULL),(3255,355,717,NULL,NULL),(3256,355,718,NULL,NULL),(3257,355,720,NULL,NULL),(3258,355,721,NULL,NULL),(3259,355,722,NULL,NULL),(3260,355,723,NULL,NULL),(3261,355,725,NULL,NULL),(3262,355,726,NULL,NULL),(3263,355,728,NULL,NULL),(3264,355,729,NULL,NULL),(3265,355,730,NULL,NULL),(3266,355,731,NULL,NULL),(3267,355,732,NULL,NULL),(3268,355,734,NULL,NULL),(3269,356,438,NULL,NULL),(3270,356,440,NULL,NULL),(3271,356,441,NULL,NULL),(3272,356,442,NULL,NULL),(3273,356,444,NULL,NULL),(3274,356,446,NULL,NULL),(3275,356,448,NULL,NULL),(3276,356,449,NULL,NULL),(3277,356,451,NULL,NULL),(3278,356,452,NULL,NULL),(3279,356,453,NULL,NULL),(3280,356,455,NULL,NULL),(3281,356,459,NULL,NULL),(3282,356,461,NULL,NULL),(3283,356,463,NULL,NULL),(3284,356,464,NULL,NULL),(3285,356,466,NULL,NULL),(3286,356,468,NULL,NULL),(3287,356,470,NULL,NULL),(3288,356,471,NULL,NULL),(3289,356,472,NULL,NULL),(3290,356,474,NULL,NULL),(3291,356,476,NULL,NULL),(3292,356,478,NULL,NULL),(3293,356,480,NULL,NULL),(3294,356,482,NULL,NULL),(3295,356,483,NULL,NULL),(3296,357,111,NULL,NULL),(3297,358,105,'H-TCT超薄细胞学检测报告未见上皮内病变及癌变，建议一年内复查',NULL),(3298,359,47,'宫内节育器位置正常，双侧乳腺增生，右侧乳腺实性结节？（乳腺腺病样变化），甲状腺右叶囊性结节，肝胆胰脾肾、膀胱子宫、甲状腺左叶、双侧颈动脉声像图未见异常，静息状态下心脏结构及功能大致正常',1),(3299,360,53,'胸部CT平扫未见明显异常',NULL),(3300,361,838,'慢性浅表性胃炎，所见横结肠以下粘膜未见异常',1),(3301,362,4,'4.33',NULL),(3302,362,15,'130',NULL),(3303,362,17,'4.7',NULL),(3304,362,18,'60.83',NULL),(3305,362,19,'33.66',NULL),(3306,362,20,'238',NULL),(3307,362,21,'38.4',NULL),(3308,362,22,'88.9',NULL),(3309,362,23,'30.0',NULL),(3310,362,24,'338',NULL),(3311,362,25,NULL,NULL),(3312,362,26,NULL,NULL),(3313,362,27,'0.22',1),(3314,362,28,'0.16',NULL),(3315,362,29,'5.13',NULL),(3316,362,30,'9.9',NULL),(3317,362,581,'12.4',NULL),(3318,362,582,'2.853',NULL),(3319,362,583,'1.579',NULL),(3320,362,584,'0.010',1),(3321,362,585,'0.008',NULL),(3322,362,586,'0.241',NULL),(3323,362,587,'10.4',NULL),(3324,362,588,'13.25',NULL),(3325,362,589,'0.23',NULL),(3326,362,590,NULL,NULL),(3327,362,591,NULL,NULL),(3328,362,592,NULL,NULL),(3329,363,128,'10',NULL),(3330,363,129,'19',NULL),(3331,363,131,'11',NULL),(3332,363,132,'40',NULL),(3333,363,134,'73',NULL),(3334,363,136,'41.1',NULL),(3335,363,137,'31.9',NULL),(3336,363,142,'15.5',NULL),(3337,363,144,'3.3',NULL),(3338,363,145,'12.2',NULL),(3339,363,147,NULL,NULL),(3340,363,152,'100',NULL),(3341,363,153,'46',NULL),(3342,363,649,'40.2',NULL),(3343,363,652,'5.75',NULL),(3344,363,653,'204',NULL),(3345,363,656,'0.94',NULL),(3346,363,658,'4.03',NULL),(3347,363,660,'1.32',NULL),(3348,363,662,'2.25',NULL),(3349,363,664,NULL,NULL),(3350,363,666,NULL,NULL),(3351,363,667,NULL,NULL),(3352,363,670,NULL,NULL),(3353,363,672,NULL,NULL),(3354,363,673,NULL,NULL),(3355,363,677,'137.7',NULL),(3356,363,679,'3.79',NULL),(3357,363,681,'99',NULL),(3358,363,683,'1.05',NULL),(3359,363,684,'1.02',NULL),(3360,363,686,NULL,NULL),(3361,363,688,'2.18',NULL),(3362,363,691,NULL,NULL),(3363,363,692,'1.29',1),(3364,363,693,NULL,NULL),(3365,363,694,NULL,NULL),(3366,363,696,NULL,NULL),(3367,363,698,NULL,NULL),(3368,363,699,NULL,NULL),(3369,363,700,NULL,NULL),(3370,363,701,NULL,NULL),(3371,363,702,NULL,NULL),(3372,363,703,NULL,NULL),(3373,363,704,NULL,NULL),(3374,363,705,NULL,NULL),(3375,363,706,NULL,NULL),(3376,363,707,NULL,NULL),(3377,363,708,NULL,NULL),(3378,363,709,NULL,NULL),(3379,363,710,NULL,NULL),(3380,363,712,NULL,NULL),(3381,363,714,NULL,NULL),(3382,363,715,NULL,NULL),(3383,363,717,NULL,NULL),(3384,363,718,'4.235',NULL),(3385,363,720,'20.344',NULL),(3386,363,721,NULL,NULL),(3387,363,722,'0.01',NULL),(3388,363,723,NULL,NULL),(3389,363,725,'6.7',NULL),(3390,363,726,NULL,NULL),(3391,363,728,NULL,NULL),(3392,363,729,NULL,NULL),(3393,363,730,'21',NULL),(3394,363,731,NULL,NULL),(3395,363,732,NULL,NULL),(3396,363,734,NULL,NULL),(3397,364,531,'阴性',NULL),(3398,364,533,'阳性',1),(3399,364,534,'阴性',NULL),(3400,364,535,'阴性',NULL),(3401,364,536,'阴性',NULL),(3402,364,539,'阴性',NULL),(3403,364,542,'阴性',NULL),(3404,364,544,'阴性',NULL),(3405,364,547,NULL,NULL),(3406,364,549,NULL,NULL),(3407,364,552,NULL,NULL),(3408,365,127,'4.89',NULL),(3409,365,130,NULL,NULL),(3410,365,133,NULL,NULL),(3411,365,135,NULL,NULL),(3412,365,139,NULL,NULL),(3413,365,141,NULL,NULL),(3414,365,143,NULL,NULL),(3415,365,146,NULL,NULL),(3416,365,148,NULL,NULL),(3417,365,150,'4.8',NULL),(3418,365,151,'1.43',NULL),(3419,365,154,NULL,NULL),(3420,365,156,NULL,NULL),(3421,365,159,NULL,NULL),(3422,365,161,NULL,NULL),(3423,365,163,NULL,NULL),(3424,365,165,NULL,NULL),(3425,365,167,NULL,NULL),(3426,365,169,NULL,NULL),(3427,365,171,NULL,NULL),(3428,365,174,NULL,NULL),(3429,365,176,NULL,NULL),(3430,366,320,'0.98',NULL),(3431,366,322,'5.57',NULL),(3432,366,324,'5.00',NULL),(3433,366,326,'12.25',NULL),(3434,366,328,'3.68',NULL),(3435,366,330,'0.56',NULL),(3436,366,332,'0.01',NULL),(3437,366,334,NULL,NULL),(3438,366,337,NULL,NULL),(3439,366,348,NULL,NULL),(3440,366,349,NULL,NULL),(3441,366,350,NULL,NULL),(3442,367,417,'0.42',NULL),(3443,367,419,'1.17',NULL),(3444,367,422,NULL,NULL),(3445,367,433,'2.14',NULL),(3446,367,435,NULL,NULL),(3447,367,436,NULL,NULL),(3448,367,437,'0.33',NULL),(3449,367,439,'0.41',NULL),(3450,367,443,'2.96',NULL),(3451,367,445,NULL,NULL),(3452,367,447,NULL,NULL),(3453,367,450,NULL,NULL),(3454,367,454,'24.66',NULL),(3455,367,456,NULL,NULL),(3456,367,457,NULL,NULL),(3457,367,460,NULL,NULL),(3458,367,462,'23.27',NULL),(3459,367,465,NULL,NULL),(3460,367,467,NULL,NULL),(3461,367,469,NULL,NULL),(3462,367,473,NULL,NULL),(3463,367,475,NULL,NULL),(3464,367,477,NULL,NULL),(3465,367,479,NULL,NULL),(3466,367,481,NULL,NULL),(3467,367,484,NULL,NULL),(3468,367,486,NULL,NULL),(3469,368,62,'淡黄色',NULL),(3470,368,63,'透明',NULL),(3471,368,64,NULL,NULL),(3472,368,65,'1.030',NULL),(3473,368,66,'6.0',NULL),(3474,368,67,NULL,NULL),(3475,368,68,NULL,NULL),(3476,368,69,NULL,NULL),(3477,368,70,NULL,NULL),(3478,368,71,NULL,NULL),(3479,368,72,NULL,NULL),(3480,368,73,NULL,NULL),(3481,368,74,NULL,NULL),(3482,368,75,'0',NULL),(3483,368,76,'4',NULL),(3484,368,77,NULL,NULL),(3485,368,78,NULL,NULL),(3486,368,79,NULL,NULL),(3487,368,80,'4',NULL),(3488,368,81,NULL,NULL),(3489,368,82,NULL,NULL),(3490,368,83,NULL,NULL),(3491,369,531,'3913',1),(3492,369,533,'<2',NULL),(3493,369,534,'0.107',NULL),(3494,369,535,'0.008',1),(3495,369,536,'0.006',1),(3496,369,539,NULL,NULL),(3497,369,542,NULL,NULL),(3498,369,544,NULL,NULL),(3499,369,547,NULL,NULL),(3500,369,549,'',NULL),(3501,369,552,NULL,NULL),(3502,370,4,'4.48',NULL),(3503,370,15,'139',NULL),(3504,370,17,'3.8',NULL),(3505,370,18,'0.524',NULL),(3506,370,19,'0.436',1),(3507,370,20,'112',NULL),(3508,370,21,'0.435',NULL),(3509,370,22,'97',NULL),(3510,370,23,'31.1',NULL),(3511,370,24,'321',NULL),(3512,370,25,NULL,NULL),(3513,370,26,NULL,NULL),(3514,370,27,NULL,NULL),(3515,370,28,NULL,NULL),(3516,370,29,'0.040',NULL),(3517,370,30,'8.2',NULL),(3518,370,581,'13.9',NULL),(3519,370,582,'2',NULL),(3520,370,583,'1.7',NULL),(3521,370,584,NULL,NULL),(3522,370,585,NULL,NULL),(3523,370,586,'0.2',NULL),(3524,370,587,NULL,NULL),(3525,370,588,NULL,NULL),(3526,370,589,NULL,NULL),(3527,370,590,NULL,NULL),(3528,370,591,NULL,NULL),(3529,370,592,NULL,NULL),(3530,371,62,NULL,NULL),(3531,371,63,NULL,NULL),(3532,371,64,NULL,NULL),(3533,371,65,'1.010',NULL),(3534,371,66,'7.0',NULL),(3535,371,67,NULL,NULL),(3536,371,68,NULL,NULL),(3537,371,69,NULL,NULL),(3538,371,70,NULL,NULL),(3539,371,71,NULL,NULL),(3540,371,72,NULL,NULL),(3541,371,73,NULL,NULL),(3542,371,74,NULL,NULL),(3543,371,75,NULL,NULL),(3544,371,76,NULL,NULL),(3545,371,77,NULL,NULL),(3546,371,78,NULL,NULL),(3547,371,79,NULL,NULL),(3548,371,80,NULL,NULL),(3549,371,81,NULL,NULL),(3550,371,82,NULL,NULL),(3551,371,83,NULL,NULL),(3552,372,417,'1.59',NULL),(3553,372,419,NULL,NULL),(3554,372,422,NULL,NULL),(3555,372,433,NULL,NULL),(3556,372,435,NULL,NULL),(3557,372,436,NULL,NULL),(3558,372,437,NULL,NULL),(3559,372,439,NULL,NULL),(3560,372,443,NULL,NULL),(3561,372,445,'0.87',NULL),(3562,372,447,NULL,NULL),(3563,372,450,NULL,NULL),(3564,372,454,NULL,NULL),(3565,372,456,NULL,NULL),(3566,372,457,NULL,NULL),(3567,372,460,NULL,NULL),(3568,372,462,NULL,NULL),(3569,372,465,NULL,NULL),(3570,372,467,NULL,NULL),(3571,372,469,NULL,NULL),(3572,372,473,NULL,NULL),(3573,372,475,NULL,NULL),(3574,372,477,NULL,NULL),(3575,372,479,NULL,NULL),(3576,372,481,NULL,NULL),(3577,372,484,NULL,NULL),(3578,372,486,NULL,NULL),(3579,373,128,'16',NULL),(3580,373,129,'17',NULL),(3581,373,131,'15',NULL),(3582,373,132,'84',NULL),(3583,373,134,'72',NULL),(3584,373,136,'48',NULL),(3585,373,137,NULL,NULL),(3586,373,142,'11.3',NULL),(3587,373,144,'4.2',NULL),(3588,373,145,NULL,NULL),(3589,373,147,NULL,NULL),(3590,373,152,NULL,NULL),(3591,373,153,NULL,NULL),(3592,373,649,NULL,NULL),(3593,373,652,NULL,NULL),(3594,373,653,NULL,NULL),(3595,373,656,'2.44',1),(3596,373,658,'3.94',NULL),(3597,373,660,'0.92',1),(3598,373,662,'2.13',NULL),(3599,373,664,NULL,NULL),(3600,373,666,NULL,NULL),(3601,373,667,NULL,NULL),(3602,373,670,NULL,NULL),(3603,373,672,NULL,NULL),(3604,373,673,NULL,NULL),(3605,373,677,NULL,NULL),(3606,373,679,NULL,NULL),(3607,373,681,NULL,NULL),(3608,373,683,NULL,NULL),(3609,373,684,NULL,NULL),(3610,373,686,NULL,NULL),(3611,373,688,NULL,NULL),(3612,373,691,NULL,NULL),(3613,373,692,NULL,NULL),(3614,373,693,NULL,NULL),(3615,373,694,NULL,NULL),(3616,373,696,NULL,NULL),(3617,373,698,NULL,NULL),(3618,373,699,NULL,NULL),(3619,373,700,NULL,NULL),(3620,373,701,NULL,NULL),(3621,373,702,NULL,NULL),(3622,373,703,NULL,NULL),(3623,373,704,NULL,NULL),(3624,373,705,NULL,NULL),(3625,373,706,NULL,NULL),(3626,373,707,NULL,NULL),(3627,373,708,NULL,NULL),(3628,373,709,NULL,NULL),(3629,373,710,NULL,NULL),(3630,373,712,NULL,NULL),(3631,373,714,NULL,NULL),(3632,373,715,NULL,NULL),(3633,373,717,NULL,NULL),(3634,373,718,NULL,NULL),(3635,373,720,NULL,NULL),(3636,373,721,NULL,NULL),(3637,373,722,NULL,NULL),(3638,373,723,NULL,NULL),(3639,373,725,NULL,NULL),(3640,373,726,NULL,NULL),(3641,373,728,NULL,NULL),(3642,373,729,NULL,NULL),(3643,373,730,NULL,NULL),(3644,373,731,NULL,NULL),(3645,373,732,NULL,NULL),(3646,373,734,NULL,NULL),(3647,374,417,'1.70',NULL),(3648,374,419,NULL,NULL),(3649,374,422,NULL,NULL),(3650,374,433,NULL,NULL),(3651,374,435,NULL,NULL),(3652,374,436,NULL,NULL),(3653,374,437,NULL,NULL),(3654,374,439,NULL,NULL),(3655,374,443,NULL,NULL),(3656,374,445,NULL,NULL),(3657,374,447,NULL,NULL),(3658,374,450,NULL,NULL),(3659,374,454,NULL,NULL),(3660,374,456,NULL,NULL),(3661,374,457,NULL,NULL),(3662,374,460,NULL,NULL),(3663,374,462,NULL,NULL),(3664,374,465,NULL,NULL),(3665,374,467,NULL,NULL),(3666,374,469,NULL,NULL),(3667,374,473,NULL,NULL),(3668,374,475,NULL,NULL),(3669,374,477,NULL,NULL),(3670,374,479,NULL,NULL),(3671,374,481,NULL,NULL),(3672,374,484,NULL,NULL),(3673,374,486,NULL,NULL),(3674,375,47,'轻度脂肪肝',1),(3675,376,47,'前列腺囊肿  双侧颈动脉未见明显异常  目前心脏结构及血流未见异常   骨质疏松',1),(3676,377,47,'脑动脉血流速大致正常',NULL),(3677,378,4,'5.49',NULL),(3678,378,15,'155.0',NULL),(3679,378,17,'7.14',NULL),(3680,378,18,'57.0',NULL),(3681,378,19,'34.9',NULL),(3682,378,20,NULL,NULL),(3683,378,21,NULL,NULL),(3684,378,22,'86.9',NULL),(3685,378,23,'28.2',NULL),(3686,378,24,'325.0',NULL),(3687,378,25,NULL,NULL),(3688,378,26,NULL,NULL),(3689,378,27,'1.7',NULL),(3690,378,28,'0',NULL),(3691,378,29,'6.4',NULL),(3692,378,30,'12.2',NULL),(3693,378,581,'13.60',NULL),(3694,378,582,'4.07',NULL),(3695,378,583,'2.49',NULL),(3696,378,584,'0.12',NULL),(3697,378,585,'0.00',NULL),(3698,378,586,'0.46',NULL),(3699,378,587,'16.3',NULL),(3700,378,588,'43.80',NULL),(3701,378,589,NULL,NULL),(3702,378,590,NULL,NULL),(3703,378,591,NULL,NULL),(3704,378,592,NULL,NULL),(3705,379,62,NULL,NULL),(3706,379,63,NULL,NULL),(3707,379,64,NULL,NULL),(3708,379,65,'1.027',NULL),(3709,379,66,'5.5',NULL),(3710,379,67,NULL,NULL),(3711,379,68,NULL,NULL),(3712,379,69,NULL,NULL),(3713,379,70,NULL,NULL),(3714,379,71,NULL,NULL),(3715,379,72,NULL,NULL),(3716,379,73,'2.7',NULL),(3717,379,74,'0.60',NULL),(3718,379,75,'0.50',NULL),(3719,379,76,'0.10',NULL),(3720,379,77,'0.20',NULL),(3721,379,78,NULL,NULL),(3722,379,79,'0.00',NULL),(3723,379,80,NULL,NULL),(3724,379,81,NULL,NULL),(3725,379,82,'0.00',NULL),(3726,379,83,NULL,NULL),(3727,380,128,'30',NULL),(3728,380,129,'17',NULL),(3729,380,131,NULL,NULL),(3730,380,132,'94',NULL),(3731,380,134,'71',NULL),(3732,380,136,'42',NULL),(3733,380,137,'29',NULL),(3734,380,142,'9',NULL),(3735,380,144,NULL,NULL),(3736,380,145,NULL,NULL),(3737,380,147,NULL,NULL),(3738,380,152,NULL,NULL),(3739,380,153,NULL,NULL),(3740,380,649,'87',NULL),(3741,380,652,'4.9',NULL),(3742,380,653,'0.35',NULL),(3743,380,656,'5.0',1),(3744,380,658,'4.1',NULL),(3745,380,660,'0.63',1),(3746,380,662,'1.6',NULL),(3747,380,664,NULL,NULL),(3748,380,666,NULL,NULL),(3749,380,667,NULL,NULL),(3750,380,670,NULL,NULL),(3751,380,672,NULL,NULL),(3752,380,673,NULL,NULL),(3753,380,677,NULL,NULL),(3754,380,679,NULL,NULL),(3755,380,681,NULL,NULL),(3756,380,683,NULL,NULL),(3757,380,684,NULL,NULL),(3758,380,686,NULL,NULL),(3759,380,688,NULL,NULL),(3760,380,691,NULL,NULL),(3761,380,692,'1.47',NULL),(3762,380,693,NULL,NULL),(3763,380,694,NULL,NULL),(3764,380,696,NULL,NULL),(3765,380,698,NULL,NULL),(3766,380,699,NULL,NULL),(3767,380,700,NULL,NULL),(3768,380,701,NULL,NULL),(3769,380,702,NULL,NULL),(3770,380,703,NULL,NULL),(3771,380,704,NULL,NULL),(3772,380,705,NULL,NULL),(3773,380,706,NULL,NULL),(3774,380,707,NULL,NULL),(3775,380,708,NULL,NULL),(3776,380,709,NULL,NULL),(3777,380,710,NULL,NULL),(3778,380,712,NULL,NULL),(3779,380,714,NULL,NULL),(3780,380,715,NULL,NULL),(3781,380,717,NULL,NULL),(3782,380,718,NULL,NULL),(3783,380,720,NULL,NULL),(3784,380,721,NULL,NULL),(3785,380,722,NULL,NULL),(3786,380,723,NULL,NULL),(3787,380,725,NULL,NULL),(3788,380,726,NULL,NULL),(3789,380,728,NULL,NULL),(3790,380,729,NULL,NULL),(3791,380,730,NULL,NULL),(3792,380,731,NULL,NULL),(3793,380,732,NULL,NULL),(3794,380,734,NULL,NULL),(3795,381,531,'阴性',NULL),(3796,381,533,'224.89',1),(3797,381,534,'阴性',NULL),(3798,381,535,'0.61阳性',1),(3799,381,536,'7.60阳性',1),(3800,381,539,'0.07',NULL),(3801,381,542,'0.090',NULL),(3802,381,544,'阴性',NULL),(3803,381,547,NULL,NULL),(3804,381,549,NULL,NULL),(3805,381,552,NULL,NULL),(3806,382,128,NULL,NULL),(3807,382,129,NULL,NULL),(3808,382,131,NULL,NULL),(3809,382,132,NULL,NULL),(3810,382,134,NULL,NULL),(3811,382,136,NULL,NULL),(3812,382,137,NULL,NULL),(3813,382,142,NULL,NULL),(3814,382,144,NULL,NULL),(3815,382,145,NULL,NULL),(3816,382,147,NULL,NULL),(3817,382,152,NULL,NULL),(3818,382,153,NULL,NULL),(3819,382,649,NULL,NULL),(3820,382,652,NULL,NULL),(3821,382,653,NULL,NULL),(3822,382,656,NULL,NULL),(3823,382,658,NULL,NULL),(3824,382,660,NULL,NULL),(3825,382,662,NULL,NULL),(3826,382,664,'1.27',NULL),(3827,382,666,'1.19',NULL),(3828,382,667,NULL,NULL),(3829,382,670,NULL,NULL),(3830,382,672,NULL,NULL),(3831,382,673,NULL,NULL),(3832,382,677,NULL,NULL),(3833,382,679,NULL,NULL),(3834,382,681,NULL,NULL),(3835,382,683,NULL,NULL),(3836,382,684,NULL,NULL),(3837,382,686,NULL,NULL),(3838,382,688,NULL,NULL),(3839,382,691,NULL,NULL),(3840,382,692,NULL,NULL),(3841,382,693,NULL,NULL),(3842,382,694,NULL,NULL),(3843,382,696,NULL,NULL),(3844,382,698,NULL,NULL),(3845,382,699,NULL,NULL),(3846,382,700,NULL,NULL),(3847,382,701,NULL,NULL),(3848,382,702,NULL,NULL),(3849,382,703,NULL,NULL),(3850,382,704,NULL,NULL),(3851,382,705,NULL,NULL),(3852,382,706,NULL,NULL),(3853,382,707,NULL,NULL),(3854,382,708,NULL,NULL),(3855,382,709,NULL,NULL),(3856,382,710,NULL,NULL),(3857,382,712,NULL,NULL),(3858,382,714,NULL,NULL),(3859,382,715,NULL,NULL),(3860,382,717,NULL,NULL),(3861,382,718,NULL,NULL),(3862,382,720,NULL,NULL),(3863,382,721,NULL,NULL),(3864,382,722,NULL,NULL),(3865,382,723,NULL,NULL),(3866,382,725,NULL,NULL),(3867,382,726,NULL,NULL),(3868,382,728,NULL,NULL),(3869,382,729,NULL,NULL),(3870,382,730,NULL,NULL),(3871,382,731,NULL,NULL),(3872,382,732,NULL,NULL),(3873,382,734,NULL,NULL),(3874,383,127,NULL,NULL),(3875,383,130,NULL,NULL),(3876,383,133,NULL,NULL),(3877,383,135,NULL,NULL),(3878,383,139,NULL,NULL),(3879,383,141,NULL,NULL),(3880,383,143,NULL,NULL),(3881,383,146,NULL,NULL),(3882,383,148,NULL,NULL),(3883,383,150,'6.6',1),(3884,383,151,NULL,NULL),(3885,383,154,NULL,NULL),(3886,383,156,NULL,NULL),(3887,383,159,NULL,NULL),(3888,383,161,NULL,NULL),(3889,383,163,NULL,NULL),(3890,383,165,NULL,NULL),(3891,383,167,NULL,NULL),(3892,383,169,NULL,NULL),(3893,383,171,NULL,NULL),(3894,383,174,NULL,NULL),(3895,383,176,NULL,NULL),(3896,384,4,'4.47',1),(3897,384,15,NULL,NULL),(3898,384,17,NULL,NULL),(3899,384,18,NULL,NULL),(3900,384,19,NULL,NULL),(3901,384,20,'154',NULL),(3902,384,21,NULL,NULL),(3903,384,22,'94',NULL),(3904,384,23,'32.7',NULL),(3905,384,24,'34.6',NULL),(3906,384,25,'1.0',NULL),(3907,384,26,NULL,NULL),(3908,384,27,NULL,NULL),(3909,384,28,NULL,NULL),(3910,384,29,NULL,NULL),(3911,384,30,NULL,NULL),(3912,384,581,NULL,NULL),(3913,384,582,'45',NULL),(3914,384,583,'45',NULL),(3915,384,584,'3',NULL),(3916,384,585,'1',NULL),(3917,384,586,'6',NULL),(3918,384,587,NULL,NULL),(3919,384,588,NULL,NULL),(3920,384,589,NULL,NULL),(3921,384,590,NULL,NULL),(3922,384,591,NULL,NULL),(3923,384,592,NULL,NULL),(3924,385,417,'4.6',NULL),(3925,385,419,'1.6',NULL),(3926,385,422,'4.4',NULL),(3927,385,433,NULL,NULL),(3928,385,435,NULL,NULL),(3929,385,436,NULL,NULL),(3930,385,437,NULL,NULL),(3931,385,439,'0.9',NULL),(3932,385,443,NULL,NULL),(3933,385,445,'4.264',1),(3934,385,447,'0.359',NULL),(3935,385,450,'0.08',NULL),(3936,385,454,'562.1',1),(3937,385,456,NULL,NULL),(3938,385,457,NULL,NULL),(3939,385,460,NULL,NULL),(3940,385,462,NULL,NULL),(3941,385,465,NULL,NULL),(3942,385,467,NULL,NULL),(3943,385,469,NULL,NULL),(3944,385,473,NULL,NULL),(3945,385,475,NULL,NULL),(3946,385,477,NULL,NULL),(3947,385,479,NULL,NULL),(3948,385,481,NULL,NULL),(3949,385,484,NULL,NULL),(3950,385,486,NULL,NULL),(3951,386,354,NULL,NULL),(3952,386,355,'31.60',NULL),(3953,386,356,'10.00',NULL),(3954,386,357,'',NULL),(3955,386,358,NULL,NULL),(3956,386,359,NULL,NULL),(3957,386,360,NULL,NULL),(3958,386,361,NULL,NULL),(3959,386,368,NULL,NULL),(3960,386,370,NULL,NULL),(3961,386,372,NULL,NULL),(3962,386,374,NULL,NULL),(4072,388,128,NULL,NULL),(4073,388,129,NULL,NULL),(4074,388,131,NULL,NULL),(4075,388,132,'81',NULL),(4076,388,134,NULL,NULL),(4077,388,136,NULL,NULL),(4078,388,137,NULL,NULL),(4079,388,142,'14.10',NULL),(4080,388,144,'2.39',NULL),(4081,388,145,NULL,NULL),(4082,388,147,'0.8',NULL),(4083,388,152,NULL,NULL),(4084,388,153,NULL,NULL),(4085,388,649,NULL,NULL),(4086,388,652,'5.7',NULL),(4087,388,653,'435.8',1),(4088,388,656,'3.39',1),(4089,388,658,'5.67',1),(4090,388,660,'0.87',1),(4091,388,662,'3.50',NULL),(4092,388,664,'1.27',NULL),(4093,388,666,'1.19',NULL),(4094,388,667,NULL,NULL),(4095,388,670,'133',NULL),(4096,388,672,'1.4',NULL),(4097,388,673,'202',NULL),(4098,388,677,'139.9',NULL),(4099,388,679,'4.60',NULL),(4100,388,681,'105.3',NULL),(4101,388,683,'1.15',NULL),(4102,388,684,'0.96',NULL),(4103,388,686,'25.9',NULL),(4104,388,688,'2.47',NULL),(4105,388,691,'0.34',NULL),(4106,388,692,'1.56',NULL),(4107,388,693,'69.6',NULL),(4108,388,694,NULL,NULL),(4109,388,696,NULL,NULL),(4110,388,698,NULL,NULL),(4111,388,699,NULL,NULL),(4112,388,700,NULL,NULL),(4113,388,701,NULL,NULL),(4114,388,702,NULL,NULL),(4115,388,703,NULL,NULL),(4116,388,704,NULL,NULL),(4117,388,705,NULL,NULL),(4118,388,706,NULL,NULL),(4119,388,707,NULL,NULL),(4120,388,708,NULL,NULL),(4121,388,709,NULL,NULL),(4122,388,710,NULL,NULL),(4123,388,712,NULL,NULL),(4124,388,714,NULL,NULL),(4125,388,715,NULL,NULL),(4126,388,717,NULL,NULL),(4127,388,718,NULL,NULL),(4128,388,720,NULL,NULL),(4129,388,721,NULL,NULL),(4130,388,722,NULL,NULL),(4131,388,723,NULL,NULL),(4132,388,725,NULL,NULL),(4133,388,726,NULL,NULL),(4134,388,728,NULL,NULL),(4135,388,729,NULL,NULL),(4136,388,730,NULL,NULL),(4137,388,731,NULL,NULL),(4138,388,732,NULL,NULL),(4139,388,734,NULL,NULL),(4140,389,531,'阴性',NULL),(4141,389,533,'阴性',NULL),(4142,389,534,'阴性',NULL),(4143,389,535,NULL,NULL),(4144,389,536,NULL,NULL),(4145,389,539,'阴性',NULL),(4146,389,542,NULL,NULL),(4147,389,544,NULL,NULL),(4148,389,547,NULL,NULL),(4149,389,549,NULL,NULL),(4150,389,552,NULL,NULL),(4151,390,62,'黄色',NULL),(4152,390,63,NULL,NULL),(4153,390,64,NULL,NULL),(4154,390,65,'1.020',NULL),(4155,390,66,'7.0',NULL),(4156,390,67,'阴性',NULL),(4157,390,68,'阴性',NULL),(4158,390,69,'阴性',NULL),(4159,390,70,'阴性',NULL),(4160,390,71,NULL,NULL),(4161,390,72,'阴性',NULL),(4162,390,73,'1',NULL),(4163,390,74,'1',NULL),(4164,390,75,NULL,NULL),(4165,390,76,NULL,NULL),(4166,390,77,NULL,NULL),(4167,390,78,NULL,NULL),(4168,390,79,NULL,NULL),(4169,390,80,NULL,NULL),(4170,390,81,NULL,NULL),(4171,390,82,NULL,NULL),(4172,390,83,NULL,NULL),(4173,391,128,'41.0',NULL),(4174,391,129,'24.0',NULL),(4175,391,131,'57.0',NULL),(4176,391,132,NULL,NULL),(4177,391,134,NULL,NULL),(4178,391,136,NULL,NULL),(4179,391,137,NULL,NULL),(4180,391,142,'16.9',NULL),(4181,391,144,'4.2',NULL),(4182,391,145,'13.0',NULL),(4183,391,147,NULL,NULL),(4184,391,152,NULL,NULL),(4185,391,153,NULL,NULL),(4186,391,649,NULL,NULL),(4187,391,652,NULL,NULL),(4188,391,653,NULL,NULL),(4189,391,656,'1.2',NULL),(4190,391,658,'5.31',NULL),(4191,391,660,'1.06',NULL),(4192,391,662,'3.68',NULL),(4193,391,664,NULL,NULL),(4194,391,666,NULL,NULL),(4195,391,667,NULL,NULL),(4196,391,670,NULL,NULL),(4197,391,672,NULL,NULL),(4198,391,673,NULL,NULL),(4199,391,677,NULL,NULL),(4200,391,679,NULL,NULL),(4201,391,681,NULL,NULL),(4202,391,683,NULL,NULL),(4203,391,684,NULL,NULL),(4204,391,686,NULL,NULL),(4205,391,688,NULL,NULL),(4206,391,691,NULL,NULL),(4207,391,692,NULL,NULL),(4208,391,693,NULL,NULL),(4209,391,694,NULL,NULL),(4210,391,696,NULL,NULL),(4211,391,698,NULL,NULL),(4212,391,699,NULL,NULL),(4213,391,700,NULL,NULL),(4214,391,701,NULL,NULL),(4215,391,702,NULL,NULL),(4216,391,703,NULL,NULL),(4217,391,704,NULL,NULL),(4218,391,705,NULL,NULL),(4219,391,706,NULL,NULL),(4220,391,707,NULL,NULL),(4221,391,708,NULL,NULL),(4222,391,709,NULL,NULL),(4223,391,710,NULL,NULL),(4224,391,712,NULL,NULL),(4225,391,714,NULL,NULL),(4226,391,715,NULL,NULL),(4227,391,717,NULL,NULL),(4228,391,718,NULL,NULL),(4229,391,720,NULL,NULL),(4230,391,721,NULL,NULL),(4231,391,722,NULL,NULL),(4232,391,723,NULL,NULL),(4233,391,725,NULL,NULL),(4234,391,726,NULL,NULL),(4235,391,728,NULL,NULL),(4236,391,729,NULL,NULL),(4237,391,730,NULL,NULL),(4238,391,731,NULL,NULL),(4239,391,732,NULL,NULL),(4240,391,734,NULL,NULL),(4241,392,62,NULL,NULL),(4242,392,63,NULL,NULL),(4243,392,64,NULL,NULL),(4244,392,65,NULL,NULL),(4245,392,66,'6.0',NULL),(4246,392,67,'阴性',NULL),(4247,392,68,NULL,NULL),(4248,392,69,'阴性',NULL),(4249,392,70,'阴性',NULL),(4250,392,71,NULL,NULL),(4251,392,72,'阴性',NULL),(4252,392,73,'阴性',NULL),(4253,392,74,'阴性',NULL),(4254,392,75,NULL,NULL),(4255,392,76,NULL,NULL),(4256,392,77,'阴性',NULL),(4257,392,78,NULL,NULL),(4258,392,79,NULL,NULL),(4259,392,80,NULL,NULL),(4260,392,81,NULL,NULL),(4261,392,82,NULL,NULL),(4262,392,83,NULL,NULL),(4263,393,4,'5.14',NULL),(4264,393,15,'196',1),(4265,393,17,'5.9',NULL),(4266,393,18,'44.2',NULL),(4267,393,19,'46.3',NULL),(4268,393,20,'196',NULL),(4269,393,21,NULL,NULL),(4270,393,22,NULL,NULL),(4271,393,23,NULL,NULL),(4272,393,24,NULL,NULL),(4273,393,25,NULL,NULL),(4274,393,26,NULL,NULL),(4275,393,27,NULL,NULL),(4276,393,28,NULL,NULL),(4277,393,29,'9.5',1),(4278,393,30,NULL,NULL),(4279,393,581,NULL,NULL),(4280,393,582,NULL,NULL),(4281,393,583,NULL,NULL),(4282,393,584,NULL,NULL),(4283,393,585,NULL,NULL),(4284,393,586,NULL,NULL),(4285,393,587,NULL,NULL),(4286,393,588,NULL,NULL),(4287,393,589,NULL,NULL),(4288,393,590,NULL,NULL),(4289,393,591,NULL,NULL),(4290,393,592,NULL,NULL),(4291,394,84,'黄便',NULL),(4292,394,85,'便软',NULL),(4293,394,86,'阴性',NULL),(4294,394,87,'阴性',NULL),(4295,394,88,'阴性',NULL),(4296,394,89,NULL,NULL),(4297,394,90,NULL,NULL),(4298,394,91,NULL,NULL),(4299,394,92,NULL,NULL),(4300,394,93,NULL,NULL),(4316,396,127,'5.0',NULL),(4317,396,130,NULL,NULL),(4318,396,133,NULL,NULL),(4319,396,135,NULL,NULL),(4320,396,139,NULL,NULL),(4321,396,141,NULL,NULL),(4322,396,143,NULL,NULL),(4323,396,146,NULL,NULL),(4324,396,148,NULL,NULL),(4325,396,150,NULL,NULL),(4326,396,151,NULL,NULL),(4327,396,154,NULL,NULL),(4328,396,156,NULL,NULL),(4329,396,159,NULL,NULL),(4330,396,161,NULL,NULL),(4331,396,163,NULL,NULL),(4332,396,165,NULL,NULL),(4333,396,167,NULL,NULL),(4334,396,169,NULL,NULL),(4335,396,171,NULL,NULL),(4336,396,174,NULL,NULL),(4337,396,176,NULL,NULL),(4338,397,531,'阴性',NULL),(4339,397,533,NULL,NULL),(4340,397,534,NULL,NULL),(4341,397,535,NULL,NULL),(4342,397,536,NULL,NULL),(4343,397,539,NULL,NULL),(4344,397,542,NULL,NULL),(4345,397,544,NULL,NULL),(4346,397,547,NULL,NULL),(4347,397,549,NULL,NULL),(4348,397,552,NULL,NULL),(4349,398,84,'黄色',NULL),(4350,398,85,'軟便',NULL),(4351,398,86,'0',NULL),(4352,398,87,'0',NULL),(4353,398,88,'阴性',NULL),(4354,398,89,NULL,NULL),(4355,398,90,NULL,NULL),(4356,398,91,NULL,NULL),(4357,398,92,NULL,NULL),(4358,398,93,NULL,NULL),(4359,399,128,NULL,NULL),(4360,399,129,NULL,NULL),(4361,399,131,NULL,NULL),(4362,399,132,NULL,NULL),(4363,399,134,NULL,NULL),(4364,399,136,NULL,NULL),(4365,399,137,NULL,NULL),(4366,399,142,NULL,NULL),(4367,399,144,NULL,NULL),(4368,399,145,NULL,NULL),(4369,399,147,NULL,NULL),(4370,399,152,NULL,NULL),(4371,399,153,NULL,NULL),(4372,399,649,'81',NULL),(4373,399,652,'4.2',NULL),(4374,399,653,'517.3',1),(4375,399,656,NULL,NULL),(4376,399,658,NULL,NULL),(4377,399,660,NULL,NULL),(4378,399,662,NULL,NULL),(4379,399,664,NULL,NULL),(4380,399,666,NULL,NULL),(4381,399,667,NULL,NULL),(4382,399,670,NULL,NULL),(4383,399,672,NULL,NULL),(4384,399,673,NULL,NULL),(4385,399,677,'137.8',NULL),(4386,399,679,'4.40',NULL),(4387,399,681,'103.7',NULL),(4388,399,683,NULL,NULL),(4389,399,684,NULL,NULL),(4390,399,686,'25.1',NULL),(4391,399,688,NULL,NULL),(4392,399,691,NULL,NULL),(4393,399,692,NULL,NULL),(4394,399,693,NULL,NULL),(4395,399,694,NULL,NULL),(4396,399,696,NULL,NULL),(4397,399,698,NULL,NULL),(4398,399,699,NULL,NULL),(4399,399,700,NULL,NULL),(4400,399,701,NULL,NULL),(4401,399,702,NULL,NULL),(4402,399,703,NULL,NULL),(4403,399,704,NULL,NULL),(4404,399,705,NULL,NULL),(4405,399,706,NULL,NULL),(4406,399,707,NULL,NULL),(4407,399,708,NULL,NULL),(4408,399,709,NULL,NULL),(4409,399,710,NULL,NULL),(4410,399,712,NULL,NULL),(4411,399,714,NULL,NULL),(4412,399,715,NULL,NULL),(4413,399,717,NULL,NULL),(4414,399,718,'1.7',NULL),(4415,399,720,NULL,NULL),(4416,399,721,NULL,NULL),(4417,399,722,'0.08',NULL),(4418,399,723,NULL,NULL),(4419,399,725,NULL,NULL),(4420,399,726,NULL,NULL),(4421,399,728,NULL,NULL),(4422,399,729,NULL,NULL),(4423,399,730,NULL,NULL),(4424,399,731,NULL,NULL),(4425,399,732,NULL,NULL),(4426,399,734,NULL,NULL),(4427,400,531,'0.00',NULL),(4428,400,533,'165.63',1),(4429,400,534,'0.402',NULL),(4430,400,535,'0.43',NULL),(4431,400,536,'9.81',1),(4432,400,539,'0.07',NULL),(4433,400,542,'0.061',NULL),(4434,400,544,'阴性',NULL),(4435,400,547,NULL,NULL),(4436,400,549,NULL,NULL),(4437,400,552,NULL,NULL),(4465,402,4,'5.45',NULL),(4466,402,15,NULL,NULL),(4467,402,17,'9.84',NULL),(4468,402,18,'63.2',NULL),(4469,402,19,'28.7',NULL),(4470,402,20,'239.0',NULL),(4471,402,21,'47.20',NULL),(4472,402,22,'86.6',NULL),(4473,402,23,'28.3',NULL),(4474,402,24,'326.0',NULL),(4475,402,25,NULL,NULL),(4476,402,26,NULL,NULL),(4477,402,27,'1.1',NULL),(4478,402,28,'0.0',NULL),(4479,402,29,'7.0',NULL),(4480,402,30,'12.1',NULL),(4481,402,581,'13.60',NULL),(4482,402,582,'6.22',NULL),(4483,402,583,'2.82',NULL),(4484,402,584,'0.11',NULL),(4485,402,585,'0.00',NULL),(4486,402,586,'0.69',NULL),(4487,402,587,'15.4',NULL),(4488,402,588,'42.50',NULL),(4489,402,589,'0.29',NULL),(4490,402,590,NULL,NULL),(4491,402,591,NULL,NULL),(4492,402,592,NULL,NULL),(4493,403,354,'2.920',NULL),(4494,403,355,'35.8',NULL),(4495,403,356,'10.0',NULL),(4496,403,357,'129.0',1),(4497,403,358,NULL,NULL),(4498,403,359,'0.93',1),(4499,403,360,'74',NULL),(4500,403,361,NULL,NULL),(4501,403,368,NULL,NULL),(4502,403,370,NULL,NULL),(4503,403,372,NULL,NULL),(4504,403,374,NULL,NULL),(4505,404,128,NULL,NULL),(4506,404,129,NULL,NULL),(4507,404,131,NULL,NULL),(4508,404,132,NULL,NULL),(4509,404,134,NULL,NULL),(4510,404,136,NULL,NULL),(4511,404,137,NULL,NULL),(4512,404,142,NULL,NULL),(4513,404,144,NULL,NULL),(4514,404,145,NULL,NULL),(4515,404,147,NULL,NULL),(4516,404,152,NULL,NULL),(4517,404,153,NULL,NULL),(4518,404,649,NULL,NULL),(4519,404,652,NULL,NULL),(4520,404,653,NULL,NULL),(4521,404,656,NULL,NULL),(4522,404,658,NULL,NULL),(4523,404,660,NULL,NULL),(4524,404,662,NULL,NULL),(4525,404,664,NULL,NULL),(4526,404,666,NULL,NULL),(4527,404,667,NULL,NULL),(4528,404,670,NULL,NULL),(4529,404,672,NULL,NULL),(4530,404,673,NULL,NULL),(4531,404,677,NULL,NULL),(4532,404,679,NULL,NULL),(4533,404,681,NULL,NULL),(4534,404,683,NULL,NULL),(4535,404,684,NULL,NULL),(4536,404,686,NULL,NULL),(4537,404,688,NULL,NULL),(4538,404,691,NULL,NULL),(4539,404,692,NULL,NULL),(4540,404,693,NULL,NULL),(4541,404,694,NULL,NULL),(4542,404,696,NULL,NULL),(4543,404,698,NULL,NULL),(4544,404,699,NULL,NULL),(4545,404,700,NULL,NULL),(4546,404,701,NULL,NULL),(4547,404,702,NULL,NULL),(4548,404,703,NULL,NULL),(4549,404,704,NULL,NULL),(4550,404,705,NULL,NULL),(4551,404,706,NULL,NULL),(4552,404,707,NULL,NULL),(4553,404,708,NULL,NULL),(4554,404,709,NULL,NULL),(4555,404,710,NULL,NULL),(4556,404,712,NULL,NULL),(4557,404,714,NULL,NULL),(4558,404,715,NULL,NULL),(4559,404,717,NULL,NULL),(4560,404,718,NULL,NULL),(4561,404,720,NULL,NULL),(4562,404,721,NULL,NULL),(4563,404,722,NULL,NULL),(4564,404,723,NULL,NULL),(4565,404,725,NULL,NULL),(4566,404,726,NULL,NULL),(4567,404,728,NULL,NULL),(4568,404,729,NULL,NULL),(4569,404,730,NULL,NULL),(4570,404,731,NULL,NULL),(4571,404,732,NULL,NULL),(4572,404,734,NULL,NULL),(4573,405,127,NULL,NULL),(4574,405,130,NULL,NULL),(4575,405,133,NULL,NULL),(4576,405,135,NULL,NULL),(4577,405,139,NULL,NULL),(4578,405,141,NULL,NULL),(4579,405,143,NULL,NULL),(4580,405,146,NULL,NULL),(4581,405,148,NULL,NULL),(4582,405,150,'6.7',NULL),(4583,405,151,NULL,NULL),(4584,405,154,NULL,NULL),(4585,405,156,NULL,NULL),(4586,405,159,NULL,NULL),(4587,405,161,NULL,NULL),(4588,405,163,NULL,NULL),(4589,405,165,NULL,NULL),(4590,405,167,NULL,NULL),(4591,405,169,NULL,NULL),(4592,405,171,NULL,NULL),(4593,405,174,NULL,NULL),(4594,405,176,NULL,NULL),(4595,406,4,'5.51',1),(4596,406,15,'158.0',NULL),(4597,406,17,'8.08',NULL),(4598,406,18,'60.2',NULL),(4599,406,19,'33.0',NULL),(4600,406,20,'243.0',NULL),(4601,406,21,'47.8',NULL),(4602,406,22,'86.8',NULL),(4603,406,23,'28.7',NULL),(4604,406,24,'331.0',NULL),(4605,406,25,NULL,NULL),(4606,406,26,NULL,NULL),(4607,406,27,'1.4',NULL),(4608,406,28,'0.0',NULL),(4609,406,29,'5.4',NULL),(4610,406,30,'12.2',NULL),(4611,406,581,'13.4',NULL),(4612,406,582,'4.86',NULL),(4613,406,583,'2.67',NULL),(4614,406,584,'0.11',NULL),(4615,406,585,'0.00',NULL),(4616,406,586,'0.44',NULL),(4617,406,587,'16.0',NULL),(4618,406,588,'43.20',NULL),(4619,406,589,'0.30',NULL),(4620,406,590,NULL,NULL),(4621,406,591,NULL,NULL),(4622,406,592,NULL,NULL),(4623,407,62,NULL,NULL),(4624,407,63,NULL,NULL),(4625,407,64,NULL,NULL),(4626,407,65,'1.014',NULL),(4627,407,66,'5.0',NULL),(4628,407,67,NULL,NULL),(4629,407,68,NULL,NULL),(4630,407,69,NULL,NULL),(4631,407,70,NULL,NULL),(4632,407,71,NULL,NULL),(4633,407,72,NULL,NULL),(4634,407,73,'2.00',NULL),(4635,407,74,'1.2',NULL),(4636,407,75,'0.40',NULL),(4637,407,76,'0.20',NULL),(4638,407,77,'0.10',NULL),(4639,407,78,'0.00',NULL),(4640,407,79,'0.00',NULL),(4641,407,80,NULL,NULL),(4642,407,81,NULL,NULL),(4643,407,82,'0.00',NULL),(4644,407,83,NULL,NULL),(4645,408,128,NULL,NULL),(4646,408,129,NULL,NULL),(4647,408,131,NULL,NULL),(4648,408,132,NULL,NULL),(4649,408,134,NULL,NULL),(4650,408,136,NULL,NULL),(4651,408,137,NULL,NULL),(4652,408,142,NULL,NULL),(4653,408,144,NULL,NULL),(4654,408,145,NULL,NULL),(4655,408,147,NULL,NULL),(4656,408,152,NULL,NULL),(4657,408,153,NULL,NULL),(4658,408,649,NULL,NULL),(4659,408,652,NULL,NULL),(4660,408,653,NULL,NULL),(4661,408,656,NULL,NULL),(4662,408,658,NULL,NULL),(4663,408,660,NULL,NULL),(4664,408,662,NULL,NULL),(4665,408,664,NULL,NULL),(4666,408,666,NULL,NULL),(4667,408,667,NULL,NULL),(4668,408,670,NULL,NULL),(4669,408,672,NULL,NULL),(4670,408,673,NULL,NULL),(4671,408,677,NULL,NULL),(4672,408,679,NULL,NULL),(4673,408,681,NULL,NULL),(4674,408,683,NULL,NULL),(4675,408,684,NULL,NULL),(4676,408,686,NULL,NULL),(4677,408,688,NULL,NULL),(4678,408,691,NULL,NULL),(4679,408,692,NULL,NULL),(4680,408,693,NULL,NULL),(4681,408,694,NULL,NULL),(4682,408,696,NULL,NULL),(4683,408,698,NULL,NULL),(4684,408,699,NULL,NULL),(4685,408,700,NULL,NULL),(4686,408,701,NULL,NULL),(4687,408,702,NULL,NULL),(4688,408,703,NULL,NULL),(4689,408,704,NULL,NULL),(4690,408,705,NULL,NULL),(4691,408,706,NULL,NULL),(4692,408,707,NULL,NULL),(4693,408,708,NULL,NULL),(4694,408,709,NULL,NULL),(4695,408,710,NULL,NULL),(4696,408,712,NULL,NULL),(4697,408,714,NULL,NULL),(4698,408,715,NULL,NULL),(4699,408,717,NULL,NULL),(4700,408,718,'1.2',NULL),(4701,408,720,NULL,NULL),(4702,408,721,NULL,NULL),(4703,408,722,'0.06',NULL),(4704,408,723,NULL,NULL),(4705,408,725,NULL,NULL),(4706,408,726,NULL,NULL),(4707,408,728,NULL,NULL),(4708,408,729,NULL,NULL),(4709,408,730,NULL,NULL),(4710,408,731,NULL,NULL),(4711,408,732,NULL,NULL),(4712,408,734,NULL,NULL),(4713,409,128,'93',1),(4714,409,129,'48',1),(4715,409,131,'42',NULL),(4716,409,132,NULL,NULL),(4717,409,134,NULL,NULL),(4718,409,136,NULL,NULL),(4719,409,137,NULL,NULL),(4720,409,142,NULL,NULL),(4721,409,144,NULL,NULL),(4722,409,145,NULL,NULL),(4723,409,147,NULL,NULL),(4724,409,152,NULL,NULL),(4725,409,153,NULL,NULL),(4726,409,649,NULL,NULL),(4727,409,652,NULL,NULL),(4728,409,653,NULL,NULL),(4729,409,656,'0.87',NULL),(4730,409,658,'5.32',NULL),(4731,409,660,'1.63',NULL),(4732,409,662,NULL,NULL),(4733,409,664,NULL,NULL),(4734,409,666,NULL,NULL),(4735,409,667,NULL,NULL),(4736,409,670,NULL,NULL),(4737,409,672,NULL,NULL),(4738,409,673,NULL,NULL),(4739,409,677,NULL,NULL),(4740,409,679,NULL,NULL),(4741,409,681,NULL,NULL),(4742,409,683,NULL,NULL),(4743,409,684,NULL,NULL),(4744,409,686,NULL,NULL),(4745,409,688,NULL,NULL),(4746,409,691,NULL,NULL),(4747,409,692,NULL,NULL),(4748,409,693,NULL,NULL),(4749,409,694,NULL,NULL),(4750,409,696,NULL,NULL),(4751,409,698,NULL,NULL),(4752,409,699,NULL,NULL),(4753,409,700,NULL,NULL),(4754,409,701,NULL,NULL),(4755,409,702,NULL,NULL),(4756,409,703,NULL,NULL),(4757,409,704,NULL,NULL),(4758,409,705,NULL,NULL),(4759,409,706,NULL,NULL),(4760,409,707,NULL,NULL),(4761,409,708,NULL,NULL),(4762,409,709,NULL,NULL),(4763,409,710,NULL,NULL),(4764,409,712,NULL,NULL),(4765,409,714,NULL,NULL),(4766,409,715,NULL,NULL),(4767,409,717,NULL,NULL),(4768,409,718,NULL,NULL),(4769,409,720,NULL,NULL),(4770,409,721,NULL,NULL),(4771,409,722,NULL,NULL),(4772,409,723,NULL,NULL),(4773,409,725,NULL,NULL),(4774,409,726,NULL,NULL),(4775,409,728,NULL,NULL),(4776,409,729,NULL,NULL),(4777,409,730,NULL,NULL),(4778,409,731,NULL,NULL),(4779,409,732,NULL,NULL),(4780,409,734,NULL,NULL),(4781,410,127,'6.11',NULL),(4782,410,130,NULL,NULL),(4783,410,133,NULL,NULL),(4784,410,135,NULL,NULL),(4785,410,139,NULL,NULL),(4786,410,141,NULL,NULL),(4787,410,143,NULL,NULL),(4788,410,146,NULL,NULL),(4789,410,148,NULL,NULL),(4790,410,150,NULL,NULL),(4791,410,151,NULL,NULL),(4792,410,154,NULL,NULL),(4793,410,156,NULL,NULL),(4794,410,159,NULL,NULL),(4795,410,161,NULL,NULL),(4796,410,163,NULL,NULL),(4797,410,165,NULL,NULL),(4798,410,167,NULL,NULL),(4799,410,169,NULL,NULL),(4800,410,171,NULL,NULL),(4801,410,174,NULL,NULL),(4802,410,176,NULL,NULL),(4803,411,4,'5.42',NULL),(4804,411,15,'172',NULL),(4805,411,17,'5.9',NULL),(4806,411,18,'50',NULL),(4807,411,19,'39.5',NULL),(4808,411,20,'161',NULL),(4809,411,21,NULL,NULL),(4810,411,22,NULL,NULL),(4811,411,23,NULL,NULL),(4812,411,24,NULL,NULL),(4813,411,25,NULL,NULL),(4814,411,26,NULL,NULL),(4815,411,27,NULL,NULL),(4816,411,28,NULL,NULL),(4817,411,29,NULL,NULL),(4818,411,30,NULL,NULL),(4819,411,581,NULL,NULL),(4820,411,582,NULL,NULL),(4821,411,583,NULL,NULL),(4822,411,584,NULL,NULL),(4823,411,585,NULL,NULL),(4824,411,586,NULL,NULL),(4825,411,587,NULL,NULL),(4826,411,588,NULL,NULL),(4827,411,589,NULL,NULL),(4828,411,590,NULL,NULL),(4829,411,591,NULL,NULL),(4830,411,592,NULL,NULL),(4831,412,62,NULL,NULL),(4832,412,63,NULL,NULL),(4833,412,64,NULL,NULL),(4834,412,65,NULL,NULL),(4835,412,66,'6',NULL),(4836,412,67,'阴性',NULL),(4837,412,68,NULL,NULL),(4838,412,69,'阴性',NULL),(4839,412,70,'阴性',NULL),(4840,412,71,'',NULL),(4841,412,72,'阴性',NULL),(4842,412,73,'',NULL),(4843,412,74,NULL,NULL),(4844,412,75,NULL,NULL),(4845,412,76,NULL,NULL),(4846,412,77,NULL,NULL),(4847,412,78,NULL,NULL),(4848,412,79,NULL,NULL),(4849,412,80,NULL,NULL),(4850,412,81,NULL,NULL),(4851,412,82,NULL,NULL),(4852,412,83,NULL,NULL),(4853,413,84,NULL,NULL),(4854,413,85,NULL,NULL),(4855,413,86,'阴性',NULL),(4856,413,87,'阴性',NULL),(4857,413,88,'阴性',NULL),(4858,413,89,NULL,NULL),(4859,413,90,NULL,NULL),(4860,413,91,NULL,NULL),(4861,413,92,NULL,NULL),(4862,413,93,NULL,NULL),(4863,414,531,'阴性',NULL),(4864,414,533,NULL,NULL),(4865,414,534,NULL,NULL),(4866,414,535,NULL,NULL),(4867,414,536,NULL,NULL),(4868,414,539,NULL,NULL),(4869,414,542,NULL,NULL),(4870,414,544,NULL,NULL),(4871,414,547,NULL,NULL),(4872,414,549,NULL,NULL),(4873,414,552,NULL,NULL),(4874,415,4,'5.27',NULL),(4875,415,15,'148.0',NULL),(4876,415,17,'7.95',NULL),(4877,415,18,'57.6',NULL),(4878,415,19,'35.0',NULL),(4879,415,20,'216.0',NULL),(4880,415,21,'46.10',NULL),(4881,415,22,'87.5',NULL),(4882,415,23,'28.1',NULL),(4883,415,24,'321.0',NULL),(4884,415,25,NULL,NULL),(4885,415,26,NULL,NULL),(4886,415,27,'1.5',NULL),(4887,415,28,'0.0',NULL),(4888,415,29,'5.9',NULL),(4889,415,30,'12.2',NULL),(4890,415,581,'13.30',NULL),(4891,415,582,'4.58',NULL),(4892,415,583,'2.78',NULL),(4893,415,584,'0.12',NULL),(4894,415,585,'0.00',NULL),(4895,415,586,'0.47',NULL),(4896,415,587,'15.4',NULL),(4897,415,588,'43.20',NULL),(4898,415,589,'0.26',NULL),(4899,415,590,NULL,NULL),(4900,415,591,NULL,NULL),(4901,415,592,NULL,NULL),(5069,422,128,'32',NULL),(5070,422,129,'22',NULL),(5071,422,131,'30',NULL),(5072,422,132,'83',NULL),(5073,422,134,'69.3',NULL),(5074,422,136,'42.4',NULL),(5075,422,137,NULL,NULL),(5076,422,142,'12.90',NULL),(5077,422,144,'1.62',NULL),(5078,422,145,NULL,NULL),(5079,422,147,NULL,NULL),(5080,422,152,NULL,NULL),(5081,422,153,NULL,NULL),(5082,422,649,NULL,NULL),(5083,422,652,NULL,NULL),(5084,422,653,NULL,NULL),(5085,422,656,'4.34',NULL),(5086,422,658,'5.76',NULL),(5087,422,660,'0.86',NULL),(5088,422,662,'3.32',NULL),(5089,422,664,NULL,NULL),(5090,422,666,NULL,NULL),(5091,422,667,NULL,NULL),(5092,422,670,'118',NULL),(5093,422,672,'1.2',NULL),(5094,422,673,'189',NULL),(5095,422,677,'140.0',NULL),(5096,422,679,'4.60',NULL),(5097,422,681,'105.2',NULL),(5098,422,683,'1.17',NULL),(5099,422,684,'0.91',NULL),(5100,422,686,'25.3',NULL),(5101,422,688,'2.47',NULL),(5102,422,691,'0.33',NULL),(5103,422,692,'1.58',NULL),(5104,422,693,NULL,NULL),(5105,422,694,NULL,NULL),(5106,422,696,NULL,NULL),(5107,422,698,NULL,NULL),(5108,422,699,NULL,NULL),(5109,422,700,NULL,NULL),(5110,422,701,NULL,NULL),(5111,422,702,NULL,NULL),(5112,422,703,NULL,NULL),(5113,422,704,NULL,NULL),(5114,422,705,NULL,NULL),(5115,422,706,NULL,NULL),(5116,422,707,NULL,NULL),(5117,422,708,NULL,NULL),(5118,422,709,NULL,NULL),(5119,422,710,'83',NULL),(5120,422,712,NULL,NULL),(5121,422,714,NULL,NULL),(5122,422,715,NULL,NULL),(5123,422,717,NULL,NULL),(5124,422,718,NULL,NULL),(5125,422,720,NULL,NULL),(5126,422,721,NULL,NULL),(5127,422,722,NULL,NULL),(5128,422,723,NULL,NULL),(5129,422,725,'12.6',NULL),(5130,422,726,NULL,NULL),(5131,422,728,NULL,NULL),(5132,422,729,NULL,NULL),(5133,422,730,NULL,NULL),(5134,422,731,NULL,NULL),(5135,422,732,NULL,NULL),(5136,422,734,NULL,NULL),(5137,423,4,'5.50',NULL),(5138,423,15,'161',NULL),(5139,423,17,'8.6',NULL),(5140,423,18,'67.9',NULL),(5141,423,19,'27.3',NULL),(5142,423,20,'261',NULL),(5143,423,21,'49.8',NULL),(5144,423,22,'90.6',NULL),(5145,423,23,'29.2',NULL),(5146,423,24,'323',NULL),(5147,423,25,NULL,NULL),(5148,423,26,NULL,NULL),(5149,423,27,NULL,NULL),(5150,423,28,NULL,NULL),(5151,423,29,NULL,NULL),(5152,423,30,'9.1',NULL),(5153,423,581,'13.2',NULL),(5154,423,582,'5.9',NULL),(5155,423,583,'2.3',NULL),(5156,423,584,NULL,NULL),(5157,423,585,NULL,NULL),(5158,423,586,NULL,NULL),(5159,423,587,'15.8',NULL),(5160,423,588,'30.6',NULL),(5161,423,589,NULL,NULL),(5162,423,590,NULL,NULL),(5163,423,591,NULL,NULL),(5164,423,592,NULL,NULL),(5165,424,62,NULL,NULL),(5166,424,63,NULL,NULL),(5167,424,64,NULL,NULL),(5168,424,65,'1.025',NULL),(5169,424,66,'5.0',NULL),(5170,424,67,NULL,NULL),(5171,424,68,NULL,NULL),(5172,424,69,NULL,NULL),(5173,424,70,NULL,NULL),(5174,424,71,NULL,NULL),(5175,424,72,NULL,NULL),(5176,424,73,NULL,NULL),(5177,424,74,NULL,NULL),(5178,424,75,NULL,NULL),(5179,424,76,NULL,NULL),(5180,424,77,NULL,NULL),(5181,424,78,NULL,NULL),(5182,424,79,NULL,NULL),(5183,424,80,NULL,NULL),(5184,424,81,NULL,NULL),(5185,424,82,NULL,NULL),(5186,424,83,NULL,NULL),(5187,425,320,'1.88',NULL),(5188,425,322,'102.53',NULL),(5189,425,324,NULL,NULL),(5190,425,326,NULL,NULL),(5191,425,328,'0.43',NULL),(5192,425,330,NULL,NULL),(5193,425,332,NULL,NULL),(5194,425,334,NULL,NULL),(5195,425,337,NULL,NULL),(5196,425,348,'',NULL),(5197,425,349,NULL,NULL),(5198,425,350,NULL,NULL),(5210,427,128,'40',NULL),(5211,427,129,'26',NULL),(5212,427,131,'26',NULL),(5213,427,132,'57',NULL),(5214,427,134,NULL,NULL),(5215,427,136,NULL,NULL),(5216,427,137,NULL,NULL),(5217,427,142,NULL,NULL),(5218,427,144,NULL,NULL),(5219,427,145,NULL,NULL),(5220,427,147,NULL,NULL),(5221,427,152,NULL,NULL),(5222,427,153,NULL,NULL),(5223,427,649,NULL,NULL),(5224,427,652,NULL,NULL),(5225,427,653,NULL,NULL),(5226,427,656,'1.96',1),(5227,427,658,'3.01',NULL),(5228,427,660,'',1),(5229,427,662,'',NULL),(5230,427,664,NULL,NULL),(5231,427,666,NULL,NULL),(5232,427,667,NULL,NULL),(5233,427,670,NULL,NULL),(5234,427,672,NULL,NULL),(5235,427,673,NULL,NULL),(5236,427,677,NULL,NULL),(5237,427,679,NULL,NULL),(5238,427,681,NULL,NULL),(5239,427,683,NULL,NULL),(5240,427,684,NULL,NULL),(5241,427,686,NULL,NULL),(5242,427,688,NULL,NULL),(5243,427,691,NULL,NULL),(5244,427,692,NULL,NULL),(5245,427,693,NULL,NULL),(5246,427,694,NULL,NULL),(5247,427,696,NULL,NULL),(5248,427,698,NULL,NULL),(5249,427,699,NULL,NULL),(5250,427,700,NULL,NULL),(5251,427,701,NULL,NULL),(5252,427,702,NULL,NULL),(5253,427,703,NULL,NULL),(5254,427,704,NULL,NULL),(5255,427,705,NULL,NULL),(5256,427,706,NULL,NULL),(5257,427,707,NULL,NULL),(5258,427,708,NULL,NULL),(5259,427,709,NULL,NULL),(5260,427,710,NULL,NULL),(5261,427,712,NULL,NULL),(5262,427,714,NULL,NULL),(5263,427,715,NULL,NULL),(5264,427,717,NULL,NULL),(5265,427,718,NULL,NULL),(5266,427,720,NULL,NULL),(5267,427,721,NULL,NULL),(5268,427,722,NULL,NULL),(5269,427,723,NULL,NULL),(5270,427,725,NULL,NULL),(5271,427,726,NULL,NULL),(5272,427,728,NULL,NULL),(5273,427,729,NULL,NULL),(5274,427,730,NULL,NULL),(5275,427,731,NULL,NULL),(5276,427,732,NULL,NULL),(5277,427,734,NULL,NULL),(5278,428,128,'44.1',1),(5279,428,129,'40.0',NULL),(5280,428,131,'40',NULL),(5281,428,132,'65',NULL),(5282,428,134,NULL,NULL),(5283,428,136,NULL,NULL),(5284,428,137,NULL,NULL),(5285,428,142,'9.4',NULL),(5286,428,144,'1.5',NULL),(5287,428,145,'7.9',NULL),(5288,428,147,NULL,NULL),(5289,428,152,NULL,NULL),(5290,428,153,NULL,NULL),(5291,428,649,'95',NULL),(5292,428,652,'3.57',NULL),(5293,428,653,'294',NULL),(5294,428,656,'2.45',1),(5295,428,658,'3.84',NULL),(5296,428,660,'0.96',NULL),(5297,428,662,'2.27',NULL),(5298,428,664,NULL,NULL),(5299,428,666,NULL,NULL),(5300,428,667,NULL,NULL),(5301,428,670,NULL,NULL),(5302,428,672,NULL,NULL),(5303,428,673,NULL,NULL),(5304,428,677,NULL,NULL),(5305,428,679,NULL,NULL),(5306,428,681,NULL,NULL),(5307,428,683,NULL,NULL),(5308,428,684,NULL,NULL),(5309,428,686,NULL,NULL),(5310,428,688,NULL,NULL),(5311,428,691,NULL,NULL),(5312,428,692,NULL,NULL),(5313,428,693,NULL,NULL),(5314,428,694,NULL,NULL),(5315,428,696,NULL,NULL),(5316,428,698,NULL,NULL),(5317,428,699,NULL,NULL),(5318,428,700,NULL,NULL),(5319,428,701,NULL,NULL),(5320,428,702,NULL,NULL),(5321,428,703,NULL,NULL),(5322,428,704,NULL,NULL),(5323,428,705,NULL,NULL),(5324,428,706,NULL,NULL),(5325,428,707,NULL,NULL),(5326,428,708,NULL,NULL),(5327,428,709,NULL,NULL),(5328,428,710,NULL,NULL),(5329,428,712,NULL,NULL),(5330,428,714,NULL,NULL),(5331,428,715,NULL,NULL),(5332,428,717,NULL,NULL),(5333,428,718,NULL,NULL),(5334,428,720,NULL,NULL),(5335,428,721,NULL,NULL),(5336,428,722,NULL,NULL),(5337,428,723,NULL,NULL),(5338,428,725,NULL,NULL),(5339,428,726,NULL,NULL),(5340,428,728,NULL,NULL),(5341,428,729,NULL,NULL),(5342,428,730,NULL,NULL),(5343,428,731,NULL,NULL),(5344,428,732,NULL,NULL),(5345,428,734,NULL,NULL),(5361,430,4,'5.07',NULL),(5362,430,15,'166',NULL),(5363,430,17,'5.70',NULL),(5364,430,18,'45',NULL),(5365,430,19,'44.60',1),(5366,430,20,'199',NULL),(5367,430,21,'47.5',NULL),(5368,430,22,'93.7',NULL),(5369,430,23,'32.7',NULL),(5370,430,24,'349',NULL),(5371,430,25,NULL,NULL),(5372,430,26,NULL,NULL),(5373,430,27,NULL,NULL),(5374,430,28,NULL,NULL),(5375,430,29,NULL,NULL),(5376,430,30,NULL,NULL),(5377,430,581,NULL,NULL),(5378,430,582,NULL,NULL),(5379,430,583,'2.50',NULL),(5380,430,584,NULL,NULL),(5381,430,585,NULL,NULL),(5382,430,586,'0.60',NULL),(5383,430,587,'11.50',NULL),(5384,430,588,'28.20',NULL),(5385,430,589,'10.60',NULL),(5386,430,590,NULL,NULL),(5387,430,591,NULL,NULL),(5388,430,592,NULL,NULL),(5389,431,62,NULL,NULL),(5390,431,63,NULL,NULL),(5391,431,64,NULL,NULL),(5392,431,65,'1.025',NULL),(5393,431,66,'6.00',NULL),(5394,431,67,NULL,NULL),(5395,431,68,NULL,NULL),(5396,431,69,NULL,NULL),(5397,431,70,NULL,NULL),(5398,431,71,NULL,NULL),(5399,431,72,NULL,NULL),(5400,431,73,NULL,NULL),(5401,431,74,NULL,NULL),(5402,431,75,NULL,NULL),(5403,431,76,NULL,NULL),(5404,431,77,NULL,NULL),(5405,431,78,NULL,NULL),(5406,431,79,NULL,NULL),(5407,431,80,NULL,NULL),(5408,431,81,NULL,NULL),(5409,431,82,NULL,NULL),(5410,431,83,NULL,NULL),(5411,432,84,'黄色',NULL),(5412,432,85,'软便',NULL),(5413,432,86,'阴性',NULL),(5414,432,87,'阴性',NULL),(5415,432,88,'阴性',NULL),(5416,432,89,NULL,NULL),(5417,432,90,NULL,NULL),(5418,432,91,NULL,NULL),(5419,432,92,NULL,NULL),(5420,432,93,NULL,NULL),(5421,433,417,'5.60',NULL),(5422,433,419,'0.89',NULL),(5423,433,422,NULL,NULL),(5424,433,433,NULL,NULL),(5425,433,435,NULL,NULL),(5426,433,436,NULL,NULL),(5427,433,437,NULL,NULL),(5428,433,439,NULL,NULL),(5429,433,443,NULL,NULL),(5430,433,445,NULL,NULL),(5431,433,447,NULL,NULL),(5432,433,450,NULL,NULL),(5433,433,454,NULL,NULL),(5434,433,456,NULL,NULL),(5435,433,457,NULL,NULL),(5436,433,460,NULL,NULL),(5437,433,462,NULL,NULL),(5438,433,465,NULL,NULL),(5439,433,467,NULL,NULL),(5440,433,469,NULL,NULL),(5441,433,473,NULL,NULL),(5442,433,475,NULL,NULL),(5443,433,477,NULL,NULL),(5444,433,479,NULL,NULL),(5445,433,481,NULL,NULL),(5446,433,484,NULL,NULL),(5447,433,486,NULL,NULL),(5448,434,417,'1.5',NULL),(5449,434,419,'1.0',NULL),(5450,434,422,NULL,NULL),(5451,434,433,NULL,NULL),(5452,434,435,NULL,NULL),(5453,434,436,NULL,NULL),(5454,434,437,NULL,NULL),(5455,434,439,NULL,NULL),(5456,434,443,NULL,NULL),(5457,434,445,NULL,NULL),(5458,434,447,NULL,NULL),(5459,434,450,NULL,NULL),(5460,434,454,NULL,NULL),(5461,434,456,NULL,NULL),(5462,434,457,NULL,NULL),(5463,434,460,NULL,NULL),(5464,434,462,NULL,NULL),(5465,434,465,NULL,NULL),(5466,434,467,NULL,NULL),(5467,434,469,NULL,NULL),(5468,434,473,NULL,NULL),(5469,434,475,NULL,NULL),(5470,434,477,NULL,NULL),(5471,434,479,NULL,NULL),(5472,434,481,NULL,NULL),(5473,434,484,NULL,NULL),(5474,434,486,NULL,NULL),(5475,435,128,'49.4',1),(5476,435,129,'30.9',NULL),(5477,435,131,'51.2',1),(5478,435,132,'62',NULL),(5479,435,134,NULL,NULL),(5480,435,136,NULL,NULL),(5481,435,137,NULL,NULL),(5482,435,142,'11.5',NULL),(5483,435,144,'3.1',NULL),(5484,435,145,'8.4',NULL),(5485,435,147,NULL,NULL),(5486,435,152,NULL,NULL),(5487,435,153,NULL,NULL),(5488,435,649,NULL,NULL),(5489,435,652,NULL,NULL),(5490,435,653,NULL,NULL),(5491,435,656,'0.98',NULL),(5492,435,658,'5.04',NULL),(5493,435,660,'0.97',NULL),(5494,435,662,'4.37',NULL),(5495,435,664,NULL,NULL),(5496,435,666,NULL,NULL),(5497,435,667,NULL,NULL),(5498,435,670,NULL,NULL),(5499,435,672,NULL,NULL),(5500,435,673,NULL,NULL),(5501,435,677,NULL,NULL),(5502,435,679,NULL,NULL),(5503,435,681,NULL,NULL),(5504,435,683,NULL,NULL),(5505,435,684,NULL,NULL),(5506,435,686,NULL,NULL),(5507,435,688,NULL,NULL),(5508,435,691,NULL,NULL),(5509,435,692,NULL,NULL),(5510,435,693,NULL,NULL),(5511,435,694,NULL,NULL),(5512,435,696,NULL,NULL),(5513,435,698,NULL,NULL),(5514,435,699,NULL,NULL),(5515,435,700,NULL,NULL),(5516,435,701,NULL,NULL),(5517,435,702,NULL,NULL),(5518,435,703,NULL,NULL),(5519,435,704,NULL,NULL),(5520,435,705,NULL,NULL),(5521,435,706,NULL,NULL),(5522,435,707,NULL,NULL),(5523,435,708,NULL,NULL),(5524,435,709,NULL,NULL),(5525,435,710,NULL,NULL),(5526,435,712,NULL,NULL),(5527,435,714,NULL,NULL),(5528,435,715,NULL,NULL),(5529,435,717,NULL,NULL),(5530,435,718,NULL,NULL),(5531,435,720,NULL,NULL),(5532,435,721,NULL,NULL),(5533,435,722,NULL,NULL),(5534,435,723,NULL,NULL),(5535,435,725,NULL,NULL),(5536,435,726,NULL,NULL),(5537,435,728,NULL,NULL),(5538,435,729,NULL,NULL),(5539,435,730,NULL,NULL),(5540,435,731,NULL,NULL),(5541,435,732,NULL,NULL),(5542,435,734,NULL,NULL),(5543,436,4,'5.38',NULL),(5544,436,15,'172',NULL),(5545,436,17,'6.70',NULL),(5546,436,18,'48.4',1),(5547,436,19,'42.20',1),(5548,436,20,'208',NULL),(5549,436,21,'48',NULL),(5550,436,22,'89.2',NULL),(5551,436,23,'32',NULL),(5552,436,24,'358',NULL),(5553,436,25,NULL,NULL),(5554,436,26,NULL,NULL),(5555,436,27,NULL,NULL),(5556,436,28,NULL,NULL),(5557,436,29,NULL,NULL),(5558,436,30,'10.80',NULL),(5559,436,581,NULL,NULL),(5560,436,582,NULL,NULL),(5561,436,583,NULL,NULL),(5562,436,584,NULL,NULL),(5563,436,585,NULL,NULL),(5564,436,586,NULL,NULL),(5565,436,587,'13.30',NULL),(5566,436,588,NULL,NULL),(5567,436,589,NULL,NULL),(5568,436,590,NULL,NULL),(5569,436,591,NULL,NULL),(5570,436,592,NULL,NULL),(5571,437,62,NULL,NULL),(5572,437,63,NULL,NULL),(5573,437,64,NULL,NULL),(5574,437,65,'1.030',NULL),(5575,437,66,'6.5',NULL),(5576,437,67,NULL,NULL),(5577,437,68,NULL,NULL),(5578,437,69,NULL,NULL),(5579,437,70,NULL,NULL),(5580,437,71,NULL,NULL),(5581,437,72,NULL,NULL),(5582,437,73,NULL,NULL),(5583,437,74,NULL,NULL),(5584,437,75,NULL,NULL),(5585,437,76,NULL,NULL),(5586,437,77,NULL,NULL),(5587,437,78,NULL,NULL),(5588,437,79,NULL,NULL),(5589,437,80,NULL,NULL),(5590,437,81,NULL,NULL),(5591,437,82,NULL,NULL),(5592,437,83,NULL,NULL),(5593,438,84,'黄色',NULL),(5594,438,85,'软便',NULL),(5595,438,86,'阴性',NULL),(5596,438,87,'阴性',NULL),(5597,438,88,'阴性',NULL),(5598,438,89,NULL,NULL),(5599,438,90,NULL,NULL),(5600,438,91,NULL,NULL),(5601,438,92,NULL,NULL),(5602,438,93,NULL,NULL),(5603,439,417,'6.05',NULL),(5604,439,419,'1.18',NULL),(5605,439,422,NULL,NULL),(5606,439,433,NULL,NULL),(5607,439,435,NULL,NULL),(5608,439,436,NULL,NULL),(5609,439,437,NULL,NULL),(5610,439,439,NULL,NULL),(5611,439,443,NULL,NULL),(5612,439,445,'0.68',NULL),(5613,439,447,NULL,NULL),(5614,439,450,NULL,NULL),(5615,439,454,NULL,NULL),(5616,439,456,NULL,NULL),(5617,439,457,NULL,NULL),(5618,439,460,NULL,NULL),(5619,439,462,NULL,NULL),(5620,439,465,NULL,NULL),(5621,439,467,NULL,NULL),(5622,439,469,NULL,NULL),(5623,439,473,NULL,NULL),(5624,439,475,NULL,NULL),(5625,439,477,NULL,NULL),(5626,439,479,NULL,NULL),(5627,439,481,NULL,NULL),(5628,439,484,NULL,NULL),(5629,439,486,NULL,NULL),(5684,442,47,'脂肪肝（中度）       前列腺偏大      右侧锁骨下动脉粥样硬化斑块        静息状态下室壁未见明显节段性运动异常     左室早期舒张功能减低    ',1),(5685,443,128,'46',1),(5686,443,129,'35',NULL),(5687,443,131,'107',1),(5688,443,132,'42',NULL),(5689,443,134,'72.03',NULL),(5690,443,136,'47.94',NULL),(5691,443,137,'24.09',NULL),(5692,443,142,'19.80',NULL),(5693,443,144,'4.37',NULL),(5694,443,145,'15.43',NULL),(5695,443,147,NULL,NULL),(5696,443,152,NULL,NULL),(5697,443,153,NULL,NULL),(5698,443,649,'101.1',NULL),(5699,443,652,NULL,NULL),(5700,443,653,NULL,NULL),(5701,443,656,'2.88',1),(5702,443,658,'5.40',NULL),(5703,443,660,'1.16',NULL),(5704,443,662,'2.8576',NULL),(5705,443,664,NULL,NULL),(5706,443,666,NULL,NULL),(5707,443,667,NULL,NULL),(5708,443,670,NULL,NULL),(5709,443,672,NULL,NULL),(5710,443,673,NULL,NULL),(5711,443,677,NULL,NULL),(5712,443,679,NULL,NULL),(5713,443,681,NULL,NULL),(5714,443,683,NULL,NULL),(5715,443,684,NULL,NULL),(5716,443,686,NULL,NULL),(5717,443,688,NULL,NULL),(5718,443,691,NULL,NULL),(5719,443,692,NULL,NULL),(5720,443,693,NULL,NULL),(5721,443,694,NULL,NULL),(5722,443,696,NULL,NULL),(5723,443,698,NULL,NULL),(5724,443,699,NULL,NULL),(5725,443,700,NULL,NULL),(5726,443,701,NULL,NULL),(5727,443,702,NULL,NULL),(5728,443,703,NULL,NULL),(5729,443,704,NULL,NULL),(5730,443,705,NULL,NULL),(5731,443,706,NULL,NULL),(5732,443,707,NULL,NULL),(5733,443,708,NULL,NULL),(5734,443,709,NULL,NULL),(5735,443,710,NULL,NULL),(5736,443,712,NULL,NULL),(5737,443,714,NULL,NULL),(5738,443,715,NULL,NULL),(5739,443,717,NULL,NULL),(5740,443,718,NULL,NULL),(5741,443,720,NULL,NULL),(5742,443,721,NULL,NULL),(5743,443,722,NULL,NULL),(5744,443,723,NULL,NULL),(5745,443,725,NULL,NULL),(5746,443,726,NULL,NULL),(5747,443,728,NULL,NULL),(5748,443,729,NULL,NULL),(5749,443,730,NULL,NULL),(5750,443,731,NULL,NULL),(5751,443,732,NULL,NULL),(5752,443,734,NULL,NULL),(5753,444,127,'5.72',NULL),(5754,444,130,NULL,NULL),(5755,444,133,NULL,NULL),(5756,444,135,NULL,NULL),(5757,444,139,NULL,NULL),(5758,444,141,NULL,NULL),(5759,444,143,NULL,NULL),(5760,444,146,NULL,NULL),(5761,444,148,NULL,NULL),(5762,444,150,'5.76',NULL),(5763,444,151,'1.81',NULL),(5764,444,154,NULL,NULL),(5765,444,156,NULL,NULL),(5766,444,159,NULL,NULL),(5767,444,161,NULL,NULL),(5768,444,163,NULL,NULL),(5769,444,165,NULL,NULL),(5770,444,167,NULL,NULL),(5771,444,169,NULL,NULL),(5772,444,171,NULL,NULL),(5773,444,174,NULL,NULL),(5774,444,176,NULL,NULL),(5775,445,4,'5.76',1),(5776,445,15,'159',NULL),(5777,445,17,'4.6',NULL),(5778,445,18,'44.4',1),(5779,445,19,'48.8',1),(5780,445,20,'139',NULL),(5781,445,21,'47.2',NULL),(5782,445,22,'82',NULL),(5783,445,23,'27.6',NULL),(5784,445,24,'336',NULL),(5785,445,25,NULL,NULL),(5786,445,26,NULL,NULL),(5787,445,27,NULL,NULL),(5788,445,28,NULL,NULL),(5789,445,29,NULL,NULL),(5790,445,30,'10.1',NULL),(5791,445,581,'32.5',NULL),(5792,445,582,'2.1',NULL),(5793,445,583,'2.2',NULL),(5794,445,584,NULL,NULL),(5795,445,585,NULL,NULL),(5796,445,586,NULL,NULL),(5797,445,587,NULL,NULL),(5798,445,588,NULL,NULL),(5799,445,589,NULL,NULL),(5800,445,590,NULL,NULL),(5801,445,591,NULL,NULL),(5802,445,592,NULL,NULL),(5803,446,531,'阴性',NULL),(5804,446,533,'阴性',NULL),(5805,446,534,'阴性',NULL),(5806,446,535,'阴性',NULL),(5807,446,536,'阴性',NULL),(5808,446,539,'阴性',NULL),(5809,446,542,'阴性',NULL),(5810,446,544,'阴性',NULL),(5811,446,547,NULL,NULL),(5812,446,549,NULL,NULL),(5813,446,552,NULL,NULL),(5814,447,417,'1.88',NULL),(5815,447,419,'1.17',NULL),(5816,447,422,'5.88',NULL),(5817,447,433,NULL,NULL),(5818,447,435,NULL,NULL),(5819,447,436,NULL,NULL),(5820,447,437,NULL,NULL),(5821,447,439,NULL,NULL),(5822,447,443,'6.67',NULL),(5823,447,445,'0.001',NULL),(5824,447,447,NULL,NULL),(5825,447,450,NULL,NULL),(5826,447,454,NULL,NULL),(5827,447,456,NULL,NULL),(5828,447,457,NULL,NULL),(5829,447,460,NULL,NULL),(5830,447,462,NULL,NULL),(5831,447,465,NULL,NULL),(5832,447,467,NULL,NULL),(5833,447,469,NULL,NULL),(5834,447,473,NULL,NULL),(5835,447,475,NULL,NULL),(5836,447,477,NULL,NULL),(5837,447,479,NULL,NULL),(5838,447,481,NULL,NULL),(5839,447,484,NULL,NULL),(5840,447,486,NULL,NULL),(5841,448,62,NULL,NULL),(5842,448,63,NULL,NULL),(5843,448,64,NULL,NULL),(5844,448,65,'1.025',NULL),(5845,448,66,'5.0',NULL),(5846,448,67,NULL,NULL),(5847,448,68,NULL,NULL),(5848,448,69,NULL,NULL),(5849,448,70,NULL,NULL),(5850,448,71,NULL,NULL),(5851,448,72,NULL,NULL),(5852,448,73,NULL,NULL),(5853,448,74,NULL,NULL),(5854,448,75,NULL,NULL),(5855,448,76,NULL,NULL),(5856,448,77,NULL,NULL),(5857,448,78,NULL,NULL),(5858,448,79,NULL,NULL),(5859,448,80,NULL,NULL),(5860,448,81,NULL,NULL),(5861,448,82,NULL,NULL),(5862,448,83,NULL,NULL),(5863,449,47,'肝胆胰腺肾  膀胱前列腺  双侧甲状腺声像图未见异常    双侧颈动脉彩超未见异常    受检大脑各动脉血流速度及频谱形态未见明显明显异常 ',NULL),(5864,450,105,'胃（窦）黏膜中度慢性炎，腺上皮增生   （乙状结肠）增生性息肉，腺上皮增生',1),(5865,451,838,'结肠多发息肉（I型）钳净     慢性糜烂性胃炎',1),(5866,452,128,'44',1),(5867,452,129,'28',NULL),(5868,452,131,'104',1),(5869,452,132,'43',NULL),(5870,452,134,'66.1',NULL),(5871,452,136,'40.7',NULL),(5872,452,137,'25.40',NULL),(5873,452,142,'17',NULL),(5874,452,144,'4.3',NULL),(5875,452,145,'12.7',NULL),(5876,452,147,NULL,NULL),(5877,452,152,NULL,NULL),(5878,452,153,NULL,NULL),(5879,452,649,'87.1',NULL),(5880,452,652,'4.38',NULL),(5881,452,653,'381',NULL),(5882,452,656,'2.56',1),(5883,452,658,'5.07',NULL),(5884,452,660,'1.24',NULL),(5885,452,662,'3.38',NULL),(5886,452,664,NULL,NULL),(5887,452,666,NULL,NULL),(5888,452,667,NULL,NULL),(5889,452,670,'188',NULL),(5890,452,672,'13',NULL),(5891,452,673,'145',NULL),(5892,452,677,NULL,NULL),(5893,452,679,NULL,NULL),(5894,452,681,NULL,NULL),(5895,452,683,NULL,NULL),(5896,452,684,NULL,NULL),(5897,452,686,NULL,NULL),(5898,452,688,NULL,NULL),(5899,452,691,NULL,NULL),(5900,452,692,NULL,NULL),(5901,452,693,NULL,NULL),(5902,452,694,NULL,NULL),(5903,452,696,NULL,NULL),(5904,452,698,NULL,NULL),(5905,452,699,NULL,NULL),(5906,452,700,NULL,NULL),(5907,452,701,NULL,NULL),(5908,452,702,NULL,NULL),(5909,452,703,NULL,NULL),(5910,452,704,NULL,NULL),(5911,452,705,NULL,NULL),(5912,452,706,NULL,NULL),(5913,452,707,NULL,NULL),(5914,452,708,NULL,NULL),(5915,452,709,NULL,NULL),(5916,452,710,NULL,NULL),(5917,452,712,NULL,NULL),(5918,452,714,NULL,NULL),(5919,452,715,NULL,NULL),(5920,452,717,'107',NULL),(5921,452,718,NULL,NULL),(5922,452,720,NULL,NULL),(5923,452,721,NULL,NULL),(5924,452,722,NULL,NULL),(5925,452,723,NULL,NULL),(5926,452,725,NULL,NULL),(5927,452,726,NULL,NULL),(5928,452,728,NULL,NULL),(5929,452,729,NULL,NULL),(5930,452,730,NULL,NULL),(5931,452,731,NULL,NULL),(5932,452,732,NULL,NULL),(5933,452,734,NULL,NULL),(5934,453,4,'5.15',NULL),(5935,453,15,'147',NULL),(5936,453,17,'3.8',1),(5937,453,18,'47.49',1),(5938,453,19,'40.15',1),(5939,453,20,'121',NULL),(5940,453,21,'41.5',NULL),(5941,453,22,'80.7',NULL),(5942,453,23,'28.5',NULL),(5943,453,24,'354',NULL),(5944,453,25,NULL,NULL),(5945,453,26,NULL,NULL),(5946,453,27,'3.27',NULL),(5947,453,28,'0.06',NULL),(5948,453,29,'9.03',NULL),(5949,453,30,'11.4',NULL),(5950,453,581,'12.2',NULL),(5951,453,582,'1.709',1),(5952,453,583,'1.4',NULL),(5953,453,584,'0.110',NULL),(5954,453,585,'0.002',NULL),(5955,453,586,'0.306',NULL),(5956,453,587,'13.4',NULL),(5957,453,588,'27.97',NULL),(5958,453,589,'0.13',NULL),(5959,453,590,NULL,NULL),(5960,453,591,NULL,NULL),(5961,453,592,NULL,NULL),(5962,454,531,'阴性',NULL),(5963,454,533,'阴性',NULL),(5964,454,534,'阴性',NULL),(5965,454,535,'阴性',NULL),(5966,454,536,'阴性',NULL),(5967,454,539,'阴性',NULL),(5968,454,542,'阴性',NULL),(5969,454,544,'阴性',NULL),(5970,454,547,NULL,NULL),(5971,454,549,NULL,NULL),(5972,454,552,NULL,NULL),(5973,455,417,'0.897',NULL),(5974,455,419,'1.796',NULL),(5975,455,422,'14.178',NULL),(5976,455,433,NULL,NULL),(5977,455,435,NULL,NULL),(5978,455,436,NULL,NULL),(5979,455,437,NULL,NULL),(5980,455,439,NULL,NULL),(5981,455,443,'1.337',NULL),(5982,455,445,'1.09',NULL),(5983,455,447,NULL,NULL),(5984,455,450,NULL,NULL),(5985,455,454,NULL,NULL),(5986,455,456,NULL,NULL),(5987,455,457,NULL,NULL),(5988,455,460,NULL,NULL),(5989,455,462,NULL,NULL),(5990,455,465,NULL,NULL),(5991,455,467,NULL,NULL),(5992,455,469,NULL,NULL),(5993,455,473,NULL,NULL),(5994,455,475,NULL,NULL),(5995,455,477,NULL,NULL),(5996,455,479,NULL,NULL),(5997,455,481,NULL,NULL),(5998,455,484,NULL,NULL),(5999,455,486,NULL,NULL),(6000,456,62,NULL,NULL),(6001,456,63,NULL,NULL),(6002,456,64,NULL,NULL),(6003,456,65,'1.03',NULL),(6004,456,66,'5.0',NULL),(6005,456,67,NULL,NULL),(6006,456,68,NULL,NULL),(6007,456,69,NULL,NULL),(6008,456,70,NULL,NULL),(6009,456,71,NULL,NULL),(6010,456,72,NULL,NULL),(6011,456,73,NULL,NULL),(6012,456,74,NULL,NULL),(6013,456,75,NULL,NULL),(6014,456,76,NULL,NULL),(6015,456,77,NULL,NULL),(6016,456,78,NULL,NULL),(6017,456,79,NULL,NULL),(6018,456,80,NULL,NULL),(6019,456,81,NULL,NULL),(6020,456,82,NULL,NULL),(6021,456,83,NULL,NULL),(6022,457,127,NULL,NULL),(6023,457,130,NULL,NULL),(6024,457,133,NULL,NULL),(6025,457,135,NULL,NULL),(6026,457,139,NULL,NULL),(6027,457,141,NULL,NULL),(6028,457,143,NULL,NULL),(6029,457,146,NULL,NULL),(6030,457,148,NULL,NULL),(6031,457,150,'5.5',NULL),(6032,457,151,NULL,NULL),(6033,457,154,NULL,NULL),(6034,457,156,NULL,NULL),(6035,457,159,NULL,NULL),(6036,457,161,NULL,NULL),(6037,457,163,NULL,NULL),(6038,457,165,NULL,NULL),(6039,457,167,NULL,NULL),(6040,457,169,NULL,NULL),(6041,457,171,NULL,NULL),(6042,457,174,NULL,NULL),(6043,457,176,NULL,NULL),(6044,458,56,'窦性心率正常',1),(6045,459,47,'肝胆胰腺肾 膀胱前列腺  双侧甲状腺   双侧颈动脉声像图未见异常  静息状态下  心脏结构及血流未见明显异常        左侧椎动脉血流速度减慢，其余检测血管血流速度及频谱形态未见明显异常  ',NULL),(6046,460,96,'心肺膈未见明显异常',NULL),(6047,461,53,'冠状动脉CTA未见明显异常',NULL),(6048,462,105,'胃（窦）移行部黏膜慢性炎',NULL),(6049,463,838,'糜烂性胃炎伴粗大黏膜流入、幽门变形   乙状结多发肠息肉（露滴样、I型）建议定期复查，择期内镜下治疗',1),(6050,464,128,NULL,NULL),(6051,464,129,NULL,NULL),(6052,464,131,NULL,NULL),(6053,464,132,NULL,NULL),(6054,464,134,NULL,NULL),(6055,464,136,NULL,NULL),(6056,464,137,NULL,NULL),(6057,464,142,NULL,NULL),(6058,464,144,NULL,NULL),(6059,464,145,NULL,NULL),(6060,464,147,NULL,NULL),(6061,464,152,NULL,NULL),(6062,464,153,NULL,NULL),(6063,464,649,NULL,NULL),(6064,464,652,NULL,NULL),(6065,464,653,NULL,NULL),(6066,464,656,'3.24',1),(6067,464,658,'5.53',1),(6068,464,660,NULL,NULL),(6069,464,662,NULL,NULL),(6070,464,664,NULL,NULL),(6071,464,666,NULL,NULL),(6072,464,667,NULL,NULL),(6073,464,670,NULL,NULL),(6074,464,672,NULL,NULL),(6075,464,673,NULL,NULL),(6076,464,677,NULL,NULL),(6077,464,679,NULL,NULL),(6078,464,681,NULL,NULL),(6079,464,683,NULL,NULL),(6080,464,684,NULL,NULL),(6081,464,686,NULL,NULL),(6082,464,688,NULL,NULL),(6083,464,691,NULL,NULL),(6084,464,692,NULL,NULL),(6085,464,693,NULL,NULL),(6086,464,694,NULL,NULL),(6087,464,696,NULL,NULL),(6088,464,698,NULL,NULL),(6089,464,699,NULL,NULL),(6090,464,700,NULL,NULL),(6091,464,701,NULL,NULL),(6092,464,702,NULL,NULL),(6093,464,703,NULL,NULL),(6094,464,704,NULL,NULL),(6095,464,705,NULL,NULL),(6096,464,706,NULL,NULL),(6097,464,707,NULL,NULL),(6098,464,708,NULL,NULL),(6099,464,709,NULL,NULL),(6100,464,710,NULL,NULL),(6101,464,712,NULL,NULL),(6102,464,714,NULL,NULL),(6103,464,715,NULL,NULL),(6104,464,717,NULL,NULL),(6105,464,718,NULL,NULL),(6106,464,720,NULL,NULL),(6107,464,721,NULL,NULL),(6108,464,722,NULL,NULL),(6109,464,723,NULL,NULL),(6110,464,725,NULL,NULL),(6111,464,726,NULL,NULL),(6112,464,728,NULL,NULL),(6113,464,729,NULL,NULL),(6114,464,730,NULL,NULL),(6115,464,731,NULL,NULL),(6116,464,732,NULL,NULL),(6117,464,734,NULL,NULL),(6118,465,4,'5.75',1),(6119,465,15,NULL,NULL),(6120,465,17,NULL,NULL),(6121,465,18,'45.9',1),(6122,465,19,'44.5',1),(6123,465,20,NULL,NULL),(6124,465,21,NULL,NULL),(6125,465,22,NULL,NULL),(6126,465,23,NULL,NULL),(6127,465,24,NULL,NULL),(6128,465,25,NULL,NULL),(6129,465,26,NULL,NULL),(6130,465,27,NULL,NULL),(6131,465,28,NULL,NULL),(6132,465,29,NULL,NULL),(6133,465,30,NULL,NULL),(6134,465,581,NULL,NULL),(6135,465,582,NULL,NULL),(6136,465,583,NULL,NULL),(6137,465,584,NULL,NULL),(6138,465,585,NULL,NULL),(6139,465,586,NULL,NULL),(6140,465,587,NULL,NULL),(6141,465,588,NULL,NULL),(6142,465,589,NULL,NULL),(6143,465,590,NULL,NULL),(6144,465,591,NULL,NULL),(6145,465,592,NULL,NULL),(6146,466,62,NULL,NULL),(6147,466,63,NULL,NULL),(6148,466,64,NULL,NULL),(6149,466,65,NULL,NULL),(6150,466,66,NULL,NULL),(6151,466,67,NULL,NULL),(6152,466,68,NULL,NULL),(6153,466,69,NULL,NULL),(6154,466,70,NULL,NULL),(6155,466,71,NULL,NULL),(6156,466,72,NULL,NULL),(6157,466,73,NULL,NULL),(6158,466,74,NULL,NULL),(6159,466,75,'阴性',NULL),(6160,466,76,'阴性',NULL),(6161,466,77,'阴性',NULL),(6162,466,78,NULL,NULL),(6163,466,79,NULL,NULL),(6164,466,80,NULL,NULL),(6165,466,81,NULL,NULL),(6166,466,82,NULL,NULL),(6167,466,83,NULL,NULL),(6168,467,531,'阴性',NULL),(6169,467,533,NULL,NULL),(6170,467,534,NULL,NULL),(6171,467,535,NULL,NULL),(6172,467,536,NULL,NULL),(6173,467,539,NULL,NULL),(6174,467,542,NULL,NULL),(6175,467,544,NULL,NULL),(6176,467,547,NULL,NULL),(6177,467,549,NULL,NULL),(6178,467,552,NULL,NULL),(6179,468,47,'脂肪肝  胆囊壁胆固醇结晶形成大小约0.2cm',1),(6180,469,56,'窦性心率，正常心电图',NULL),(6181,470,128,'31',NULL),(6182,470,129,'20',NULL),(6183,470,131,'88',1),(6184,470,132,'48',NULL),(6185,470,134,'73',NULL),(6186,470,136,'45',NULL),(6187,470,137,NULL,NULL),(6188,470,142,'13.3',NULL),(6189,470,144,'3.5',NULL),(6190,470,145,NULL,NULL),(6191,470,147,NULL,NULL),(6192,470,152,NULL,NULL),(6193,470,153,NULL,NULL),(6194,470,649,'93',NULL),(6195,470,652,'5.54',NULL),(6196,470,653,'468',1),(6197,470,656,'2.83',1),(6198,470,658,'5.77',1),(6199,470,660,'1.37',NULL),(6200,470,662,'3.23',NULL),(6201,470,664,NULL,NULL),(6202,470,666,NULL,NULL),(6203,470,667,NULL,NULL),(6204,470,670,NULL,NULL),(6205,470,672,NULL,NULL),(6206,470,673,'139',NULL),(6207,470,677,'139',NULL),(6208,470,679,'4.1',NULL),(6209,470,681,'103',NULL),(6210,470,683,'1.35',NULL),(6211,470,684,NULL,NULL),(6212,470,686,NULL,NULL),(6213,470,688,NULL,NULL),(6214,470,691,NULL,NULL),(6215,470,692,'1.6',NULL),(6216,470,693,NULL,NULL),(6217,470,694,NULL,NULL),(6218,470,696,NULL,NULL),(6219,470,698,NULL,NULL),(6220,470,699,NULL,NULL),(6221,470,700,NULL,NULL),(6222,470,701,NULL,NULL),(6223,470,702,NULL,NULL),(6224,470,703,NULL,NULL),(6225,470,704,NULL,NULL),(6226,470,705,NULL,NULL),(6227,470,706,NULL,NULL),(6228,470,707,NULL,NULL),(6229,470,708,NULL,NULL),(6230,470,709,NULL,NULL),(6231,470,710,NULL,NULL),(6232,470,712,NULL,NULL),(6233,470,714,NULL,NULL),(6234,470,715,NULL,NULL),(6235,470,717,NULL,NULL),(6236,470,718,NULL,NULL),(6237,470,720,NULL,NULL),(6238,470,721,NULL,NULL),(6239,470,722,NULL,NULL),(6240,470,723,NULL,NULL),(6241,470,725,NULL,NULL),(6242,470,726,NULL,NULL),(6243,470,728,NULL,NULL),(6244,470,729,NULL,NULL),(6245,470,730,NULL,NULL),(6246,470,731,NULL,NULL),(6247,470,732,NULL,NULL),(6248,470,734,NULL,NULL),(6249,471,320,NULL,NULL),(6250,471,322,NULL,NULL),(6251,471,324,'3.41',NULL),(6252,471,326,'1.530',NULL),(6253,471,328,'4.708',1),(6254,471,330,NULL,NULL),(6255,471,332,NULL,NULL),(6256,471,334,NULL,NULL),(6257,471,337,NULL,NULL),(6258,471,348,NULL,NULL),(6259,471,349,NULL,NULL),(6260,471,350,NULL,NULL),(6261,472,127,NULL,NULL),(6262,472,130,NULL,NULL),(6263,472,133,NULL,NULL),(6264,472,135,NULL,NULL),(6265,472,139,NULL,NULL),(6266,472,141,NULL,NULL),(6267,472,143,NULL,NULL),(6268,472,146,NULL,NULL),(6269,472,148,NULL,NULL),(6270,472,150,'5.9',NULL),(6271,472,151,NULL,NULL),(6272,472,154,NULL,NULL),(6273,472,156,NULL,NULL),(6274,472,159,NULL,NULL),(6275,472,161,NULL,NULL),(6276,472,163,NULL,NULL),(6277,472,165,NULL,NULL),(6278,472,167,NULL,NULL),(6279,472,169,NULL,NULL),(6280,472,171,NULL,NULL),(6281,472,174,NULL,NULL),(6282,472,176,NULL,NULL),(6283,473,62,NULL,NULL),(6284,473,63,NULL,NULL),(6285,473,64,NULL,NULL),(6286,473,65,'1.020',NULL),(6287,473,66,'6',NULL),(6288,473,67,NULL,NULL),(6289,473,68,NULL,NULL),(6290,473,69,NULL,NULL),(6291,473,70,NULL,NULL),(6292,473,71,'3.2正常',NULL),(6293,473,72,NULL,NULL),(6294,473,73,NULL,NULL),(6295,473,74,NULL,NULL),(6296,473,75,NULL,NULL),(6297,473,76,NULL,NULL),(6298,473,77,NULL,NULL),(6299,473,78,NULL,NULL),(6300,473,79,NULL,NULL),(6301,473,80,NULL,NULL),(6302,473,81,NULL,NULL),(6303,473,82,NULL,NULL),(6304,473,83,NULL,NULL),(6305,474,4,'6.03',1),(6306,474,15,'167',1),(6307,474,17,'5.77',NULL),(6308,474,18,'50.5',NULL),(6309,474,19,'42.1',1),(6310,474,20,'155',NULL),(6311,474,21,'49',NULL),(6312,474,22,'81.3',1),(6313,474,23,'27.7',NULL),(6314,474,24,'341',NULL),(6315,474,25,NULL,NULL),(6316,474,26,NULL,NULL),(6317,474,27,'1.4',NULL),(6318,474,28,'0.3',NULL),(6319,474,29,'5.7',NULL),(6320,474,30,'11.2',NULL),(6321,474,581,'13.9',NULL),(6322,474,582,'2.91',NULL),(6323,474,583,'2.43',NULL),(6324,474,584,'0.08',NULL),(6325,474,585,'0.02',NULL),(6326,474,586,'0.33',NULL),(6327,474,587,'14.9',NULL),(6328,474,588,'35.9',NULL),(6329,474,589,'0.17',NULL),(6330,474,590,NULL,NULL),(6331,474,591,NULL,NULL),(6332,474,592,NULL,NULL),(6333,475,417,'4.2',NULL),(6334,475,419,'3.34',NULL),(6335,475,422,'14.6',NULL),(6336,475,433,NULL,NULL),(6337,475,435,NULL,NULL),(6338,475,436,'11.9',NULL),(6339,475,437,NULL,NULL),(6340,475,439,'0.7',NULL),(6341,475,443,NULL,NULL),(6342,475,445,NULL,NULL),(6343,475,447,NULL,NULL),(6344,475,450,'0.79',NULL),(6345,475,454,NULL,NULL),(6346,475,456,NULL,NULL),(6347,475,457,NULL,NULL),(6348,475,460,NULL,NULL),(6349,475,462,NULL,NULL),(6350,475,465,NULL,NULL),(6351,475,467,NULL,NULL),(6352,475,469,NULL,NULL),(6353,475,473,NULL,NULL),(6354,475,475,NULL,NULL),(6355,475,477,NULL,NULL),(6356,475,479,NULL,NULL),(6357,475,481,NULL,NULL),(6358,475,484,NULL,NULL),(6359,475,486,NULL,NULL),(6360,476,84,'黄色',NULL),(6361,476,85,'软便',NULL),(6362,476,86,'阴性',NULL),(6363,476,87,'阴性',NULL),(6364,476,88,'阴性',NULL),(6365,476,89,'阴性',NULL),(6366,476,90,NULL,NULL),(6367,476,91,NULL,NULL),(6368,476,92,NULL,NULL),(6369,476,93,NULL,NULL),(6370,477,62,NULL,NULL),(6371,477,63,NULL,NULL),(6372,477,64,NULL,NULL),(6373,477,65,'1.030',NULL),(6374,477,66,'5.5',NULL),(6375,477,67,'阴性',NULL),(6376,477,68,'正常',NULL),(6377,477,69,'阴性',NULL),(6378,477,70,'阴性',NULL),(6379,477,71,'正常',NULL),(6380,477,72,'阴性',NULL),(6381,477,73,'0.00',NULL),(6382,477,74,'0.00',NULL),(6383,477,75,'0.00',NULL),(6384,477,76,'0.00',NULL),(6385,477,77,'阴性',NULL),(6386,477,78,'0.00',NULL),(6387,477,79,'阴性',NULL),(6388,477,80,'0.00',NULL),(6389,477,81,'0.66',NULL),(6390,477,82,'0.00',NULL),(6391,477,83,NULL,NULL),(6392,478,4,'4.76',NULL),(6393,478,15,'148',NULL),(6394,478,17,'5.32',NULL),(6395,478,18,NULL,NULL),(6396,478,19,NULL,NULL),(6397,478,20,'338',1),(6398,478,21,NULL,NULL),(6399,478,22,NULL,NULL),(6400,478,23,'31.1',NULL),(6401,478,24,NULL,NULL),(6402,478,25,'0.74',NULL),(6403,478,26,NULL,NULL),(6404,478,27,NULL,NULL),(6405,478,28,NULL,NULL),(6406,478,29,NULL,NULL),(6407,478,30,'9.6',NULL),(6408,478,581,NULL,NULL),(6409,478,582,'0.560',NULL),(6410,478,583,'0.374',NULL),(6411,478,584,'0.019',NULL),(6412,478,585,'0.004',NULL),(6413,478,586,'0.043',NULL),(6414,478,587,'10.4',NULL),(6415,478,588,NULL,NULL),(6416,478,589,'0.32',1),(6417,478,590,'0.0',NULL),(6418,478,591,'0.021',1),(6419,478,592,'0.979',1),(6420,479,127,'4.38',NULL),(6421,479,130,'21.39',NULL),(6422,479,133,'3.74',NULL),(6423,479,135,NULL,NULL),(6424,479,139,NULL,NULL),(6425,479,141,NULL,NULL),(6426,479,143,'6.45',NULL),(6427,479,146,'53.03',NULL),(6428,479,148,'9.06',NULL),(6429,479,150,'5.9',NULL),(6430,479,151,'12.8',NULL),(6431,479,154,NULL,NULL),(6432,479,156,NULL,NULL),(6433,479,159,NULL,NULL),(6434,479,161,NULL,NULL),(6435,479,163,NULL,NULL),(6436,479,165,NULL,NULL),(6437,479,167,NULL,NULL),(6438,479,169,NULL,NULL),(6439,479,171,NULL,NULL),(6440,479,174,NULL,NULL),(6441,479,176,NULL,NULL),(6442,480,128,'33.2',NULL),(6443,480,129,'20.8',NULL),(6444,480,131,'28',NULL),(6445,480,132,'50',NULL),(6446,480,134,'63.8',NULL),(6447,480,136,'40.9',NULL),(6448,480,137,NULL,NULL),(6449,480,142,'10.2',NULL),(6450,480,144,'3.2',NULL),(6451,480,145,NULL,NULL),(6452,480,147,'3.9',NULL),(6453,480,152,'58',NULL),(6454,480,153,'41.4',NULL),(6455,480,649,'79',NULL),(6456,480,652,'6.1',NULL),(6457,480,653,'442',NULL),(6458,480,656,'0.75',NULL),(6459,480,658,'5.18',NULL),(6460,480,660,'1.11',NULL),(6461,480,662,'3.92',1),(6462,480,664,'3.7',NULL),(6463,480,666,'1.142',1),(6464,480,667,'3.7',NULL),(6465,480,670,'163',NULL),(6466,480,672,'11.8',NULL),(6467,480,673,'142',NULL),(6468,480,677,'147',NULL),(6469,480,679,'4.00',NULL),(6470,480,681,'106.5',NULL),(6471,480,683,'1.20',NULL),(6472,480,684,'0.90',NULL),(6473,480,686,'23.9',NULL),(6474,480,688,'2.30',NULL),(6475,480,691,NULL,NULL),(6476,480,692,NULL,NULL),(6477,480,693,NULL,NULL),(6478,480,694,NULL,NULL),(6479,480,696,NULL,NULL),(6480,480,698,NULL,NULL),(6481,480,699,NULL,NULL),(6482,480,700,NULL,NULL),(6483,480,701,NULL,NULL),(6484,480,702,'8.4',NULL),(6485,480,703,NULL,NULL),(6486,480,704,NULL,NULL),(6487,480,705,NULL,NULL),(6488,480,706,NULL,NULL),(6489,480,707,NULL,NULL),(6490,480,708,NULL,NULL),(6491,480,709,'',NULL),(6492,480,710,'2.71',NULL),(6493,480,712,'0.54',NULL),(6494,480,714,'0.02',NULL),(6495,480,715,NULL,NULL),(6496,480,717,NULL,NULL),(6497,480,718,NULL,NULL),(6498,480,720,'33',NULL),(6499,480,721,NULL,NULL),(6500,480,722,NULL,NULL),(6501,480,723,NULL,NULL),(6502,480,725,'11.85',NULL),(6503,480,726,'7.68',NULL),(6504,480,728,'673.1',NULL),(6505,480,729,NULL,NULL),(6506,480,730,'382',NULL),(6507,480,731,NULL,NULL),(6508,480,732,NULL,NULL),(6509,480,734,NULL,NULL),(6510,481,417,'3.26',NULL),(6511,481,419,'1.90',NULL),(6512,481,422,'10.78',NULL),(6513,481,433,'1.23',NULL),(6514,481,435,'8.87',NULL),(6515,481,436,'5.75',NULL),(6516,481,437,'1.74',NULL),(6517,481,439,'0.7',NULL),(6518,481,443,'12.05',NULL),(6519,481,445,NULL,NULL),(6520,481,447,NULL,NULL),(6521,481,450,NULL,NULL),(6522,481,454,'277.4',NULL),(6523,481,456,NULL,NULL),(6524,481,457,NULL,NULL),(6525,481,460,NULL,NULL),(6526,481,462,NULL,NULL),(6527,481,465,NULL,NULL),(6528,481,467,NULL,NULL),(6529,481,469,NULL,NULL),(6530,481,473,NULL,NULL),(6531,481,475,NULL,NULL),(6532,481,477,NULL,NULL),(6533,481,479,NULL,NULL),(6534,481,481,NULL,NULL),(6535,481,484,NULL,NULL),(6536,481,486,NULL,NULL),(6537,482,531,'阴性',NULL),(6538,482,533,'261.8',NULL),(6539,482,534,'阴性',NULL),(6540,482,535,'0.272',1),(6541,482,536,'阳性',1),(6542,482,539,'阴性',NULL),(6543,482,542,'阴性',NULL),(6544,482,544,'阴性',NULL),(6545,482,547,NULL,NULL),(6546,482,549,NULL,NULL),(6547,482,552,NULL,NULL),(6548,483,354,'3.35',NULL),(6549,483,355,'16.5',NULL),(6550,483,356,'36.1',NULL),(6551,483,357,'99.0',NULL),(6552,483,358,NULL,NULL),(6553,483,359,'1.01',NULL),(6554,483,360,NULL,NULL),(6555,483,361,NULL,NULL),(6556,483,368,'2',NULL),(6557,483,370,'2',NULL),(6558,483,372,'2',NULL),(6559,483,374,'2',NULL),(6560,484,354,NULL,NULL),(6561,484,355,NULL,NULL),(6562,484,356,NULL,NULL),(6563,484,357,NULL,NULL),(6564,484,358,NULL,NULL),(6565,484,359,NULL,NULL),(6566,484,360,NULL,NULL),(6567,484,361,NULL,NULL),(6568,484,368,NULL,NULL),(6569,484,370,NULL,NULL),(6570,484,372,NULL,NULL),(6571,484,374,NULL,NULL),(6572,485,320,'1.69',NULL),(6573,485,322,'77.37',NULL),(6574,485,324,'4.89',NULL),(6575,485,326,'14.11',NULL),(6576,485,328,'1.75',NULL),(6577,485,330,'11.63',NULL),(6578,485,332,'5.00',NULL),(6579,485,334,NULL,NULL),(6580,485,337,NULL,NULL),(6581,485,348,NULL,NULL),(6582,485,349,NULL,NULL),(6583,485,350,NULL,NULL),(6584,486,306,'6.93',NULL),(6585,486,308,'7.03',NULL),(6586,486,310,'29.60',NULL),(6587,486,312,'85.41',NULL),(6588,486,314,'1.53',NULL),(6589,486,316,'11.83',NULL),(6590,486,317,NULL,NULL),(6591,486,318,NULL,NULL),(6592,486,606,NULL,NULL),(6593,487,488,NULL,NULL),(6594,487,489,'7',NULL),(6595,487,490,NULL,NULL),(6596,487,491,NULL,NULL),(6597,487,492,NULL,NULL),(6598,487,497,NULL,NULL),(6599,487,499,NULL,NULL),(6600,487,503,NULL,NULL),(6601,487,505,NULL,NULL),(6602,487,506,'55',1),(6603,487,508,'22',NULL),(6604,487,512,NULL,NULL),(6605,487,513,NULL,NULL),(6606,487,514,NULL,NULL),(6607,487,516,'0.11',NULL),(6608,488,838,'慢性浅表性胃炎  食管胃黏膜异位     全结肠未见异常',1),(6609,489,56,'窦性心率  心电图正常',NULL),(6610,490,107,NULL,NULL),(6611,491,96,'颈椎、腰椎骨质未见异常',NULL),(6612,492,53,'1.胸部CT平扫未见明显异常       2.脂肪肝',1),(6613,493,53,NULL,NULL),(6614,494,103,'颅脑MRI平扫未见明显异常',NULL),(6615,495,47,'超声心动图正常范围    脂肪肝   肝左内叶囊肿   双侧颈动脉、椎动脉超声未见明显异常   前列腺结石       双侧颈部未见明显异常肿大淋巴结       甲状腺左侧叶下部可疑偏低回声结节，建议定期复查',1),(6616,496,110,'鹰演全身健康信息扫描报告        醛固酮分泌偏高，血压增高风险，注意监测血压，      胰岛功能减退，胰岛素底下，建议定期监控血糖，避免高糖、高脂、高热量食物摄取   甘油三酯增高，心脑血管疾病风险增加，建议控制体重，减少高热、高脂食物摄取，增加运动  脂肪肝倾向，建议控制饮食，低脂、低糖、避免饮酒，增加运动每半年检测肝功，彩超检测   胃食道返流综合症，肠内菌从失调，肠道功能紊乱等风险，建议避免辛辣、烫、刺激食物，定期检测    细胞间质内钙流失，正常偏低水平，钙质不足，建议补充钙质',1),(6617,497,4,'4.63',NULL),(6618,497,15,'150',NULL),(6619,497,17,'6.5',NULL),(6620,497,18,'57.8',NULL),(6621,497,19,'34.2',NULL),(6622,497,20,'298',NULL),(6623,497,21,'0.443',NULL),(6624,497,22,'95.6',NULL),(6625,497,23,'32.5',NULL),(6626,497,24,'339',NULL),(6627,497,25,NULL,NULL),(6628,497,26,NULL,NULL),(6629,497,27,'1.5',NULL),(6630,497,28,'0.7',NULL),(6631,497,29,'5.8',NULL),(6632,497,30,'7.6',NULL),(6633,497,581,'14.4',NULL),(6634,497,582,'3.8',NULL),(6635,497,583,'2.2',NULL),(6636,497,584,'0.1',NULL),(6637,497,585,NULL,NULL),(6638,497,586,NULL,NULL),(6639,497,587,'15.9',NULL),(6640,497,588,NULL,NULL),(6641,497,589,'0.228',NULL),(6642,497,590,NULL,NULL),(6643,497,591,NULL,NULL),(6644,497,592,NULL,NULL),(6645,498,62,NULL,NULL),(6646,498,63,NULL,NULL),(6647,498,64,NULL,NULL),(6648,498,65,'1.000',1),(6649,498,66,'6',NULL),(6650,498,67,'阴性',NULL),(6651,498,68,'50',1),(6652,498,69,'阴性',NULL),(6653,498,70,'阴性',NULL),(6654,498,71,'正常',NULL),(6655,498,72,'阴性',NULL),(6656,498,73,'1.98',NULL),(6657,498,74,'0.66',NULL),(6658,498,75,NULL,NULL),(6659,498,76,NULL,NULL),(6660,498,77,NULL,NULL),(6661,498,78,'0.00',NULL),(6662,498,79,'阴性',NULL),(6663,498,80,'0.00',NULL),(6664,498,81,'0.00',NULL),(6665,498,82,'0',NULL),(6666,498,83,'阴性',NULL),(6667,499,84,'棕',NULL),(6668,499,85,'软',NULL),(6669,499,86,'阴性',NULL),(6670,499,87,'阴性',NULL),(6671,499,88,'阴性',NULL),(6672,499,89,'阴性',NULL),(6673,499,90,NULL,NULL),(6674,499,91,NULL,NULL),(6675,499,92,NULL,NULL),(6676,499,93,NULL,NULL),(6677,500,354,NULL,NULL),(6678,500,355,NULL,NULL),(6679,500,356,'10.3',NULL),(6680,500,357,'107',NULL),(6681,500,358,'15.7',NULL),(6682,500,359,'0.94',NULL),(6683,500,360,'80',NULL),(6684,500,361,NULL,NULL),(6685,500,368,NULL,NULL),(6686,500,370,NULL,NULL),(6687,500,372,NULL,NULL),(6688,500,374,NULL,NULL),(6689,501,128,'38.7',NULL),(6690,501,129,'31',NULL),(6691,501,131,'42.6',NULL),(6692,501,132,'63.9',NULL),(6693,501,134,'66.8',NULL),(6694,501,136,'41.3',NULL),(6695,501,137,'25.5',NULL),(6696,501,142,'13.8',NULL),(6697,501,144,'2.0',NULL),(6698,501,145,NULL,NULL),(6699,501,147,'4.1',NULL),(6700,501,152,'46.3',NULL),(6701,501,153,NULL,NULL),(6702,501,649,'80.6',NULL),(6703,501,652,'5.5',NULL),(6704,501,653,'467.8',1),(6705,501,656,'1.9',1),(6706,501,658,'6.27',1),(6707,501,660,'1.33',NULL),(6708,501,662,'4.4',1),(6709,501,664,'1.59',NULL),(6710,501,666,'1.29',1),(6711,501,667,NULL,NULL),(6712,501,670,'135.6',NULL),(6713,501,672,NULL,NULL),(6714,501,673,'151.2',NULL),(6715,501,677,'143.1',NULL),(6716,501,679,'4.03',NULL),(6717,501,681,'108.3',NULL),(6718,501,683,'1.2',NULL),(6719,501,684,'0.89',NULL),(6720,501,686,'25.5',NULL),(6721,501,688,'2.54',NULL),(6722,501,691,NULL,NULL),(6723,501,692,NULL,NULL),(6724,501,693,NULL,NULL),(6725,501,694,'9.7',NULL),(6726,501,696,NULL,NULL),(6727,501,698,NULL,NULL),(6728,501,699,NULL,NULL),(6729,501,700,NULL,NULL),(6730,501,701,NULL,NULL),(6731,501,702,'13',NULL),(6732,501,703,'27.4',NULL),(6733,501,704,NULL,NULL),(6734,501,705,NULL,NULL),(6735,501,706,NULL,NULL),(6736,501,707,NULL,NULL),(6737,501,708,NULL,NULL),(6738,501,709,NULL,NULL),(6739,501,710,NULL,NULL),(6740,501,712,NULL,NULL),(6741,501,714,'0.92',1),(6742,501,715,'0.24',NULL),(6743,501,717,NULL,NULL),(6744,501,718,NULL,NULL),(6745,501,720,NULL,NULL),(6746,501,721,NULL,NULL),(6747,501,722,NULL,NULL),(6748,501,723,NULL,NULL),(6749,501,725,'11.9',NULL),(6750,501,726,NULL,NULL),(6751,501,728,NULL,NULL),(6752,501,729,NULL,NULL),(6753,501,730,NULL,NULL),(6754,501,731,NULL,NULL),(6755,501,732,NULL,NULL),(6756,501,734,NULL,NULL),(6757,502,320,'1.16',NULL),(6758,502,322,'7.27',NULL),(6759,502,324,'5.62',NULL),(6760,502,326,'10.16',NULL),(6761,502,328,'2.2',NULL),(6762,502,330,NULL,NULL),(6763,502,332,'0.4',NULL),(6764,502,334,NULL,NULL),(6765,502,337,NULL,NULL),(6766,502,348,NULL,NULL),(6767,502,349,NULL,NULL),(6768,502,350,NULL,NULL),(6769,503,306,NULL,NULL),(6770,503,308,NULL,NULL),(6771,503,310,NULL,NULL),(6772,503,312,NULL,NULL),(6773,503,314,NULL,NULL),(6774,503,316,'2.4',NULL),(6775,503,317,NULL,NULL),(6776,503,318,NULL,NULL),(6777,503,606,NULL,NULL),(6778,504,417,'4.1',NULL),(6779,504,419,'2.35',NULL),(6780,504,422,NULL,NULL),(6781,504,433,NULL,NULL),(6782,504,435,NULL,NULL),(6783,504,436,NULL,NULL),(6784,504,437,NULL,NULL),(6785,504,439,NULL,NULL),(6786,504,443,NULL,NULL),(6787,504,445,'1.53',NULL),(6788,504,447,'0.41',NULL),(6789,504,450,NULL,NULL),(6790,504,454,NULL,NULL),(6791,504,456,NULL,NULL),(6792,504,457,NULL,NULL),(6793,504,460,NULL,NULL),(6794,504,462,NULL,NULL),(6795,504,465,NULL,NULL),(6796,504,467,NULL,NULL),(6797,504,469,NULL,NULL),(6798,504,473,NULL,NULL),(6799,504,475,NULL,NULL),(6800,504,477,NULL,NULL),(6801,504,479,NULL,NULL),(6802,504,481,NULL,NULL),(6803,504,484,NULL,NULL),(6804,504,486,NULL,NULL),(6805,505,438,NULL,NULL),(6806,505,440,NULL,NULL),(6807,505,441,'155',NULL),(6808,505,442,'20',NULL),(6809,505,444,'210',NULL),(6810,505,446,'1000',NULL),(6811,505,448,'75.5',NULL),(6812,505,449,NULL,NULL),(6813,505,451,'741',NULL),(6814,505,452,'455',NULL),(6815,505,453,'110',NULL),(6816,505,455,'17.2',NULL),(6817,505,459,NULL,NULL),(6818,505,461,NULL,NULL),(6819,505,463,NULL,NULL),(6820,505,464,NULL,NULL),(6821,505,466,NULL,NULL),(6822,505,468,NULL,NULL),(6823,505,470,NULL,NULL),(6824,505,471,NULL,NULL),(6825,505,472,NULL,NULL),(6826,505,474,NULL,NULL),(6827,505,476,NULL,NULL),(6828,505,478,NULL,NULL),(6829,505,480,NULL,NULL),(6830,505,482,NULL,NULL),(6831,505,483,NULL,NULL),(6832,506,488,NULL,NULL),(6833,506,489,NULL,NULL),(6834,506,490,NULL,NULL),(6835,506,491,NULL,NULL),(6836,506,492,NULL,NULL),(6837,506,497,NULL,NULL),(6838,506,499,NULL,NULL),(6839,506,503,NULL,NULL),(6840,506,505,NULL,NULL),(6841,506,506,NULL,NULL),(6842,506,508,NULL,NULL),(6843,506,512,NULL,NULL),(6844,506,513,NULL,NULL),(6845,506,514,NULL,NULL),(6846,506,516,NULL,NULL),(6847,507,127,'4.42',NULL),(6848,507,130,'10.75',NULL),(6849,507,133,NULL,NULL),(6850,507,135,'10.06',NULL),(6851,507,139,'211.84',NULL),(6852,507,141,NULL,NULL),(6853,507,143,'7.65',NULL),(6854,507,146,'181.79',NULL),(6855,507,148,NULL,NULL),(6856,507,150,'6',NULL),(6857,507,151,NULL,NULL),(6858,507,154,NULL,NULL),(6859,507,156,NULL,NULL),(6860,507,159,NULL,NULL),(6861,507,161,NULL,NULL),(6862,507,163,NULL,NULL),(6863,507,165,NULL,NULL),(6864,507,167,NULL,NULL),(6865,507,169,NULL,NULL),(6866,507,171,NULL,NULL),(6867,507,174,NULL,NULL),(6868,507,176,NULL,NULL),(6869,508,531,'0.01',NULL),(6870,508,533,'140.61',1),(6871,508,534,'0.312',NULL),(6872,508,535,'0.4',1),(6873,508,536,'9.11',1),(6874,508,539,'0.03',NULL),(6875,508,542,'0.1',NULL),(6876,508,544,'0.03',NULL),(6877,508,547,NULL,NULL),(6878,508,549,NULL,NULL),(6879,508,552,NULL,NULL),(6880,509,515,'阴性',NULL),(6881,509,517,'阴性',NULL),(6882,509,518,'阴性',NULL),(6883,509,519,'阴性',NULL),(6884,509,520,'阴性',NULL),(6885,509,521,'阴性',NULL),(6886,509,522,'阴性',NULL),(6887,509,523,'阴性',NULL),(6888,509,524,'阴性',NULL),(6889,509,525,'阴性',NULL),(6890,509,526,'阴性',NULL),(6891,509,527,'阴性',NULL),(6892,509,528,'阴性',NULL),(6893,509,529,'阴性',NULL),(6894,509,530,'阴性',NULL),(6895,509,532,'阴性',NULL),(6896,509,537,'阴性',NULL),(6897,509,538,'阴性',NULL),(6898,509,540,'阴性',NULL),(6899,509,541,'阴性',NULL),(6900,509,543,'阴性',NULL),(6901,509,545,'阴性',NULL),(6902,509,546,'阴性',NULL),(6903,509,548,'阴性',NULL),(6904,509,550,'阴性',NULL),(6905,509,551,'阴性',NULL),(6906,510,47,'脂肪肝   肝左叶囊肿      甲状腺未见异常  双侧颈部动脉未见明显异常     双肾、膀胱、前列腺未见明显异常',1),(6907,511,103,'已更改，此条可删除',1),(6908,512,53,'胸部CT平扫未见明显异常   脂肪肝',1),(6909,513,110,'高脂血症   高尿酸血症   脂肪肝  肝囊肿  慢性咽炎  屈光不正  肥胖       建议：低脂、低嘌呤饮食，少食动物内脏等，多食新鲜蔬果，富含钾、钙及维生素的饮食，避免进食过热、过冷、辛辣、烟熏、盐渍等刺激性食物，避免进食海鲜、啤酒等富含嘌呤食物，避免受凉、感冒。少饮灌装饮料，多饮弱碱水。多晒太阳，严格戒烟戒酒，坚持有氧运动，如快步走、慢跑、游泳等，建议减轻体重的20%',1),(6910,514,4,'4.51',NULL),(6911,514,15,'142',NULL),(6912,514,17,'6.78',NULL),(6913,514,18,NULL,NULL),(6914,514,19,NULL,NULL),(6915,514,20,'194',NULL),(6916,514,21,'0.432',NULL),(6917,514,22,'95.8',NULL),(6918,514,23,'31.5',NULL),(6919,514,24,'329',NULL),(6920,514,25,'2.24',NULL),(6921,514,26,NULL,NULL),(6922,514,27,NULL,NULL),(6923,514,28,NULL,NULL),(6924,514,29,NULL,NULL),(6925,514,30,NULL,NULL),(6926,514,581,'12.2',NULL),(6927,514,582,NULL,NULL),(6928,514,583,'0.264',NULL),(6929,514,584,'0.035',NULL),(6930,514,585,'0.010',NULL),(6931,514,586,'0.069',NULL),(6932,514,587,'14.6',NULL),(6933,514,588,NULL,NULL),(6934,514,589,'0.23',NULL),(6935,514,590,'0.012',NULL),(6936,514,591,'0.074',NULL),(6937,514,592,'0.914',NULL),(6938,515,62,NULL,NULL),(6939,515,63,NULL,NULL),(6940,515,64,NULL,NULL),(6941,515,65,'1.016',NULL),(6942,515,66,'5.5',NULL),(6943,515,67,'阴性',NULL),(6944,515,68,'正常',NULL),(6945,515,69,'阴性',NULL),(6946,515,70,'阴性',NULL),(6947,515,71,'正常',NULL),(6948,515,72,'阴性',NULL),(6949,515,73,'0.00',NULL),(6950,515,74,'0.00',NULL),(6951,515,75,'0.00',NULL),(6952,515,76,'0.00',NULL),(6953,515,77,'阴性',NULL),(6954,515,78,'0.00',NULL),(6955,515,79,'阴性',NULL),(6956,515,80,'0',NULL),(6957,515,81,'0',NULL),(6958,515,82,'0',NULL),(6959,515,83,'阴性',NULL),(6960,516,84,'黄色',NULL),(6961,516,85,'软便',NULL),(6962,516,86,'阴性',NULL),(6963,516,87,'阴性',NULL),(6964,516,88,'阴性',NULL),(6965,516,89,'阴性',NULL),(6966,516,90,NULL,NULL),(6967,516,91,NULL,NULL),(6968,516,92,NULL,NULL),(6969,516,93,NULL,NULL),(6970,517,354,'2.34',NULL),(6971,517,355,'38.1',NULL),(6972,517,356,'16.6',NULL),(6973,517,357,'84',NULL),(6974,517,358,NULL,NULL),(6975,517,359,'1.12',NULL),(6976,517,360,NULL,NULL),(6977,517,361,NULL,NULL),(6978,517,368,NULL,NULL),(6979,517,370,NULL,NULL),(6980,517,372,NULL,NULL),(6981,517,374,NULL,NULL),(6982,518,320,NULL,NULL),(6983,518,322,'75.42',NULL),(6984,518,324,'5.06',NULL),(6985,518,326,'14.47',NULL),(6986,518,328,NULL,NULL),(6987,518,330,'67.63',NULL),(6988,518,332,'6.27',NULL),(6989,518,334,NULL,NULL),(6990,518,337,NULL,NULL),(6991,518,348,NULL,NULL),(6992,518,349,NULL,NULL),(6993,518,350,NULL,NULL),(6994,519,613,'17.31',1),(6995,519,614,'8.04',1),(6996,519,616,'4.84',1),(6997,519,617,'3.44',1),(6998,520,306,'2.97',NULL),(6999,520,308,'2.67',NULL),(7000,520,310,'13.05',NULL),(7001,520,312,'125.4',NULL),(7002,520,314,'1.77',NULL),(7003,520,316,'15.36',NULL),(7004,520,317,NULL,NULL),(7005,520,318,NULL,NULL),(7006,520,606,NULL,NULL),(7007,521,127,'5.11',NULL),(7008,521,130,'9.89',NULL),(7009,521,133,'2.20',NULL),(7010,521,135,NULL,NULL),(7011,521,139,NULL,NULL),(7012,521,141,NULL,NULL),(7013,521,143,'5.29',NULL),(7014,521,146,'30.57',NULL),(7015,521,148,'6.76',NULL),(7016,521,150,'5.5',NULL),(7017,521,151,'12.2',NULL),(7018,521,154,NULL,NULL),(7019,521,156,NULL,NULL),(7020,521,159,NULL,NULL),(7021,521,161,NULL,NULL),(7022,521,163,NULL,NULL),(7023,521,165,NULL,NULL),(7024,521,167,NULL,NULL),(7025,521,169,NULL,NULL),(7026,521,171,NULL,NULL),(7027,521,174,NULL,NULL),(7028,521,176,NULL,NULL),(7029,522,128,'44.6',1),(7030,522,129,'26.6',NULL),(7031,522,131,'39',NULL),(7032,522,132,'70',NULL),(7033,522,134,'62.5',NULL),(7034,522,136,'40.7',NULL),(7035,522,137,NULL,NULL),(7036,522,142,'16.8',NULL),(7037,522,144,'6.2',NULL),(7038,522,145,NULL,NULL),(7039,522,147,'0.8',NULL),(7040,522,152,'56',NULL),(7041,522,153,'26.7',NULL),(7042,522,649,NULL,NULL),(7043,522,652,NULL,NULL),(7044,522,653,NULL,NULL),(7045,522,656,'2.59',1),(7046,522,658,'0.93',1),(7047,522,660,'1.34',NULL),(7048,522,662,'1.017',NULL),(7049,522,664,'0.0509',1),(7050,522,666,'2.3',1),(7051,522,667,NULL,NULL),(7052,522,670,'100',NULL),(7053,522,672,'7.9',NULL),(7054,522,673,'137',NULL),(7055,522,677,'142',NULL),(7056,522,679,'4.39',NULL),(7057,522,681,'107.7',NULL),(7058,522,683,'1.02',NULL),(7059,522,684,'0.81',NULL),(7060,522,686,'24.7',NULL),(7061,522,688,'2.19',NULL),(7062,522,691,NULL,NULL),(7063,522,692,NULL,NULL),(7064,522,693,NULL,NULL),(7065,522,694,NULL,NULL),(7066,522,696,NULL,NULL),(7067,522,698,NULL,NULL),(7068,522,699,NULL,NULL),(7069,522,700,NULL,NULL),(7070,522,701,'4.1',NULL),(7071,522,702,'8.6',NULL),(7072,522,703,NULL,NULL),(7073,522,704,NULL,NULL),(7074,522,705,NULL,NULL),(7075,522,706,NULL,NULL),(7076,522,707,NULL,NULL),(7077,522,708,NULL,NULL),(7078,522,709,NULL,NULL),(7079,522,710,'2.78',NULL),(7080,522,712,'0.54',NULL),(7081,522,714,'0.02',NULL),(7082,522,715,NULL,NULL),(7083,522,717,NULL,NULL),(7084,522,718,'0.2',NULL),(7085,522,720,'43',NULL),(7086,522,721,'0.035',NULL),(7087,522,722,'0.008',NULL),(7088,522,723,NULL,NULL),(7089,522,725,'19.88',NULL),(7090,522,726,'6.87',NULL),(7091,522,728,'419.8',NULL),(7092,522,729,NULL,NULL),(7093,522,730,'25.48',NULL),(7094,522,731,NULL,NULL),(7095,522,732,'23.2',NULL),(7096,522,734,NULL,NULL),(7097,523,417,'6.37',NULL),(7098,523,419,'2.6',NULL),(7099,523,422,'0.709',NULL),(7100,523,433,'0.995',0),(7101,523,435,'5.96',NULL),(7102,523,436,'3.2',NULL),(7103,523,437,'1.57',NULL),(7104,523,439,'0.4',NULL),(7105,523,443,'9.64',NULL),(7106,523,445,NULL,NULL),(7107,523,447,NULL,NULL),(7108,523,450,NULL,NULL),(7109,523,454,'498.5',1),(7110,523,456,NULL,NULL),(7111,523,457,NULL,NULL),(7112,523,460,NULL,NULL),(7113,523,462,NULL,NULL),(7114,523,465,NULL,NULL),(7115,523,467,NULL,NULL),(7116,523,469,NULL,NULL),(7117,523,473,NULL,NULL),(7118,523,475,NULL,NULL),(7119,523,477,NULL,NULL),(7120,523,479,NULL,NULL),(7121,523,481,NULL,NULL),(7122,523,484,NULL,NULL),(7123,523,486,NULL,NULL),(7124,524,531,'阴性',NULL),(7125,524,533,'25.48',NULL),(7126,524,534,'阴性',NULL),(7127,524,535,'阴性',NULL),(7128,524,536,'阴性',NULL),(7129,524,539,'阴性',NULL),(7130,524,542,'阴性',NULL),(7131,524,544,'阴性',NULL),(7132,524,547,NULL,NULL),(7133,524,549,NULL,NULL),(7134,524,552,NULL,NULL),(7135,525,488,NULL,NULL),(7136,525,489,'15',NULL),(7137,525,490,NULL,NULL),(7138,525,491,NULL,NULL),(7139,525,492,NULL,NULL),(7140,525,497,NULL,NULL),(7141,525,499,NULL,NULL),(7142,525,503,NULL,NULL),(7143,525,505,'',NULL),(7144,525,506,'42',NULL),(7145,525,508,'20',NULL),(7146,525,512,NULL,NULL),(7147,525,513,NULL,NULL),(7148,525,514,NULL,NULL),(7149,525,516,'0.1',NULL),(7150,526,515,NULL,NULL),(7151,526,517,NULL,NULL),(7152,526,518,NULL,NULL),(7153,526,519,NULL,NULL),(7154,526,520,NULL,NULL),(7155,526,521,NULL,NULL),(7156,526,522,NULL,NULL),(7157,526,523,NULL,NULL),(7158,526,524,NULL,NULL),(7159,526,525,NULL,NULL),(7160,526,526,NULL,NULL),(7161,526,527,NULL,NULL),(7162,526,528,NULL,NULL),(7163,526,529,NULL,NULL),(7164,526,530,NULL,NULL),(7165,526,532,NULL,NULL),(7166,526,537,NULL,NULL),(7167,526,538,NULL,NULL),(7168,526,540,NULL,NULL),(7169,526,541,NULL,NULL),(7170,526,543,NULL,NULL),(7171,526,545,NULL,NULL),(7172,526,546,NULL,NULL),(7173,526,548,NULL,NULL),(7174,526,550,NULL,NULL),(7175,526,551,NULL,NULL),(7176,527,110,'鹰演   结论：胃食道返流综合症风险，建议避免辛辣、烫、刺激食物，定期检测  咽喉部慢性炎症风险，建议多饮水，清热利咽，进一步检查   颈椎病风险，颈关节活动性降低，颈肩综合症、肩周炎，建议增加颈椎活动，避免风寒，功能锻炼，局部X光检查，针灸、按摩治疗   前列腺炎症、肥大的倾向，建议适当运动，定期进行相关检查     睡眠质量下降，脑乏氧，神经系统兴奋性增加易多梦，建议放松心情，平衡饮食，避免思虑过度    近期疲劳感增强，氧化压力增加，建议放松身心，多做有氧运动   ',1),(7177,528,56,'窦性心率  心电图正常',NULL),(7178,529,107,'无糖尿病代谢异常，低糖尿病发病风险 动脉血管硬化在正常范围内    肺通气功能正常范围  脑协管功能大致正常  ',NULL),(7179,530,96,'颈椎骨质未见异常   腰椎轻度退行性变',1),(7180,531,53,'颅脑CT平扫未见重要异常     气管右后壁和右肺下叶外基底段支气管开口部结节，可能为痰块所致，建议复查或随访',1),(7181,532,53,NULL,NULL),(7182,533,47,'轻度脂肪肝    双侧颈动脉粥样硬化    双侧椎动脉超声未见明显异常   双侧颈部淋巴结未见明显异常声像 前列腺轻度增生  甲状腺右侧叶钙化灶     心脏超声二、三尖瓣轻度反流',1),(7183,534,84,'黄色',NULL),(7184,534,85,'软便',NULL),(7185,534,86,'阴性',NULL),(7186,534,87,'阴性',NULL),(7187,534,88,'阴性',NULL),(7188,534,89,'阴性',NULL),(7189,534,90,NULL,NULL),(7190,534,91,NULL,NULL),(7191,534,92,NULL,NULL),(7192,534,93,NULL,NULL),(7193,535,84,NULL,NULL),(7194,535,85,NULL,NULL),(7195,535,86,NULL,NULL),(7196,535,87,NULL,NULL),(7197,535,88,NULL,NULL),(7198,535,89,NULL,NULL),(7199,535,90,NULL,NULL),(7200,535,91,NULL,NULL),(7201,535,92,NULL,NULL),(7202,535,93,NULL,NULL),(7203,536,354,'3.32',NULL),(7204,536,355,'38.3',NULL),(7205,536,356,'16.7',NULL),(7206,536,357,'94',NULL),(7207,536,358,NULL,NULL),(7208,536,359,'1.04',NULL),(7209,536,360,NULL,NULL),(7210,536,361,NULL,NULL),(7211,536,368,NULL,NULL),(7212,536,370,NULL,NULL),(7213,536,372,NULL,NULL),(7214,536,374,NULL,NULL),(7215,537,62,NULL,NULL),(7216,537,63,NULL,NULL),(7217,537,64,NULL,NULL),(7218,537,65,'1.020',NULL),(7219,537,66,'6',NULL),(7220,537,67,NULL,NULL),(7221,537,68,'正常',NULL),(7222,537,69,'阴性',NULL),(7223,537,70,'阴性',NULL),(7224,537,71,'正常',NULL),(7225,537,72,'阴性',NULL),(7226,537,73,'10',NULL),(7227,537,74,'阴性',NULL),(7228,537,75,'0',NULL),(7229,537,76,'0',NULL),(7230,537,77,NULL,NULL),(7231,537,78,'0',NULL),(7232,537,79,NULL,NULL),(7233,537,80,NULL,NULL),(7234,537,81,'0',NULL),(7235,537,82,'0',NULL),(7236,537,83,NULL,NULL),(7237,538,531,'阴性',NULL),(7238,538,533,'47.6',NULL),(7239,538,534,'阴性',NULL),(7240,538,535,'阴性',NULL),(7241,538,536,'阴性',NULL),(7242,538,539,'阴性',NULL),(7243,538,542,'阴性',NULL),(7244,538,544,NULL,NULL),(7245,538,547,NULL,NULL),(7246,538,549,NULL,NULL),(7247,538,552,NULL,NULL),(7248,539,128,'33',NULL),(7249,539,129,'24',NULL),(7250,539,131,NULL,NULL),(7251,539,132,'67.7',NULL),(7252,539,134,'71.3',NULL),(7253,539,136,'43.4',NULL),(7254,539,137,NULL,NULL),(7255,539,142,'12.7',NULL),(7256,539,144,'5.1',NULL),(7257,539,145,NULL,NULL),(7258,539,147,'5.1',NULL),(7259,539,152,NULL,NULL),(7260,539,153,NULL,NULL),(7261,539,649,'71',NULL),(7262,539,652,'5',NULL),(7263,539,653,'376',NULL),(7264,539,656,'0.95',NULL),(7265,539,658,'2.80',NULL),(7266,539,660,'1.05',NULL),(7267,539,662,'1.09',NULL),(7268,539,664,'0.86',1),(7269,539,666,'0.47',1),(7270,539,667,NULL,NULL),(7271,539,670,'106.3',NULL),(7272,539,672,'11.7',NULL),(7273,539,673,NULL,NULL),(7274,539,677,'141.9',NULL),(7275,539,679,'4.29',NULL),(7276,539,681,'108.4',NULL),(7277,539,683,'1.05',NULL),(7278,539,684,NULL,NULL),(7279,539,686,'25.2',NULL),(7280,539,688,'2.33',NULL),(7281,539,691,'35.7',NULL),(7282,539,692,NULL,NULL),(7283,539,693,NULL,NULL),(7284,539,694,NULL,NULL),(7285,539,696,NULL,NULL),(7286,539,698,NULL,NULL),(7287,539,699,NULL,NULL),(7288,539,700,NULL,NULL),(7289,539,701,NULL,NULL),(7290,539,702,NULL,NULL),(7291,539,703,NULL,NULL),(7292,539,704,NULL,NULL),(7293,539,705,NULL,NULL),(7294,539,706,NULL,NULL),(7295,539,707,NULL,NULL),(7296,539,708,NULL,NULL),(7297,539,709,NULL,NULL),(7298,539,710,NULL,NULL),(7299,539,712,NULL,NULL),(7300,539,714,NULL,NULL),(7301,539,715,NULL,NULL),(7302,539,717,NULL,NULL),(7303,539,718,NULL,NULL),(7304,539,720,NULL,NULL),(7305,539,721,NULL,NULL),(7306,539,722,NULL,NULL),(7307,539,723,NULL,NULL),(7308,539,725,'14.3',NULL),(7309,539,726,NULL,NULL),(7310,539,728,NULL,NULL),(7311,539,729,NULL,NULL),(7312,539,730,'14',NULL),(7313,539,731,NULL,NULL),(7314,539,732,NULL,NULL),(7315,539,734,NULL,NULL),(7316,540,320,'1.58',NULL),(7317,540,322,'109.3',NULL),(7318,540,324,'5.4',NULL),(7319,540,326,'10.74',NULL),(7320,540,328,'0.94',NULL),(7321,540,330,'10.2',NULL),(7322,540,332,'0.9',NULL),(7323,540,334,NULL,NULL),(7324,540,337,NULL,NULL),(7325,540,348,NULL,NULL),(7326,540,349,NULL,NULL),(7327,540,350,NULL,NULL),(7328,541,4,'4.8',NULL),(7329,541,15,'155',NULL),(7330,541,17,'7.01',NULL),(7331,541,18,'65.5',NULL),(7332,541,19,'24.8',NULL),(7333,541,20,'205',NULL),(7334,541,21,'45.1',NULL),(7335,541,22,'94',NULL),(7336,541,23,'32.3',NULL),(7337,541,24,'344',NULL),(7338,541,25,NULL,NULL),(7339,541,26,NULL,NULL),(7340,541,27,'3',NULL),(7341,541,28,'1',NULL),(7342,541,29,'5.7',NULL),(7343,541,30,'12.2',NULL),(7344,541,581,'15.2',NULL),(7345,541,582,NULL,NULL),(7346,541,583,'1.74',NULL),(7347,541,584,'0.21',NULL),(7348,541,585,'0.07',NULL),(7349,541,586,'0.4',NULL),(7350,541,587,NULL,NULL),(7351,541,588,'42.4',NULL),(7352,541,589,NULL,NULL),(7353,541,590,NULL,NULL),(7354,541,591,NULL,NULL),(7355,541,592,NULL,NULL),(7356,542,320,'1.58',NULL),(7357,542,322,'109.3',NULL),(7358,542,324,'5.4',NULL),(7359,542,326,'10.74',NULL),(7360,542,328,'0.94',NULL),(7361,542,330,'10.2',NULL),(7362,542,332,'0.9',NULL),(7363,542,334,NULL,NULL),(7364,542,337,NULL,NULL),(7365,542,348,NULL,NULL),(7366,542,349,NULL,NULL),(7367,542,350,NULL,NULL),(7368,543,128,'33',NULL),(7369,543,129,'24',NULL),(7370,543,131,NULL,NULL),(7371,543,132,'67.7',NULL),(7372,543,134,'71.3',NULL),(7373,543,136,'43.4',NULL),(7374,543,137,NULL,NULL),(7375,543,142,'12.7',NULL),(7376,543,144,'5.1',NULL),(7377,543,145,NULL,NULL),(7378,543,147,'5.1',NULL),(7379,543,152,NULL,NULL),(7380,543,153,NULL,NULL),(7381,543,649,'71',NULL),(7382,543,652,'5',NULL),(7383,543,653,'376',NULL),(7384,543,656,'0.95',NULL),(7385,543,658,'2.8',NULL),(7386,543,660,'1.05',NULL),(7387,543,662,'1.09',NULL),(7388,543,664,'0.86',1),(7389,543,666,'0.47',1),(7390,543,667,NULL,NULL),(7391,543,670,'106.3',NULL),(7392,543,672,'11.7',NULL),(7393,543,673,NULL,NULL),(7394,543,677,'141.9',NULL),(7395,543,679,'4.29',NULL),(7396,543,681,'108.4',NULL),(7397,543,683,'1.05',NULL),(7398,543,684,NULL,NULL),(7399,543,686,'25.2',NULL),(7400,543,688,'2.33',NULL),(7401,543,691,'35.7',NULL),(7402,543,692,NULL,NULL),(7403,543,693,NULL,NULL),(7404,543,694,NULL,NULL),(7405,543,696,NULL,NULL),(7406,543,698,NULL,NULL),(7407,543,699,NULL,NULL),(7408,543,700,NULL,NULL),(7409,543,701,NULL,NULL),(7410,543,702,NULL,NULL),(7411,543,703,NULL,NULL),(7412,543,704,NULL,NULL),(7413,543,705,NULL,NULL),(7414,543,706,NULL,NULL),(7415,543,707,NULL,NULL),(7416,543,708,NULL,NULL),(7417,543,709,NULL,NULL),(7418,543,710,NULL,NULL),(7419,543,712,NULL,NULL),(7420,543,714,NULL,NULL),(7421,543,715,NULL,NULL),(7422,543,717,NULL,NULL),(7423,543,718,NULL,NULL),(7424,543,720,NULL,NULL),(7425,543,721,NULL,NULL),(7426,543,722,NULL,NULL),(7427,543,723,NULL,NULL),(7428,543,725,'14.3',NULL),(7429,543,726,NULL,NULL),(7430,543,728,NULL,NULL),(7431,543,729,NULL,NULL),(7432,543,730,NULL,NULL),(7433,543,731,NULL,NULL),(7434,543,732,NULL,NULL),(7435,543,734,NULL,NULL),(7436,544,101,NULL,NULL),(7437,545,53,'左肺尖小气肿',1),(7438,546,56,'窦性心率过缓 心里轴正常   异常心电图  ST-T改变',1),(7439,547,47,'右侧锁骨 下动脉内中膜增厚   右侧锁骨下动脉斑块    双侧下肢浅静脉通畅   静息状态下未见明显室壁运动异常   二 尖瓣返流（轻度）    双乳内动脉通畅     右侧股动脉内中膜增厚    双侧颈动脉多发斑块',1),(7440,548,53,'两肺心膈未见异常',NULL),(7441,549,128,'20',NULL),(7442,549,129,'19',NULL),(7443,549,131,'40',NULL),(7444,549,132,'125',NULL),(7445,549,134,'69.6',NULL),(7446,549,136,'41.9',NULL),(7447,549,137,NULL,NULL),(7448,549,142,'14.9',NULL),(7449,549,144,'1.85',NULL),(7450,549,145,NULL,NULL),(7451,549,147,'4.2',NULL),(7452,549,152,NULL,NULL),(7453,549,153,NULL,NULL),(7454,549,649,'72.6',NULL),(7455,549,652,'5.1',NULL),(7456,549,653,'451.2',1),(7457,549,656,'1.53',NULL),(7458,549,658,'4.93',NULL),(7459,549,660,'0.83',1),(7460,549,662,'3.37',NULL),(7461,549,664,NULL,NULL),(7462,549,666,NULL,NULL),(7463,549,667,NULL,NULL),(7464,549,670,'86',NULL),(7465,549,672,NULL,NULL),(7466,549,673,'153',NULL),(7467,549,677,'143.6',NULL),(7468,549,679,'3.8',NULL),(7469,549,681,'110',NULL),(7470,549,683,'1.21',NULL),(7471,549,684,'0.87',NULL),(7472,549,686,'24.6',NULL),(7473,549,688,'2.24',NULL),(7474,549,691,'0.27',NULL),(7475,549,692,'1.51',NULL),(7476,549,693,NULL,NULL),(7477,549,694,'7.6',NULL),(7478,549,696,NULL,NULL),(7479,549,698,NULL,NULL),(7480,549,699,NULL,NULL),(7481,549,700,NULL,NULL),(7482,549,701,NULL,NULL),(7483,549,702,'6.8',NULL),(7484,549,703,NULL,NULL),(7485,549,704,NULL,NULL),(7486,549,705,NULL,NULL),(7487,549,706,NULL,NULL),(7488,549,707,NULL,NULL),(7489,549,708,NULL,NULL),(7490,549,709,NULL,NULL),(7491,549,710,NULL,NULL),(7492,549,712,NULL,NULL),(7493,549,714,NULL,NULL),(7494,549,715,NULL,NULL),(7495,549,717,NULL,NULL),(7496,549,718,NULL,NULL),(7497,549,720,NULL,NULL),(7498,549,721,NULL,NULL),(7499,549,722,NULL,NULL),(7500,549,723,NULL,NULL),(7501,549,725,'25.9',NULL),(7502,549,726,NULL,NULL),(7503,549,728,NULL,NULL),(7504,549,729,NULL,NULL),(7505,549,730,NULL,NULL),(7506,549,731,NULL,NULL),(7507,549,732,NULL,NULL),(7508,549,734,NULL,NULL),(7509,550,531,'阴性',NULL),(7510,550,533,'阳性',NULL),(7511,550,534,'阴性',NULL),(7512,550,535,'阴性',NULL),(7513,550,536,'阴性',NULL),(7514,550,539,'阴性',NULL),(7515,550,542,'阴性',NULL),(7516,550,544,'阴性',NULL),(7517,550,547,NULL,NULL),(7518,550,549,NULL,NULL),(7519,550,552,NULL,NULL),(7520,551,4,'4.67',NULL),(7521,551,15,'158',NULL),(7522,551,17,'10.11',1),(7523,551,18,'66.9',NULL),(7524,551,19,'24.2',NULL),(7525,551,20,'239',NULL),(7526,551,21,'45.1',NULL),(7527,551,22,'96.6',NULL),(7528,551,23,'33.8',NULL),(7529,551,24,'350',NULL),(7530,551,25,NULL,NULL),(7531,551,26,NULL,NULL),(7532,551,27,'3.4',NULL),(7533,551,28,'0.6',NULL),(7534,551,29,'4.9',NULL),(7535,551,30,'11.7',NULL),(7536,551,581,'13',NULL),(7537,551,582,'6.76',1),(7538,551,583,'2.45',NULL),(7539,551,584,'0.34',NULL),(7540,551,585,'0.06',NULL),(7541,551,586,'0.5',NULL),(7542,551,587,'15.3',NULL),(7543,551,588,'38.2',NULL),(7544,551,589,'0.28',NULL),(7545,551,590,NULL,NULL),(7546,551,591,NULL,NULL),(7547,551,592,NULL,NULL),(7548,552,354,'2.86',NULL),(7549,552,355,'34',NULL),(7550,552,356,'10.7',NULL),(7551,552,357,'95',NULL),(7552,552,358,NULL,NULL),(7553,552,359,'0.93',NULL),(7554,552,360,'77',NULL),(7555,552,361,NULL,NULL),(7556,552,368,NULL,NULL),(7557,552,370,NULL,NULL),(7558,552,372,NULL,NULL),(7559,552,374,NULL,NULL),(7560,553,4,NULL,NULL),(7561,553,15,NULL,NULL),(7562,553,17,NULL,NULL),(7563,553,18,NULL,NULL),(7564,553,19,NULL,NULL),(7565,553,20,NULL,NULL),(7566,553,21,NULL,NULL),(7567,553,22,NULL,NULL),(7568,553,23,NULL,NULL),(7569,553,24,NULL,NULL),(7570,553,25,NULL,NULL),(7571,553,26,NULL,NULL),(7572,553,27,NULL,NULL),(7573,553,28,NULL,NULL),(7574,553,29,NULL,NULL),(7575,553,30,NULL,NULL),(7576,553,581,NULL,NULL),(7577,553,582,NULL,NULL),(7578,553,583,NULL,NULL),(7579,553,584,NULL,NULL),(7580,553,585,NULL,NULL),(7581,553,586,NULL,NULL),(7582,553,587,NULL,NULL),(7583,553,588,NULL,NULL),(7584,553,589,NULL,NULL),(7585,553,590,NULL,NULL),(7586,553,591,NULL,NULL),(7587,553,592,NULL,NULL),(7588,554,4,NULL,NULL),(7589,554,15,NULL,NULL),(7590,554,17,NULL,NULL),(7591,554,18,NULL,NULL),(7592,554,19,NULL,NULL),(7593,554,20,NULL,NULL),(7594,554,21,NULL,NULL),(7595,554,22,NULL,NULL),(7596,554,23,NULL,NULL),(7597,554,24,NULL,NULL),(7598,554,25,NULL,NULL),(7599,554,26,NULL,NULL),(7600,554,27,NULL,NULL),(7601,554,28,NULL,NULL),(7602,554,29,NULL,NULL),(7603,554,30,NULL,NULL),(7604,554,581,NULL,NULL),(7605,554,582,NULL,NULL),(7606,554,583,NULL,NULL),(7607,554,584,NULL,NULL),(7608,554,585,NULL,NULL),(7609,554,586,NULL,NULL),(7610,554,587,NULL,NULL),(7611,554,588,NULL,NULL),(7612,554,589,NULL,NULL),(7613,554,590,NULL,NULL),(7614,554,591,NULL,NULL),(7615,554,592,NULL,NULL),(7616,555,4,'4.49',NULL),(7617,555,15,'153',NULL),(7618,555,17,'11.5',1),(7619,555,18,'70.5',NULL),(7620,555,19,'20.7',NULL),(7621,555,20,NULL,NULL),(7622,555,21,'43.4',NULL),(7623,555,22,'96.7',NULL),(7624,555,23,'34.1',1),(7625,555,24,'353',NULL),(7626,555,25,NULL,NULL),(7627,555,26,NULL,NULL),(7628,555,27,NULL,NULL),(7629,555,28,NULL,NULL),(7630,555,29,'5.2',NULL),(7631,555,30,'11.8',NULL),(7632,555,581,'12.6',NULL),(7633,555,582,'7.79',1),(7634,555,583,'2.29',NULL),(7635,555,584,'0.33',NULL),(7636,555,585,'0.07',1),(7637,555,586,'0.57',NULL),(7638,555,587,'14.2',1),(7639,555,588,'39.4',NULL),(7640,555,589,'0.28',NULL),(7641,555,590,NULL,NULL),(7642,555,591,NULL,NULL),(7643,555,592,NULL,NULL),(7644,556,417,NULL,NULL),(7645,556,419,NULL,NULL),(7646,556,422,NULL,NULL),(7647,556,433,NULL,NULL),(7648,556,435,NULL,NULL),(7649,556,436,NULL,NULL),(7650,556,437,NULL,NULL),(7651,556,439,NULL,NULL),(7652,556,443,NULL,NULL),(7653,556,445,NULL,NULL),(7654,556,447,NULL,NULL),(7655,556,450,NULL,NULL),(7656,556,454,NULL,NULL),(7657,556,456,NULL,NULL),(7658,556,457,NULL,NULL),(7659,556,460,NULL,NULL),(7660,556,462,NULL,NULL),(7661,556,465,NULL,NULL),(7662,556,467,NULL,NULL),(7663,556,469,NULL,NULL),(7664,556,473,NULL,NULL),(7665,556,475,NULL,NULL),(7666,556,477,NULL,NULL),(7667,556,479,NULL,NULL),(7668,556,481,NULL,NULL),(7669,556,484,NULL,NULL),(7670,556,486,NULL,NULL),(7671,557,4,'5.4',NULL),(7672,557,15,'153',NULL),(7673,557,17,'5.16',NULL),(7674,557,18,'51.7',NULL),(7675,557,19,'38.4',NULL),(7676,557,20,'261',NULL),(7677,557,21,'45.3',NULL),(7678,557,22,'83.9',NULL),(7679,557,23,'28.3',NULL),(7680,557,24,'338',NULL),(7681,557,25,NULL,NULL),(7682,557,26,NULL,NULL),(7683,557,27,'2.5',NULL),(7684,557,28,'0.6',NULL),(7685,557,29,'6.8',NULL),(7686,557,30,'9.0',NULL),(7687,557,581,'12.5',NULL),(7688,557,582,'2.67',NULL),(7689,557,583,'1.98',NULL),(7690,557,584,'0.13',NULL),(7691,557,585,'0.03',NULL),(7692,557,586,'0.35',NULL),(7693,557,587,'9.9',NULL),(7694,557,588,'17.4',NULL),(7695,557,589,'0.23',NULL),(7696,557,590,NULL,NULL),(7697,557,591,NULL,NULL),(7698,557,592,NULL,NULL),(7699,558,515,'阴性',NULL),(7700,558,517,'阴性',NULL),(7701,558,518,NULL,NULL),(7702,558,519,NULL,NULL),(7703,558,520,NULL,NULL),(7704,558,521,NULL,NULL),(7705,558,522,NULL,NULL),(7706,558,523,NULL,NULL),(7707,558,524,NULL,NULL),(7708,558,525,NULL,NULL),(7709,558,526,NULL,NULL),(7710,558,527,NULL,NULL),(7711,558,528,NULL,NULL),(7712,558,529,NULL,NULL),(7713,558,530,NULL,NULL),(7714,558,532,NULL,NULL),(7715,558,537,NULL,NULL),(7716,558,538,NULL,NULL),(7717,558,540,NULL,NULL),(7718,558,541,NULL,NULL),(7719,558,543,NULL,NULL),(7720,558,545,NULL,NULL),(7721,558,546,NULL,NULL),(7722,558,548,NULL,NULL),(7723,558,550,'阴性',NULL),(7724,558,551,NULL,NULL),(7725,559,128,'21',NULL),(7726,559,129,'18',NULL),(7727,559,131,'54',NULL),(7728,559,132,'61',NULL),(7729,559,134,'72',NULL),(7730,559,136,'44',NULL),(7731,559,137,NULL,NULL),(7732,559,142,'11.3',NULL),(7733,559,144,'3.8',NULL),(7734,559,145,NULL,NULL),(7735,559,147,'2.2',NULL),(7736,559,152,NULL,NULL),(7737,559,153,NULL,NULL),(7738,559,649,'108',1),(7739,559,652,'6.17',NULL),(7740,559,653,'482',1),(7741,559,656,'2.22',1),(7742,559,658,'5.23',NULL),(7743,559,660,'1.22',NULL),(7744,559,662,'3.46',NULL),(7745,559,664,'1.3',NULL),(7746,559,666,'1.05',NULL),(7747,559,667,NULL,NULL),(7748,559,670,NULL,NULL),(7749,559,672,NULL,NULL),(7750,559,673,'143',NULL),(7751,559,677,'140',NULL),(7752,559,679,'4.4',NULL),(7753,559,681,'104',NULL),(7754,559,683,'0.86',NULL),(7755,559,684,NULL,NULL),(7756,559,686,'29.4',NULL),(7757,559,688,'2.35',NULL),(7758,559,691,'321',NULL),(7759,559,692,'1.6',NULL),(7760,559,693,NULL,NULL),(7761,559,694,'9.9',NULL),(7762,559,696,NULL,NULL),(7763,559,698,NULL,NULL),(7764,559,699,NULL,NULL),(7765,559,700,NULL,NULL),(7766,559,701,NULL,NULL),(7767,559,702,NULL,NULL),(7768,559,703,NULL,NULL),(7769,559,704,NULL,NULL),(7770,559,705,NULL,NULL),(7771,559,706,NULL,NULL),(7772,559,707,NULL,NULL),(7773,559,708,NULL,NULL),(7774,559,709,NULL,NULL),(7775,559,710,NULL,NULL),(7776,559,712,NULL,NULL),(7777,559,714,NULL,NULL),(7778,559,715,NULL,NULL),(7779,559,717,NULL,NULL),(7780,559,718,NULL,NULL),(7781,559,720,NULL,NULL),(7782,559,721,NULL,NULL),(7783,559,722,NULL,NULL),(7784,559,723,NULL,NULL),(7785,559,725,NULL,NULL),(7786,559,726,NULL,NULL),(7787,559,728,NULL,NULL),(7788,559,729,NULL,NULL),(7789,559,730,NULL,NULL),(7790,559,731,NULL,NULL),(7791,559,732,NULL,NULL),(7792,559,734,NULL,NULL),(7793,560,127,NULL,NULL),(7794,560,130,NULL,NULL),(7795,560,133,NULL,NULL),(7796,560,135,NULL,NULL),(7797,560,139,NULL,NULL),(7798,560,141,NULL,NULL),(7799,560,143,'6.4',NULL),(7800,560,146,NULL,NULL),(7801,560,148,NULL,NULL),(7802,560,150,'5.5',NULL),(7803,560,151,NULL,NULL),(7804,560,154,NULL,NULL),(7805,560,156,NULL,NULL),(7806,560,159,NULL,NULL),(7807,560,161,NULL,NULL),(7808,560,163,NULL,NULL),(7809,560,165,NULL,NULL),(7810,560,167,NULL,NULL),(7811,560,169,NULL,NULL),(7812,560,171,NULL,NULL),(7813,560,174,NULL,NULL),(7814,560,176,NULL,NULL),(7815,561,62,NULL,NULL),(7816,561,63,NULL,NULL),(7817,561,64,NULL,NULL),(7818,561,65,'1.025',NULL),(7819,561,66,'6.5',NULL),(7820,561,67,'阴性',NULL),(7821,561,68,NULL,NULL),(7822,561,69,NULL,NULL),(7823,561,70,'阴性',NULL),(7824,561,71,NULL,NULL),(7825,561,72,'阴性',NULL),(7826,561,73,'2.3',NULL),(7827,561,74,NULL,NULL),(7828,561,75,NULL,NULL),(7829,561,76,NULL,NULL),(7830,561,77,NULL,NULL),(7831,561,78,NULL,NULL),(7832,561,79,NULL,NULL),(7833,561,80,NULL,NULL),(7834,561,81,NULL,NULL),(7835,561,82,NULL,NULL),(7836,561,83,NULL,NULL),(7837,562,247,NULL,NULL),(7838,562,249,NULL,NULL),(7839,562,251,NULL,NULL),(7840,562,253,NULL,NULL),(7841,562,255,NULL,NULL),(7842,562,257,NULL,NULL),(7843,562,259,NULL,NULL),(7844,562,260,NULL,NULL),(7845,562,262,NULL,NULL),(7846,562,264,NULL,NULL),(7847,562,265,NULL,NULL),(7848,562,266,NULL,NULL),(7849,562,267,NULL,NULL),(7850,562,268,NULL,NULL),(7851,562,269,NULL,NULL),(7852,562,271,NULL,NULL),(7853,562,273,NULL,NULL),(7854,562,274,NULL,NULL),(7855,562,276,NULL,NULL),(7856,562,278,NULL,NULL),(7857,562,279,NULL,NULL),(7858,562,282,NULL,NULL),(7859,562,284,NULL,NULL),(7860,562,285,NULL,NULL),(7861,562,735,NULL,NULL),(7862,562,736,NULL,NULL),(7863,562,737,NULL,NULL),(7864,562,739,NULL,NULL),(7865,562,740,NULL,NULL),(7866,562,741,NULL,NULL),(7867,562,742,NULL,NULL),(7868,562,745,NULL,NULL),(7869,562,746,NULL,NULL),(7870,562,747,NULL,NULL),(7871,562,748,NULL,NULL),(7872,562,749,NULL,NULL),(7873,562,750,NULL,NULL),(7874,562,751,NULL,NULL),(7875,562,752,NULL,NULL),(7876,562,761,NULL,NULL),(7877,562,762,NULL,NULL),(7878,562,764,NULL,NULL),(7879,562,766,NULL,NULL),(7880,562,769,NULL,NULL),(7881,562,771,'3.4',NULL),(7882,562,773,'12',NULL),(7883,562,774,NULL,NULL),(7884,562,775,NULL,NULL),(7885,562,776,NULL,NULL),(7886,562,777,NULL,NULL),(7887,562,778,NULL,NULL),(7888,562,779,NULL,NULL),(7889,562,780,NULL,NULL),(7890,562,781,NULL,NULL),(7891,562,782,NULL,NULL),(7892,562,783,NULL,NULL),(7893,562,784,NULL,NULL),(7894,562,785,NULL,NULL),(7895,562,786,NULL,NULL),(7896,562,787,NULL,NULL),(7897,562,788,NULL,NULL),(7898,562,789,NULL,NULL),(7899,562,790,NULL,NULL),(7900,562,791,NULL,NULL),(7901,562,792,NULL,NULL),(7902,562,793,NULL,NULL),(7903,562,794,NULL,NULL),(7904,562,795,NULL,NULL),(7905,562,796,NULL,NULL),(7906,562,797,NULL,NULL),(7907,562,798,NULL,NULL),(7908,562,799,NULL,NULL),(7909,562,800,NULL,NULL),(7910,562,801,NULL,NULL),(7911,562,802,NULL,NULL),(7912,562,803,NULL,NULL),(7913,562,804,NULL,NULL),(7914,562,805,NULL,NULL),(7915,562,806,NULL,NULL),(7916,562,807,NULL,NULL),(7917,562,808,NULL,NULL),(7918,562,809,NULL,NULL),(7919,562,810,NULL,NULL),(7920,562,811,NULL,NULL),(7921,562,812,NULL,NULL),(7922,562,813,NULL,NULL),(7923,562,814,NULL,NULL),(7924,562,815,NULL,NULL),(7925,562,816,NULL,NULL),(7926,562,817,NULL,NULL),(7927,562,818,NULL,NULL),(7928,562,819,NULL,NULL),(7929,562,820,NULL,NULL),(7930,562,821,NULL,NULL),(7931,562,822,NULL,NULL),(7932,562,823,NULL,NULL),(7933,562,824,NULL,NULL),(7934,562,825,NULL,NULL),(7935,562,826,NULL,NULL),(7936,562,827,NULL,NULL),(7937,562,828,NULL,NULL),(7938,562,829,NULL,NULL),(7939,562,830,NULL,NULL),(7940,562,831,NULL,NULL),(7941,562,832,NULL,NULL),(7942,562,833,NULL,NULL),(7943,562,834,NULL,NULL),(7944,562,835,NULL,NULL),(7945,562,836,NULL,NULL),(7946,563,618,NULL,NULL),(7947,563,619,NULL,NULL),(7948,563,620,NULL,NULL),(7949,563,621,NULL,NULL),(7950,563,622,NULL,NULL),(7951,563,623,NULL,NULL),(7952,563,624,NULL,NULL),(7953,563,625,NULL,NULL),(7954,563,626,NULL,NULL),(7955,563,627,NULL,NULL),(7956,563,628,NULL,NULL),(7957,563,629,NULL,NULL),(7958,563,630,NULL,NULL),(7959,563,631,NULL,NULL),(7960,563,632,NULL,NULL),(7961,563,633,NULL,NULL),(7962,563,634,NULL,NULL),(7963,563,635,NULL,NULL),(7964,563,636,NULL,NULL),(7965,563,637,NULL,NULL),(7966,563,638,NULL,NULL),(7967,563,639,NULL,NULL),(7968,563,640,NULL,NULL),(7969,563,641,NULL,NULL),(7970,563,642,NULL,NULL),(7971,563,643,NULL,NULL),(7972,563,644,NULL,NULL),(7973,563,645,NULL,NULL),(7974,563,646,NULL,NULL),(7975,563,647,NULL,NULL),(7976,563,648,NULL,NULL),(7977,563,650,NULL,NULL),(7978,563,651,NULL,NULL),(7979,563,654,NULL,NULL),(7980,563,655,NULL,NULL),(7981,563,657,NULL,NULL),(7982,563,659,NULL,NULL),(7983,563,661,NULL,NULL),(7984,563,663,NULL,NULL),(7985,563,665,NULL,NULL),(7986,563,668,NULL,NULL),(7987,563,669,NULL,NULL),(7988,563,671,NULL,NULL),(7989,563,674,NULL,NULL),(7990,563,675,NULL,NULL),(7991,563,676,NULL,NULL),(7992,563,678,NULL,NULL),(7993,563,680,NULL,NULL),(7994,563,682,NULL,NULL),(7995,563,685,NULL,NULL),(7996,563,687,NULL,NULL),(7997,563,689,NULL,NULL),(7998,563,690,NULL,NULL),(7999,563,695,NULL,NULL),(8000,563,697,NULL,NULL),(8001,563,711,NULL,NULL),(8002,563,716,NULL,NULL),(8003,563,719,NULL,NULL),(8004,563,724,NULL,NULL),(8005,563,727,NULL,NULL),(8006,563,733,NULL,NULL),(8007,563,738,NULL,NULL),(8008,563,743,NULL,NULL),(8009,563,744,NULL,NULL),(8010,563,753,NULL,NULL),(8011,563,754,NULL,NULL),(8012,563,755,NULL,NULL),(8013,563,756,NULL,NULL),(8014,563,757,NULL,NULL),(8015,563,758,NULL,NULL),(8016,563,759,NULL,NULL),(8017,563,760,NULL,NULL),(8018,563,763,NULL,NULL),(8019,563,765,NULL,NULL),(8020,563,767,NULL,NULL),(8021,563,768,NULL,NULL),(8022,563,770,NULL,NULL),(8023,563,772,NULL,NULL),(8024,564,488,'1',1),(8025,564,489,NULL,NULL),(8026,564,490,NULL,NULL),(8027,564,491,NULL,NULL),(8028,564,492,NULL,NULL),(8029,564,497,NULL,NULL),(8030,564,499,NULL,NULL),(8031,564,503,NULL,NULL),(8032,564,505,NULL,NULL),(8033,564,506,NULL,NULL),(8034,564,508,NULL,NULL),(8035,564,512,NULL,NULL),(8036,564,513,NULL,NULL),(8037,564,514,NULL,NULL),(8038,564,516,NULL,NULL),(8039,565,417,NULL,NULL),(8040,565,419,NULL,NULL),(8041,565,422,NULL,NULL),(8042,565,433,NULL,NULL),(8043,565,435,NULL,NULL),(8044,565,436,NULL,NULL),(8045,565,437,NULL,NULL),(8046,565,439,NULL,NULL),(8047,565,443,NULL,NULL),(8048,565,445,'0.92',NULL),(8049,565,447,'0.41',NULL),(8050,565,450,'0.45',NULL),(8051,565,454,NULL,NULL),(8052,565,456,NULL,NULL),(8053,565,457,NULL,NULL),(8054,565,460,NULL,NULL),(8055,565,462,NULL,NULL),(8056,565,465,NULL,NULL),(8057,565,467,NULL,NULL),(8058,565,469,NULL,NULL),(8059,565,473,NULL,NULL),(8060,565,475,NULL,NULL),(8061,565,477,NULL,NULL),(8062,565,479,NULL,NULL),(8063,565,481,NULL,NULL),(8064,565,484,NULL,NULL),(8065,565,486,NULL,NULL),(8066,566,4,'5.56',NULL),(8067,566,15,'164',NULL),(8068,566,17,'5.53',NULL),(8069,566,18,NULL,NULL),(8070,566,19,NULL,NULL),(8071,566,20,'219*',NULL),(8072,566,21,'0.475',NULL),(8073,566,22,'85.4',NULL),(8074,566,23,'29.5',NULL),(8075,566,24,'345',NULL),(8076,566,25,NULL,NULL),(8077,566,26,NULL,NULL),(8078,566,27,NULL,NULL),(8079,566,28,NULL,NULL),(8080,566,29,NULL,NULL),(8081,566,30,'9.6',NULL),(8082,566,581,'12.9',NULL),(8083,566,582,'0.451',1),(8084,566,583,'0.495',1),(8085,566,584,'0.016',NULL),(8086,566,585,'0.005',NULL),(8087,566,586,'0.033',NULL),(8088,566,587,'10.9',NULL),(8089,566,588,NULL,NULL),(8090,566,589,'0.21',NULL),(8091,566,590,NULL,NULL),(8092,566,591,NULL,NULL),(8093,566,592,NULL,NULL),(8094,567,128,'16.4',NULL),(8095,567,129,'16.3',NULL),(8096,567,131,'44.9',NULL),(8097,567,132,'69.5',NULL),(8098,567,134,'73.5',NULL),(8099,567,136,NULL,NULL),(8100,567,137,NULL,NULL),(8101,567,142,'12.8',NULL),(8102,567,144,'4.2',NULL),(8103,567,145,NULL,NULL),(8104,567,147,'3',NULL),(8105,567,152,'53.1',NULL),(8106,567,153,NULL,NULL),(8107,567,649,'95.7',NULL),(8108,567,652,'6.53',NULL),(8109,567,653,'410.7',NULL),(8110,567,656,'2.27',1),(8111,567,658,'4.82',NULL),(8112,567,660,'1.78',1),(8113,567,662,'2.08',NULL),(8114,567,664,'1.4',NULL),(8115,567,666,'0.52',NULL),(8116,567,667,'3.64',NULL),(8117,567,670,'73.3',NULL),(8118,567,672,'12.9',NULL),(8119,567,673,'153.5',NULL),(8120,567,677,'143',NULL),(8121,567,679,'4.2',NULL),(8122,567,681,'107.7',NULL),(8123,567,683,'0.85',NULL),(8124,567,684,'0.86',NULL),(8125,567,686,'27.6',NULL),(8126,567,688,'2.39',NULL),(8127,567,691,NULL,NULL),(8128,567,692,NULL,NULL),(8129,567,693,NULL,NULL),(8130,567,694,NULL,NULL),(8131,567,696,NULL,NULL),(8132,567,698,NULL,NULL),(8133,567,699,NULL,NULL),(8134,567,700,NULL,NULL),(8135,567,701,'3.5',NULL),(8136,567,702,'9.2',NULL),(8137,567,703,NULL,NULL),(8138,567,704,NULL,NULL),(8139,567,705,NULL,NULL),(8140,567,706,NULL,NULL),(8141,567,707,NULL,NULL),(8142,567,708,NULL,NULL),(8143,567,709,NULL,NULL),(8144,567,710,NULL,NULL),(8145,567,712,NULL,NULL),(8146,567,714,NULL,NULL),(8147,567,715,'0.9',NULL),(8148,567,717,NULL,NULL),(8149,567,718,NULL,NULL),(8150,567,720,NULL,NULL),(8151,567,721,NULL,NULL),(8152,567,722,NULL,NULL),(8153,567,723,NULL,NULL),(8154,567,725,NULL,NULL),(8155,567,726,NULL,NULL),(8156,567,728,NULL,NULL),(8157,567,729,'1.09',NULL),(8158,567,730,'25.3',NULL),(8159,567,731,NULL,NULL),(8160,567,732,NULL,NULL),(8161,567,734,NULL,NULL),(8162,568,417,'3.58',NULL),(8163,568,419,'0.844',NULL),(8164,568,422,'4.79',NULL),(8165,568,433,'1.47',NULL),(8166,568,435,'6.68',NULL),(8167,568,436,'8.47',NULL),(8168,568,437,'1.52',NULL),(8169,568,439,'1.2',NULL),(8170,568,443,'8.82',NULL),(8171,568,445,NULL,NULL),(8172,568,447,NULL,NULL),(8173,568,450,NULL,NULL),(8174,568,454,NULL,NULL),(8175,568,456,NULL,NULL),(8176,568,457,'0.1',NULL),(8177,568,460,NULL,NULL),(8178,568,462,NULL,NULL),(8179,568,465,NULL,NULL),(8180,568,467,NULL,NULL),(8181,568,469,NULL,NULL),(8182,568,473,NULL,NULL),(8183,568,475,NULL,NULL),(8184,568,477,NULL,NULL),(8185,568,479,NULL,NULL),(8186,568,481,NULL,NULL),(8187,568,484,NULL,NULL),(8188,568,486,NULL,NULL),(8189,569,531,'0.4',NULL),(8190,569,533,'0.43',NULL),(8191,569,534,'0.605',NULL),(8192,569,535,'1.82',NULL),(8193,569,536,'3.27',NULL),(8194,569,539,'0.12',NULL),(8195,569,542,'阴性',NULL),(8196,569,544,'阴性',NULL),(8197,569,547,'阴性',NULL),(8198,569,549,NULL,NULL),(8199,569,552,NULL,NULL),(8200,570,62,'淡黄色',NULL),(8201,570,63,'清亮',NULL),(8202,570,64,NULL,NULL),(8203,570,65,'1.020',NULL),(8204,570,66,'5',NULL),(8205,570,67,'25',1),(8206,570,68,'正常',NULL),(8207,570,69,'阴性',NULL),(8208,570,70,'阴性',NULL),(8209,570,71,'正常',NULL),(8210,570,72,'阴性',NULL),(8211,570,73,'1.1',NULL),(8212,570,74,'5.4',NULL),(8213,570,75,NULL,NULL),(8214,570,76,NULL,NULL),(8215,570,77,'1.9',NULL),(8216,570,78,'0.27',1),(8217,570,79,NULL,NULL),(8218,570,80,NULL,NULL),(8219,570,81,NULL,NULL),(8220,570,82,'0.2',NULL),(8221,570,83,'阴性',NULL),(8222,571,320,'1.75',NULL),(8223,571,322,'92.95',NULL),(8224,571,324,'5.54',NULL),(8225,571,326,'15.68',NULL),(8226,571,328,'1.57',NULL),(8227,571,330,NULL,NULL),(8228,571,332,NULL,NULL),(8229,571,334,NULL,NULL),(8230,571,337,NULL,NULL),(8231,571,348,NULL,NULL),(8232,571,349,NULL,NULL),(8233,571,350,NULL,NULL),(8234,572,127,NULL,NULL),(8235,572,130,NULL,NULL),(8236,572,133,NULL,NULL),(8237,572,135,NULL,NULL),(8238,572,139,NULL,NULL),(8239,572,141,NULL,NULL),(8240,572,143,NULL,NULL),(8241,572,146,NULL,NULL),(8242,572,148,NULL,NULL),(8243,572,150,'5.4',NULL),(8244,572,151,NULL,NULL),(8245,572,154,NULL,NULL),(8246,572,156,NULL,NULL),(8247,572,159,NULL,NULL),(8248,572,161,NULL,NULL),(8249,572,163,NULL,NULL),(8250,572,165,NULL,NULL),(8251,572,167,NULL,NULL),(8252,572,169,NULL,NULL),(8253,572,171,NULL,NULL),(8254,572,174,NULL,NULL),(8255,572,176,NULL,NULL),(8256,573,613,'20.79',NULL),(8257,573,614,'9.31',NULL),(8258,573,616,'5.47',NULL),(8259,573,617,'4.61',NULL),(8260,574,84,'黄色',NULL),(8261,574,85,'软便',NULL),(8262,574,86,'阴性',NULL),(8263,574,87,'阴性',NULL),(8264,574,88,'阴性',NULL),(8265,574,89,'阴性',NULL),(8266,574,90,NULL,NULL),(8267,574,91,NULL,NULL),(8268,574,92,NULL,NULL),(8269,574,93,NULL,NULL),(8270,575,354,'3.36',NULL),(8271,575,355,'35.1',NULL),(8272,575,356,'16',NULL),(8273,575,357,'100',NULL),(8274,575,358,NULL,NULL),(8275,575,359,'1',NULL),(8276,575,360,NULL,NULL),(8277,575,361,NULL,NULL),(8278,575,368,NULL,NULL),(8279,575,370,NULL,NULL),(8280,575,372,NULL,NULL),(8281,575,374,NULL,NULL),(8282,576,62,NULL,NULL),(8283,576,63,NULL,NULL),(8284,576,64,NULL,NULL),(8285,576,65,'1.022',NULL),(8286,576,66,'5.5',NULL),(8287,576,67,'15',NULL),(8288,576,68,'正常',NULL),(8289,576,69,'阴性',NULL),(8290,576,70,'阴性',NULL),(8291,576,71,'正常',NULL),(8292,576,72,'阴性',NULL),(8293,576,73,'阴性',NULL),(8294,576,74,'阴性',NULL),(8295,576,75,'0',NULL),(8296,576,76,'0-3',NULL),(8297,576,77,NULL,NULL),(8298,576,78,'0',NULL),(8299,576,79,'0',NULL),(8300,576,80,'0.66',NULL),(8301,576,81,'0',NULL),(8302,576,82,'0',NULL),(8303,576,83,'阴性',NULL),(8304,577,4,'5.6',NULL),(8305,577,15,'163',NULL),(8306,577,17,'4.81',NULL),(8307,577,18,NULL,NULL),(8308,577,19,NULL,NULL),(8309,577,20,'246',NULL),(8310,577,21,'0.479',NULL),(8311,577,22,'85.5',NULL),(8312,577,23,'29.1',NULL),(8313,577,24,'340',1),(8314,577,25,NULL,NULL),(8315,577,26,NULL,NULL),(8316,577,27,NULL,NULL),(8317,577,28,NULL,NULL),(8318,577,29,NULL,NULL),(8319,577,30,'9.4',NULL),(8320,577,581,'12.3',NULL),(8321,577,582,'0.365',1),(8322,577,583,NULL,NULL),(8323,577,584,'0.031',NULL),(8324,577,585,'0.012',1),(8325,577,586,'0.133',1),(8326,577,587,'10.6',NULL),(8327,577,588,NULL,NULL),(8328,577,589,'0.21',NULL),(8329,577,590,'0.008',NULL),(8330,577,591,'0.045',NULL),(8331,577,592,'0.947',NULL),(8332,578,320,NULL,NULL),(8333,578,322,'84.55',NULL),(8334,578,324,'5.71',NULL),(8335,578,326,'19.47',NULL),(8336,578,328,'1.14',NULL),(8337,578,330,NULL,NULL),(8338,578,332,NULL,NULL),(8339,578,334,NULL,NULL),(8340,578,337,NULL,NULL),(8341,578,348,'1.85',NULL),(8342,578,349,NULL,NULL),(8343,578,350,NULL,NULL),(8344,579,613,'20.79',NULL),(8345,579,614,'9.31',NULL),(8346,579,616,'5.47',NULL),(8347,579,617,'4.61',NULL),(8348,580,613,NULL,NULL),(8349,580,614,NULL,NULL),(8350,580,616,NULL,NULL),(8351,580,617,NULL,NULL),(8352,581,128,'18.2',NULL),(8353,581,129,'16.8',NULL),(8354,581,131,'62',NULL),(8355,581,132,'65',NULL),(8356,581,134,'71.3',NULL),(8357,581,136,'44.2',NULL),(8358,581,137,NULL,NULL),(8359,581,142,'11.1',NULL),(8360,581,144,'3.7',NULL),(8361,581,145,NULL,NULL),(8362,581,147,'7',NULL),(8363,581,152,'51',NULL),(8364,581,153,'38.9',NULL),(8365,581,649,'102',NULL),(8366,581,652,'5.1',NULL),(8367,581,653,'469',1),(8368,581,656,NULL,NULL),(8369,581,658,NULL,NULL),(8370,581,660,NULL,NULL),(8371,581,662,NULL,NULL),(8372,581,664,NULL,NULL),(8373,581,666,NULL,NULL),(8374,581,667,NULL,NULL),(8375,581,670,'97',NULL),(8376,581,672,'10.3',NULL),(8377,581,673,'135',NULL),(8378,581,677,'143',NULL),(8379,581,679,'3.8',NULL),(8380,581,681,'105.3',NULL),(8381,581,683,'1.27',NULL),(8382,581,684,'0.87',NULL),(8383,581,686,'23.9',NULL),(8384,581,688,'2.25',NULL),(8385,581,691,NULL,NULL),(8386,581,692,NULL,NULL),(8387,581,693,NULL,NULL),(8388,581,694,NULL,NULL),(8389,581,696,NULL,NULL),(8390,581,698,NULL,NULL),(8391,581,699,NULL,NULL),(8392,581,700,NULL,NULL),(8393,581,701,'4.1',NULL),(8394,581,702,'11.7',NULL),(8395,581,703,NULL,NULL),(8396,581,704,NULL,NULL),(8397,581,705,NULL,NULL),(8398,581,706,NULL,NULL),(8399,581,707,NULL,NULL),(8400,581,708,NULL,NULL),(8401,581,709,NULL,NULL),(8402,581,710,NULL,NULL),(8403,581,712,NULL,NULL),(8404,581,714,NULL,NULL),(8405,581,715,NULL,NULL),(8406,581,717,NULL,NULL),(8407,581,718,'0.1',NULL),(8408,581,720,NULL,NULL),(8409,581,721,'0.003',NULL),(8410,581,722,'0',NULL),(8411,581,723,NULL,NULL),(8412,581,725,NULL,NULL),(8413,581,726,'7.55',NULL),(8414,581,728,NULL,NULL),(8415,581,729,NULL,NULL),(8416,581,730,'22.59',NULL),(8417,581,731,NULL,NULL),(8418,581,732,'35.5',NULL),(8419,581,734,NULL,NULL),(8420,582,531,'阴性',NULL),(8421,582,533,'<2',NULL),(8422,582,534,'阴性',NULL),(8423,582,535,'阴性',NULL),(8424,582,536,'阴性',NULL),(8425,582,539,NULL,NULL),(8426,582,542,NULL,NULL),(8427,582,544,NULL,NULL),(8428,582,547,NULL,NULL),(8429,582,549,NULL,NULL),(8430,582,552,NULL,NULL),(8431,583,531,NULL,NULL),(8432,583,533,NULL,NULL),(8433,583,534,NULL,NULL),(8434,583,535,NULL,NULL),(8435,583,536,NULL,NULL),(8436,583,539,NULL,NULL),(8437,583,542,NULL,NULL),(8438,583,544,NULL,NULL),(8439,583,547,NULL,NULL),(8440,583,549,NULL,NULL),(8441,583,552,NULL,NULL),(8442,584,417,'2.73',NULL),(8443,584,419,'0.837',NULL),(8444,584,422,'7.23',NULL),(8445,584,433,'15.49',NULL),(8446,584,435,'9.75',NULL),(8447,584,436,'6.53',NULL),(8448,584,437,'2.54',NULL),(8449,584,439,'1.7',NULL),(8450,584,443,'15.49',NULL),(8451,584,445,NULL,NULL),(8452,584,447,'0.358',NULL),(8453,584,450,NULL,NULL),(8454,584,454,'151.5',NULL),(8455,584,456,NULL,NULL),(8456,584,457,NULL,NULL),(8457,584,460,NULL,NULL),(8458,584,462,NULL,NULL),(8459,584,465,NULL,NULL),(8460,584,467,NULL,NULL),(8461,584,469,NULL,NULL),(8462,584,473,NULL,NULL),(8463,584,475,NULL,NULL),(8464,584,477,NULL,NULL),(8465,584,479,NULL,NULL),(8466,584,481,NULL,NULL),(8467,584,484,NULL,NULL),(8468,584,486,NULL,NULL),(8469,585,488,NULL,NULL),(8470,585,489,NULL,NULL),(8471,585,490,NULL,NULL),(8472,585,491,NULL,NULL),(8473,585,492,NULL,NULL),(8474,585,497,NULL,NULL),(8475,585,499,NULL,NULL),(8476,585,503,NULL,NULL),(8477,585,505,NULL,NULL),(8478,585,506,NULL,NULL),(8479,585,508,NULL,NULL),(8480,585,512,NULL,NULL),(8481,585,513,NULL,NULL),(8482,585,514,NULL,NULL),(8483,585,516,NULL,NULL),(8484,586,306,'3.39',NULL),(8485,586,308,'5.29',0),(8486,586,310,NULL,NULL),(8487,586,312,'55.84',NULL),(8488,586,314,'0.996',0),(8489,586,316,'7.67',1),(8490,586,317,NULL,NULL),(8491,586,318,NULL,NULL),(8492,586,606,NULL,NULL),(8493,587,127,NULL,NULL),(8494,587,130,NULL,NULL),(8495,587,133,NULL,NULL),(8496,587,135,NULL,NULL),(8497,587,139,NULL,NULL),(8498,587,141,NULL,NULL),(8499,587,143,NULL,NULL),(8500,587,146,'52.53',NULL),(8501,587,148,'8.94',NULL),(8502,587,150,NULL,NULL),(8503,587,151,NULL,NULL),(8504,587,154,NULL,NULL),(8505,587,156,NULL,NULL),(8506,587,159,NULL,NULL),(8507,587,161,NULL,NULL),(8508,587,163,NULL,NULL),(8509,587,165,NULL,NULL),(8510,587,167,NULL,NULL),(8511,587,169,NULL,NULL),(8512,587,171,NULL,NULL),(8513,587,174,NULL,NULL),(8514,587,176,NULL,NULL),(8516,589,56,'窦性心动过缓，偶发房性早搏',1),(8517,590,47,'前列腺增生',1),(8518,591,96,'腰椎移行椎体（腰椎胸化），腰5横突肥大与骶骨形成假关节。             腰椎退行性改变，不除外腰4-5椎间盘损伤性病变',1),(8519,592,838,'全大肠未见异常       反流性食管炎，LA-A         非萎缩性胃炎',1),(8520,593,47,'双下肢动脉未见明显异常       双肾皮质回声稍强，请结合肾功能    右肾囊肿    前列腺稍大      肝大 、脂肪肝     胆囊壁稍厚、毛糙      双侧颈动脉未见明显异常       甲状腺多发囊实性结节，建议定期复查         左房增大   轻度二尖瓣关闭不全    主动脉瓣轻度增厚    ',1),(8521,594,47,'双肾小结石      左肾皮质回声稍强    前列腺稍大     脂肪肝（轻度）     双肾动未见明显异常           甲状腺左叶囊实性结节，良性可能性大         双侧颈动脉未见明显异常    腹主动脉未见明显异常       个血管血流频谱未见明显异常       心脏结构及功能未见异常       窦性心率不齐   心电图正常',1),(8522,595,127,NULL,NULL),(8523,595,130,'20.41',NULL),(8524,595,133,NULL,NULL),(8525,595,135,'12.65',1),(8526,595,139,'138.15',1),(8527,595,141,NULL,NULL),(8528,595,143,'10.09',NULL),(8529,595,146,'113.45',1),(8530,595,148,NULL,NULL),(8531,595,150,'5.3',NULL),(8532,595,151,NULL,NULL),(8533,595,154,NULL,NULL),(8534,595,156,NULL,NULL),(8535,595,159,NULL,NULL),(8536,595,161,NULL,NULL),(8537,595,163,NULL,NULL),(8538,595,165,NULL,NULL),(8539,595,167,NULL,NULL),(8540,595,169,NULL,NULL),(8541,595,171,NULL,NULL),(8542,595,174,NULL,NULL),(8543,595,176,NULL,NULL),(8544,596,320,'1.44',NULL),(8545,596,322,'111.13',NULL),(8546,596,324,'5.29',NULL),(8547,596,326,'11.11',NULL),(8548,596,328,'0.49',NULL),(8549,596,330,NULL,NULL),(8550,596,332,'0.70',NULL),(8551,596,334,NULL,NULL),(8552,596,337,NULL,NULL),(8553,596,348,NULL,NULL),(8554,596,349,NULL,NULL),(8555,596,350,NULL,NULL),(8556,597,306,NULL,NULL),(8557,597,308,NULL,NULL),(8558,597,310,NULL,NULL),(8559,597,312,NULL,NULL),(8560,597,314,NULL,NULL),(8561,597,316,'10.96',NULL),(8562,597,317,NULL,NULL),(8563,597,318,NULL,NULL),(8564,597,606,NULL,NULL),(8565,598,354,'303',NULL),(8566,598,355,'30.5',NULL),(8567,598,356,'11.3',NULL),(8568,598,357,'103',NULL),(8569,598,358,'14.3',NULL),(8570,598,359,'0.98',NULL),(8571,598,360,'76',NULL),(8572,598,361,NULL,NULL),(8573,598,368,NULL,NULL),(8574,598,370,NULL,NULL),(8575,598,372,NULL,NULL),(8576,598,374,NULL,NULL),(8577,599,531,'0',NULL),(8578,599,533,'0.16',NULL),(8579,599,534,'0.251',NULL),(8580,599,535,'1.73',NULL),(8581,599,536,'0.08',NULL),(8582,599,539,'0.03',NULL),(8583,599,542,'0.06',NULL),(8584,599,544,'0.04',NULL),(8585,599,547,NULL,NULL),(8586,599,549,NULL,NULL),(8587,599,552,NULL,NULL),(8588,600,128,'18.4',NULL),(8589,600,129,'15.8',NULL),(8590,600,131,'62.9',1),(8591,600,132,'75',NULL),(8592,600,134,'75.5',NULL),(8593,600,136,'42.9',NULL),(8594,600,137,'32.6',NULL),(8595,600,142,'11.6',NULL),(8596,600,144,'1.9',NULL),(8597,600,145,NULL,NULL),(8598,600,147,NULL,NULL),(8599,600,152,'63.7',NULL),(8600,600,153,NULL,NULL),(8601,600,649,'92',NULL),(8602,600,652,'5.7',NULL),(8603,600,653,'501',1),(8604,600,656,'2.15',1),(8605,600,658,'5.63',NULL),(8606,600,660,'1.26',NULL),(8607,600,662,'3.74',1),(8608,600,664,NULL,NULL),(8609,600,666,NULL,NULL),(8610,600,667,NULL,NULL),(8611,600,670,'78',NULL),(8612,600,672,NULL,NULL),(8613,600,673,'150',NULL),(8614,600,677,'137.9',NULL),(8615,600,679,'4.02',NULL),(8616,600,681,'105.5',NULL),(8617,600,683,'1.07',NULL),(8618,600,684,'0.84',NULL),(8619,600,686,'26.6',NULL),(8620,600,688,'2.27',NULL),(8621,600,691,NULL,NULL),(8622,600,692,'1.32',NULL),(8623,600,693,NULL,NULL),(8624,600,694,'10.3',NULL),(8625,600,696,NULL,NULL),(8626,600,698,NULL,NULL),(8627,600,699,NULL,NULL),(8628,600,700,NULL,NULL),(8629,600,701,NULL,NULL),(8630,600,702,NULL,NULL),(8631,600,703,'24.1',NULL),(8632,600,704,NULL,NULL),(8633,600,705,NULL,NULL),(8634,600,706,NULL,NULL),(8635,600,707,NULL,NULL),(8636,600,708,NULL,NULL),(8637,600,709,NULL,NULL),(8638,600,710,NULL,NULL),(8639,600,712,NULL,NULL),(8640,600,714,'1.4',NULL),(8641,600,715,'0.02',NULL),(8642,600,717,NULL,NULL),(8643,600,718,NULL,NULL),(8644,600,720,NULL,NULL),(8645,600,721,NULL,NULL),(8646,600,722,NULL,NULL),(8647,600,723,NULL,NULL),(8648,600,725,'11.30',NULL),(8649,600,726,NULL,NULL),(8650,600,728,NULL,NULL),(8651,600,729,NULL,NULL),(8652,600,730,NULL,NULL),(8653,600,731,NULL,NULL),(8654,600,732,NULL,NULL),(8655,600,734,NULL,NULL),(8656,601,4,'5.39',NULL),(8657,601,15,'154',NULL),(8658,601,17,'5.8',NULL),(8659,601,18,'52.8',NULL),(8660,601,19,'36.7',NULL),(8661,601,20,'272',NULL),(8662,601,21,'0.466',NULL),(8663,601,22,'86.4',NULL),(8664,601,23,'28.7',NULL),(8665,601,24,'332',NULL),(8666,601,25,NULL,NULL),(8667,601,26,NULL,NULL),(8668,601,27,'2.1',NULL),(8669,601,28,'0.8',NULL),(8670,601,29,'7.6',NULL),(8671,601,30,'7',NULL),(8672,601,581,NULL,NULL),(8673,601,582,NULL,NULL),(8674,601,583,'2.1',NULL),(8675,601,584,'0.1',NULL),(8676,601,585,NULL,NULL),(8677,601,586,NULL,NULL),(8678,601,587,'16.6',NULL),(8679,601,588,NULL,NULL),(8680,601,589,'0.191',NULL),(8681,601,590,NULL,NULL),(8682,601,591,NULL,NULL),(8683,601,592,NULL,NULL),(8684,602,417,'3.96',NULL),(8685,602,419,'0.96',NULL),(8686,602,422,NULL,NULL),(8687,602,433,NULL,NULL),(8688,602,435,NULL,NULL),(8689,602,436,NULL,NULL),(8690,602,437,NULL,NULL),(8691,602,439,NULL,NULL),(8692,602,443,NULL,NULL),(8693,602,445,'0.8',NULL),(8694,602,447,'0.4',NULL),(8695,602,450,NULL,NULL),(8696,602,454,NULL,NULL),(8697,602,456,NULL,NULL),(8698,602,457,NULL,NULL),(8699,602,460,NULL,NULL),(8700,602,462,NULL,NULL),(8701,602,465,NULL,NULL),(8702,602,467,NULL,NULL),(8703,602,469,NULL,NULL),(8704,602,473,NULL,NULL),(8705,602,475,NULL,NULL),(8706,602,477,NULL,NULL),(8707,602,479,NULL,NULL),(8708,602,481,NULL,NULL),(8709,602,484,NULL,NULL),(8710,602,486,NULL,NULL),(8711,603,438,'0.295',NULL),(8712,603,440,NULL,NULL),(8713,603,441,'27.6',NULL),(8714,603,442,'<20',NULL),(8715,603,444,'212',NULL),(8716,603,446,'1420',NULL),(8717,603,448,'79.6',NULL),(8718,603,449,NULL,NULL),(8719,603,451,'1130',NULL),(8720,603,452,'586',NULL),(8721,603,453,'1.01',NULL),(8722,603,455,'10.4',1),(8723,603,459,NULL,NULL),(8724,603,461,NULL,NULL),(8725,603,463,NULL,NULL),(8726,603,464,NULL,NULL),(8727,603,466,NULL,NULL),(8728,603,468,NULL,NULL),(8729,603,470,NULL,NULL),(8730,603,471,NULL,NULL),(8731,603,472,NULL,NULL),(8732,603,474,NULL,NULL),(8733,603,476,NULL,NULL),(8734,603,478,NULL,NULL),(8735,603,480,NULL,NULL),(8736,603,482,NULL,NULL),(8737,603,483,NULL,NULL),(8738,604,515,'阴性',NULL),(8739,604,517,'阳性',1),(8740,604,518,'阴性',NULL),(8741,604,519,'阴性',NULL),(8742,604,520,'阴性',NULL),(8743,604,521,'阴性',NULL),(8744,604,522,'阴性',NULL),(8745,604,523,'阴性',NULL),(8746,604,524,'阴性',NULL),(8747,604,525,'阴性',NULL),(8748,604,526,'阴性',NULL),(8749,604,527,'阴性',NULL),(8750,604,528,'阴性',NULL),(8751,604,529,'阴性',NULL),(8752,604,530,'阴性',NULL),(8753,604,532,'阴性',NULL),(8754,604,537,'阴性',NULL),(8755,604,538,'阴性',NULL),(8756,604,540,NULL,NULL),(8757,604,541,NULL,NULL),(8758,604,543,NULL,NULL),(8759,604,545,NULL,NULL),(8760,604,546,NULL,NULL),(8761,604,548,NULL,NULL),(8762,604,550,NULL,NULL),(8763,604,551,NULL,NULL),(8764,605,607,'21.72',NULL),(8765,605,608,'22.64',1),(8766,605,609,'17.31',NULL),(8767,605,610,'0.420',NULL),(8768,605,611,NULL,NULL),(8769,605,612,'40.86',NULL),(8770,606,128,'1',NULL),(8771,606,129,NULL,NULL),(8772,606,131,NULL,NULL),(8773,606,132,NULL,NULL),(8774,606,134,NULL,0),(8775,606,136,NULL,NULL),(8776,606,137,NULL,NULL),(8777,606,142,NULL,NULL),(8778,606,144,NULL,NULL),(8779,606,145,NULL,NULL),(8780,606,147,NULL,NULL),(8781,606,152,NULL,NULL),(8782,606,153,NULL,NULL),(8783,606,649,NULL,NULL),(8784,606,652,NULL,NULL),(8785,606,653,NULL,NULL),(8786,606,656,NULL,NULL),(8787,606,658,NULL,NULL),(8788,606,660,NULL,NULL),(8789,606,662,NULL,NULL),(8790,606,664,NULL,NULL),(8791,606,666,NULL,NULL),(8792,606,667,NULL,NULL),(8793,606,670,NULL,NULL),(8794,606,672,NULL,NULL),(8795,606,673,NULL,NULL),(8796,606,677,NULL,NULL),(8797,606,679,NULL,NULL),(8798,606,681,NULL,NULL),(8799,606,683,NULL,NULL),(8800,606,684,NULL,NULL),(8801,606,686,NULL,NULL),(8802,606,688,NULL,NULL),(8803,606,691,NULL,NULL),(8804,606,692,NULL,NULL),(8805,606,693,NULL,NULL),(8806,606,694,NULL,NULL),(8807,606,696,NULL,NULL),(8808,606,698,NULL,NULL),(8809,606,699,NULL,NULL),(8810,606,700,NULL,NULL),(8811,606,701,NULL,NULL),(8812,606,702,NULL,NULL),(8813,606,703,NULL,NULL),(8814,606,704,NULL,NULL),(8815,606,705,NULL,NULL),(8816,606,706,NULL,NULL),(8817,606,707,NULL,NULL),(8818,606,708,NULL,NULL),(8819,606,709,NULL,NULL),(8820,606,710,NULL,NULL),(8821,606,712,NULL,NULL),(8822,606,714,NULL,NULL),(8823,606,715,NULL,NULL),(8824,606,717,NULL,NULL),(8825,606,718,NULL,NULL),(8826,606,720,NULL,NULL),(8827,606,721,NULL,NULL),(8828,606,722,NULL,NULL),(8829,606,723,NULL,NULL),(8830,606,725,NULL,NULL),(8831,606,726,NULL,NULL),(8832,606,728,NULL,NULL),(8833,606,729,NULL,NULL),(8834,606,730,NULL,NULL),(8835,606,731,NULL,NULL),(8836,606,732,NULL,NULL),(8837,606,734,NULL,NULL),(8838,607,103,NULL,NULL),(8839,608,438,NULL,NULL),(8840,608,440,NULL,NULL),(8841,608,441,NULL,NULL),(8842,608,442,NULL,NULL),(8843,608,444,NULL,NULL),(8844,608,446,NULL,NULL),(8845,608,448,NULL,NULL),(8846,608,449,NULL,NULL),(8847,608,451,NULL,NULL),(8848,608,452,NULL,NULL),(8849,608,453,NULL,NULL),(8850,608,455,NULL,NULL),(8851,608,459,NULL,NULL),(8852,608,461,NULL,NULL),(8853,608,463,NULL,NULL),(8854,608,464,NULL,NULL),(8855,608,466,NULL,NULL),(8856,608,468,NULL,NULL),(8857,608,470,NULL,NULL),(8858,608,471,NULL,NULL),(8859,608,472,NULL,NULL),(8860,608,474,NULL,NULL),(8861,608,476,NULL,NULL),(8862,608,478,NULL,NULL),(8863,608,480,NULL,NULL),(8864,608,482,NULL,NULL),(8865,608,483,NULL,NULL),(8866,609,438,NULL,NULL),(8867,609,440,NULL,NULL),(8868,609,441,NULL,NULL),(8869,609,442,NULL,NULL),(8870,609,444,NULL,NULL),(8871,609,446,NULL,NULL),(8872,609,448,NULL,NULL),(8873,609,449,NULL,NULL),(8874,609,451,NULL,NULL),(8875,609,452,NULL,NULL),(8876,609,453,NULL,NULL),(8877,609,455,NULL,NULL),(8878,609,459,NULL,NULL),(8879,609,461,NULL,NULL),(8880,609,463,NULL,NULL),(8881,609,464,NULL,NULL),(8882,609,466,NULL,NULL),(8883,609,468,NULL,NULL),(8884,609,470,NULL,NULL),(8885,609,471,NULL,NULL),(8886,609,472,NULL,NULL),(8887,609,474,NULL,NULL),(8888,609,476,NULL,NULL),(8889,609,478,NULL,NULL),(8890,609,480,NULL,NULL),(8891,609,482,NULL,NULL),(8892,609,483,NULL,NULL),(8893,610,438,NULL,NULL),(8894,610,440,NULL,NULL),(8895,610,441,NULL,NULL),(8896,610,442,NULL,NULL),(8897,610,444,NULL,NULL),(8898,610,446,NULL,NULL),(8899,610,448,NULL,NULL),(8900,610,449,NULL,NULL),(8901,610,451,NULL,NULL),(8902,610,452,NULL,NULL),(8903,610,453,NULL,NULL),(8904,610,455,NULL,NULL),(8905,610,459,NULL,NULL),(8906,610,461,NULL,NULL),(8907,610,463,NULL,NULL),(8908,610,464,NULL,NULL),(8909,610,466,NULL,NULL),(8910,610,468,NULL,NULL),(8911,610,470,NULL,NULL),(8912,610,471,NULL,NULL),(8913,610,472,NULL,NULL),(8914,610,474,NULL,NULL),(8915,610,476,NULL,NULL),(8916,610,478,NULL,NULL),(8917,610,480,NULL,NULL),(8918,610,482,NULL,NULL),(8919,610,483,NULL,NULL),(8920,611,101,'头颅MR、MRA平扫未见明显异常  ',NULL),(8921,612,47,'静息状态下心内结构及血流未见明显异常',NULL);
/*!40000 ALTER TABLE `result_input_detail` ENABLE KEYS */;
UNLOCK TABLES;

--
-- Table structure for table `result_origin`
--

DROP TABLE IF EXISTS `result_origin`;
/*!40101 SET @saved_cs_client     = @@character_set_client */;
/*!40101 SET character_set_client = utf8 */;
CREATE TABLE `result_origin` (
  `id` int(11) NOT NULL AUTO_INCREMENT,
  `user_id` int(11) DEFAULT NULL,
  `second_id` int(11) DEFAULT NULL,
  `hospital` varchar(255) DEFAULT NULL,
  `upload_time` date DEFAULT NULL,
  `time` date DEFAULT NULL,
  `uploader_id` int(11) DEFAULT NULL,
  `checker_id` int(11) DEFAULT NULL,
  `status` varchar(255) DEFAULT NULL,
  `note` varchar(255) DEFAULT NULL,
  `reason` varchar(255) DEFAULT NULL,
  `normal` varchar(32) DEFAULT NULL,
  PRIMARY KEY (`id`)
) ENGINE=InnoDB AUTO_INCREMENT=358 DEFAULT CHARSET=utf8;
/*!40101 SET character_set_client = @saved_cs_client */;

--
-- Dumping data for table `result_origin`
--

LOCK TABLES `result_origin` WRITE;
/*!40000 ALTER TABLE `result_origin` DISABLE KEYS */;
INSERT INTO `result_origin` VALUES (64,15,3,'同仁医院','2017-08-01','2017-08-31',1,1,'已通过','老照片',NULL,NULL),(65,15,7,'zxcv','2017-08-01','2017-08-24',1,NULL,'上传中','zxcv',NULL,NULL),(144,46,6,'301医院','2018-01-06','2018-01-06',66,NULL,'上传中','113',NULL,'正常'),(157,46,1,'301医院','2018-01-10','2016-10-11',55,3,'已通过','多学科会诊记录',NULL,'正常'),(158,46,1,'日本','2018-01-10','2016-10-17',55,3,'已通过','质子重离子会诊',NULL,'正常'),(162,63,3,'301医院','2018-01-11','2014-12-25',65,3,'已通过','体检报告',NULL,'正常'),(163,63,3,'内蒙医学院附属医院','2018-01-11','2005-10-15',65,3,'待审核','体检报告','医院名称错误','正常'),(164,63,3,'内蒙医学院附属医院','2018-01-11','2008-10-25',65,3,'已通过','体检报告',NULL,'正常'),(165,63,3,'内蒙医学院附属医院','2018-01-11','2010-09-26',65,3,'已通过','体检报告',NULL,'正常'),(166,63,3,'内蒙医学院附属医院','2018-01-11','2011-10-30',65,3,'已通过','体检报告',NULL,'正常'),(167,77,3,'309医院','2018-01-11','2015-09-10',66,3,'已通过','体检报告',NULL,'正常'),(168,63,3,'内蒙医学院附属医院','2018-01-11','2012-10-17',65,3,'已通过','体检报告',NULL,'正常'),(169,63,3,'乌兰察布市中心医院','2018-01-11','2015-10-20',65,3,'已通过','体检报告',NULL,'正常'),(170,60,3,'301医院','2018-01-11','2015-01-23',66,51,'已通过','体检报告',NULL,'正常'),(174,62,3,'301医院','2018-01-15','2014-09-28',66,3,'已通过','体检报告',NULL,'正常'),(175,75,3,'健康化验中心有限公司','2018-01-15','2014-10-23',66,3,'已通过','体检报告',NULL,'正常'),(176,78,3,'301医院','2018-01-17','2015-11-11',55,3,'已通过','体检报告',NULL,'正常'),(177,78,3,'安贞医院','2018-01-17','2012-10-23',55,3,'已通过','体检报告',NULL,'正常'),(178,78,3,'巴彦淖尔市健康体检中心','2018-01-17','2014-09-12',55,3,'已通过','体检报告',NULL,'正常'),(179,78,2,'前旗人民医院','2018-01-17','2013-07-26',55,3,'已通过','住院病历',NULL,'正常'),(182,81,3,'301医院','2018-01-17','2015-12-22',55,51,'已通过','体检资料',NULL,'正常'),(185,64,3,'海军总医院','2018-01-20','2012-02-06',55,3,'已通过','体检报告',NULL,'正常'),(186,61,3,'309医院','2018-01-20','2011-03-14',55,51,'已通过','体检报告',NULL,'正常'),(187,61,3,'309医院','2018-01-20','2014-08-14',55,51,'已通过','体检报告',NULL,'正常'),(188,61,3,'包头市第四医院','2018-01-20','2009-02-16',55,3,'已通过','体检报告',NULL,'正常'),(189,61,3,'协和医院','2018-01-20','2012-08-01',55,51,'已通过','体检报告',NULL,'正常'),(190,80,3,'301医院','2018-01-20','2015-07-11',55,51,'已通过','体检报告',NULL,'正常'),(193,86,3,'301医院','2018-01-25','2018-01-04',55,3,'已通过','体检报告',NULL,'正常'),(194,87,3,'301医院','2018-01-25','2018-01-04',55,51,'已通过','体检报告','客户姓名错误','正常'),(195,46,1,'301医院','2018-02-01','2016-11-22',65,3,'已通过','肿瘤内科',NULL,'正常'),(196,46,1,'301医院','2018-02-01','2016-11-29',65,3,'已通过','肿瘤内科',NULL,'正常'),(197,46,4,'包头市蒙医中医医院','2018-02-01','2014-06-18',65,3,'已通过','腹部超声',NULL,'正常'),(198,46,4,'包头市蒙医中医医院','2018-02-01','2014-06-18',65,3,'已通过','心脏超声',NULL,'正常'),(199,46,4,'包头市蒙医中医医院','2018-02-01','2016-03-09',65,3,'已通过','头颅颈椎CT',NULL,'正常'),(200,46,4,'包头市蒙医中医医院','2018-02-01','2016-03-09',65,3,'已通过','心脏超声',NULL,'正常'),(201,46,4,'包头市蒙医中医医院','2018-02-01','2016-03-11',65,3,'已通过','胸部腹部CT',NULL,'正常'),(203,46,4,'包头市蒙医中医医院','2018-02-01','2017-10-30',65,3,'已通过','腹部超声',NULL,'正常'),(204,46,7,'包头市蒙医中医医院','2018-02-01','2014-06-19',65,3,'已通过','门诊化验',NULL,'正常'),(205,46,7,'包头市蒙医中医医院','2018-02-01','2014-10-28',65,3,'已通过','门诊化验',NULL,'正常'),(206,46,7,'包头市蒙医中医医院','2018-02-01','2015-04-08',65,3,'已通过','门诊化验',NULL,'正常'),(207,46,7,'包头市蒙医中医医院','2018-02-01','2016-03-09',65,3,'已通过','门诊化验',NULL,'正常'),(208,46,4,'包头市中心医院','2018-02-01','2013-04-22',65,3,'已通过','双膝关节X线',NULL,'正常'),(210,46,4,'包头市中心医院','2018-02-01','2014-03-31',65,3,'已通过','胃镜报告',NULL,'正常'),(211,46,7,'包头市中心医院','2018-02-01','2014-07-23',65,3,'已通过','门诊化验',NULL,'正常'),(212,46,7,'包头市中心医院','2018-02-01','2014-09-11',65,3,'已通过','门诊化验',NULL,'正常'),(213,46,7,'包头市中心医院','2018-02-01','2014-12-16',65,3,'已通过','门诊化验',NULL,'正常'),(214,46,4,'包头市中心医院','2018-02-01','2015-05-01',65,3,'已通过','心脏超声',NULL,'正常'),(215,46,4,'包头市中心医院','2018-02-01','2016-03-10',65,3,'已通过','肌电图',NULL,'正常'),(216,46,4,'包头市中心医院','2018-02-01','2016-03-10',65,3,'已通过','颈动脉椎基底动脉超声',NULL,'正常'),(217,46,7,'包头市中心医院','2018-02-01','2016-05-06',65,3,'已通过','门诊化验',NULL,'正常'),(218,46,4,'包头市中心医院','2018-02-01','2016-09-14',65,3,'已通过','腹部超声',NULL,'正常'),(219,46,7,'包头市中心医院','2018-02-01','2016-09-14',65,3,'已通过','门诊化验',NULL,'正常'),(220,46,4,'包头市中心医院','2018-02-01','2016-09-15',65,3,'已通过','胸部上腹部CT',NULL,'正常'),(221,46,4,'包头市中心医院','2018-02-01','2016-09-16',65,3,'已通过','腹部增强CT',NULL,'正常'),(222,46,1,'北大肿瘤医院','2018-02-01','2016-09-29',65,3,'已通过','超声介入科',NULL,'正常'),(225,46,1,'北京协和医院','2018-02-01','2014-04-10',65,3,'已通过','基本外科',NULL,'正常'),(226,46,4,'北京协和医院','2018-02-01','2014-04-15',65,3,'已通过','肠镜及病理',NULL,'正常'),(227,46,7,'北京协和医院','2018-02-01','2016-09-18',65,3,'已通过','门诊化验',NULL,'正常'),(229,46,7,'北京协和医院','2018-02-01','2016-09-19',65,3,'已通过','门诊化验',NULL,'正常'),(232,46,4,'北京协和医院','2018-02-01','2016-11-19',65,3,'已通过','腹部CT',NULL,'正常'),(233,46,7,'北京协和医院','2018-02-01','2016-11-21',65,3,'已通过','门诊化验',NULL,'正常'),(234,46,1,'北京协和医院','2018-02-01','2016-11-30',65,3,'已通过','肿瘤内科',NULL,'正常'),(235,46,7,'北京协和医院','2018-02-01','2017-02-08',65,3,'已通过','门诊化验',NULL,'正常'),(236,46,7,'北京协和医院','2018-02-01','2017-11-24',65,3,'已通过','门诊化验',NULL,'正常'),(237,46,1,'北京协和医院','2018-02-01','2017-12-17',65,3,'已通过','中药处方',NULL,'正常'),(238,46,7,'航空总医院','2018-02-01','2016-10-02',65,3,'已通过','门诊化验',NULL,'正常'),(239,77,4,'中日友好医院','2018-02-01','2016-09-26',65,3,'已通过','乳腺超声',NULL,'正常'),(240,46,4,'包头市蒙医中医医院','2018-02-01','2017-08-15',3,3,'已通过','腹部超声',NULL,'正常'),(241,46,4,'北京协和医院','2018-02-01','2016-09-22',3,3,'已通过','尿FISH病理',NULL,'正常'),(242,46,4,'北京协和医院','2018-02-01','2016-09-19',3,3,'已通过','肝穿刺活检病理',NULL,'正常'),(243,46,4,'包头市中心医院','2018-02-01','2014-07-30',3,3,'已通过','PET-CT',NULL,'正常'),(244,46,4,'北京德尔康尼骨科医院','2018-02-01','2013-05-08',65,3,'已通过','腰椎膝关节X线',NULL,'正常'),(246,46,2,'北京协和医院','2018-02-01','2017-12-11',65,3,'已通过','住院病历',NULL,'正常'),(249,46,3,'309医院','2018-02-01','2015-09-10',3,3,'已通过','体检报告',NULL,'正常'),(250,46,2,'北京协和医院','2018-02-01','2014-04-17',3,3,'已通过','住院病历',NULL,'正常'),(251,46,2,'北京协和医院','2018-02-01','2016-10-14',3,3,'已通过','住院病历',NULL,'正常'),(252,46,2,'包头市中心医院','2018-02-01','2014-03-24',3,3,'已通过','住院病历',NULL,'正常'),(253,46,4,'海军总医院','2018-02-01','2016-09-30',3,3,'已通过','PET-CT',NULL,'正常'),(254,46,4,'301医院','2018-02-01','2016-10-11',3,3,'已通过','协和肝标本病理',NULL,'正常'),(255,46,4,'301医院','2018-02-01','2016-11-04',3,3,'已通过','协和肝标本病理',NULL,'正常'),(256,46,4,'301医院','2018-02-01','2016-11-07',3,3,'已通过','协和肝标本免疫组化',NULL,'正常'),(257,46,4,'湘雅医学检验所','2018-02-01','2016-11-14',3,3,'已通过','协和肝标本基因检测',NULL,'正常'),(258,46,4,'世和基因','2018-02-01','2016-11-16',3,3,'已通过','血样及肝标本基因检测',NULL,'正常'),(260,46,4,'301医院','2018-02-01','2017-04-26',3,3,'已通过','肝脏核磁',NULL,'正常'),(261,46,4,'世和基因','2018-02-01','2017-08-12',3,3,'已通过','血样基因检测',NULL,'正常'),(262,46,4,'海军总医院','2018-02-01','2017-09-21',3,3,'已通过','PET-CT',NULL,'正常'),(263,46,4,'北京协和医院','2018-02-01','2017-11-24',3,3,'已通过','腹部超声',NULL,'正常'),(264,46,4,'北京协和医院','2018-02-01','2017-02-08',3,3,'已通过','肝脏核磁',NULL,'正常'),(267,90,3,'武警总医院','2018-02-05','2016-09-23',3,3,'已通过','2016年度体检资料',NULL,'正常'),(269,93,3,'内蒙古妇幼保健院','2018-02-08','2015-06-19',55,51,'已通过','体检报告',NULL,'正常'),(270,93,3,'呼和浩特美年大健康','2018-02-08','2016-06-15',55,51,'已通过','体检报告',NULL,'正常'),(273,94,3,'武警总医院','2018-02-14','2016-09-23',3,3,'已通过','体检报告',NULL,'异常'),(278,95,3,'301医院','2018-02-28','2018-02-04',55,51,'已通过','体检报告',NULL,'正常'),(279,95,1,'上海五官科医院','2018-02-28','2017-05-03',55,51,'已通过','门诊病历',NULL,'正常'),(280,95,7,'同仁医院','2018-02-28','2016-02-15',55,51,'已通过','化验报告',NULL,'正常'),(281,64,2,'301医院国际医学部','2018-03-01','2012-02-16',55,51,'已通过','体检报告',NULL,'正常'),(282,64,2,'301医院','2018-03-01','2012-02-16',55,51,'已通过','住院病历',NULL,'正常'),(283,64,2,'305医院','2018-03-01','2017-11-13',55,51,'已通过','住院病历',NULL,'正常'),(284,64,7,'协和医院','2018-03-01','2017-11-17',55,51,'已通过','化验报告',NULL,'正常'),(285,64,4,'协和医院','2018-03-01','2017-11-17',55,51,'已通过','医技报告',NULL,'正常'),(286,64,2,'协和医院','2018-03-01','2009-01-06',55,51,'已通过','住院病历',NULL,'正常'),(296,95,7,'同仁医院','2018-03-01','2016-03-04',55,51,'已通过','化验报告',NULL,'正常'),(297,95,1,'同仁医院','2018-03-01','2014-01-23',55,51,'已通过','门诊病历',NULL,'正常'),(298,95,7,'北京益声眩晕耳鸣耳聋中心','2018-03-01','2016-03-03',55,51,'已通过','医技报告',NULL,'正常'),(299,95,1,'北京益声眩晕耳鸣耳聋中心','2018-03-01','2016-03-03',55,51,'已通过','门诊病历',NULL,'正常'),(301,95,7,'海军总医院','2018-03-01','2018-02-24',55,51,'已通过','化验报告',NULL,'正常'),(302,81,7,'海军总医院','2018-03-01','2016-08-26',55,51,'已通过','门诊化验',NULL,'正常'),(303,81,4,'海军总医院','2018-03-01','2016-08-26',55,51,'已通过','胸部CT',NULL,'正常'),(304,81,2,'安贞医院','2018-03-01','2014-07-14',55,51,'已通过','住院病历',NULL,'正常'),(305,81,8,'医海慈航','2018-03-01','2015-12-12',55,51,'已通过','体质辨识及健康问卷',NULL,'正常'),(306,79,3,'301医院','2018-03-01','2015-11-11',55,51,'已通过','体检报告',NULL,'正常'),(307,79,3,'巴彦淖尔市健康体检中心','2018-03-01','2013-10-18',55,51,'已通过','体检报告',NULL,'正常'),(308,79,3,'巴彦淖尔市健康体检中心','2018-03-01','2014-09-12',55,51,'已通过','体检报告',NULL,'正常'),(309,79,3,'平津医院','2018-03-01','2012-09-10',55,51,'已通过','体检报告',NULL,'正常'),(310,79,3,'临河人民医院','2018-03-01','2009-06-24',55,51,'已通过','体检报告',NULL,'正常'),(311,79,3,'巴彦淖尔盟二医院','2018-03-01','2004-04-02',55,51,'已通过','体检报告',NULL,'正常'),(312,79,7,'巴彦淖尔老干部保健所','2018-03-01','2010-06-18',55,51,'已通过','查体报告',NULL,'正常'),(313,79,8,'医海慈航','2018-03-01','2015-12-19',55,51,'已通过','体质调查健康问卷',NULL,'正常'),(314,61,8,'医海慈航','2018-03-01','2015-08-12',55,51,'待审核','医海慈航','人名对不上','正常'),(315,80,3,'301医院','2018-03-01','2015-07-11',55,51,'已通过','体检报告',NULL,'正常'),(316,80,3,'305医院','2018-03-01','2014-03-31',55,51,'已通过','查体报告',NULL,'正常'),(317,78,8,'医海慈航','2018-03-02','2015-12-19',55,51,'已通过','体质辨识及健康调查问卷',NULL,'正常'),(318,74,1,'北大医院','2018-03-02','2004-09-02',55,51,'已通过','门诊病历',NULL,'正常'),(322,74,1,'宣武医院','2018-03-02','2004-07-26',55,51,'已通过','门诊病历',NULL,'正常'),(323,74,4,'包医第三附属医院','2018-03-02','2004-07-10',55,51,'已通过','头颅磁共振平扫',NULL,'正常'),(324,74,3,'第二炮兵总医院','2018-03-02','2015-06-05',55,51,'已通过','体检报告',NULL,'正常'),(325,74,7,'北大医院','2018-03-02','2004-09-22',55,51,'已通过','血浆肉碱谱分析报告',NULL,'正常'),(326,74,2,'北大医院','2018-03-02','2004-07-12',55,51,'已通过','住院病历',NULL,'正常'),(327,74,7,'北大医院','2018-03-02','2004-09-01',55,51,'已通过','诱发电位及肌电图报告',NULL,'正常'),(328,74,7,'临河市人民医院','2018-03-02','2005-01-20',55,51,'已通过','门诊化验',NULL,'正常'),(329,74,7,'二炮总医院','2018-03-02','2015-06-15',55,51,'已通过','尿酸化验',NULL,'正常'),(330,74,7,'二炮总医院','2018-03-02','2015-06-27',55,51,'已通过','尿酸化验',NULL,'正常'),(331,74,7,'二炮总医院','2018-03-02','2015-07-19',55,51,'已通过','尿酸化验',NULL,'正常'),(332,62,8,'医海慈航','2018-03-02','2016-03-07',55,51,'已通过','生活方式与健康调查',NULL,'正常'),(333,77,3,'包头聚益康健康管理中心','2018-03-02','2013-11-06',55,51,'已通过','体检报告',NULL,'正常'),(334,84,3,'301医院','2018-03-02','2011-11-10',3,NULL,'上传中','体检报告',NULL,'正常'),(336,60,8,'医海慈航','2018-03-02','2015-07-18',3,88,'已通过','生活方式及体质评估',NULL,'正常'),(337,60,2,'海军总医院','2018-03-05','2018-02-23',55,51,'已通过','住院病历',NULL,'正常'),(338,96,2,'海军总医院','2018-03-05','2018-02-27',55,51,'已通过','住院病历',NULL,'正常'),(339,97,3,'慈铭体检','2018-03-05','2018-01-08',55,51,'已通过','体检报告',NULL,'正常'),(340,76,1,'306医院','2018-03-05','2015-03-02',3,NULL,'待审核','门诊病历',NULL,'正常'),(341,76,1,'306医院','2018-03-05','2015-03-13',3,NULL,'待审核','门诊病历',NULL,'正常'),(342,76,1,'306医院','2018-03-05','2015-03-27',3,NULL,'待审核','门诊病历',NULL,'正常'),(343,76,1,'306医院','2018-03-05','2015-04-03',3,NULL,'待审核','门诊病历',NULL,'正常'),(344,76,1,'306医院','2018-03-05','2015-04-30',3,NULL,'待审核','门诊病历',NULL,'正常'),(345,76,1,'306医院','2018-03-05','2015-08-12',3,NULL,'待审核','门诊病历',NULL,'正常'),(346,76,1,'306医院','2018-03-05','2015-08-24',3,NULL,'待审核','门诊病历',NULL,'正常'),(347,76,1,'306医院','2018-03-05','2015-09-07',3,NULL,'待审核','门诊病历',NULL,'正常'),(348,84,3,'301医院','2018-03-05','2011-11-10',55,51,'已通过','体检报告',NULL,'正常'),(349,84,7,'海军总医院','2018-03-05','2017-11-24',55,51,'已通过','脂肪肝化验报告',NULL,'正常'),(350,84,4,'海军总医院','2018-03-05','2017-11-24',55,51,'已通过','肝胆胰脾超声报告',NULL,'正常'),(351,63,3,'301医院','2018-03-12','2017-12-17',3,NULL,'上传中','体检报告',NULL,'正常'),(352,95,7,'同仁医院','2018-03-12','2014-01-23',3,NULL,'待审核','检查资料',NULL,'正常'),(353,95,7,'同仁医院','2018-03-12','2014-01-26',3,NULL,'待审核','影像学诊断报告书',NULL,'正常'),(354,95,7,'同仁医院','2018-03-12','2014-02-20',3,NULL,'待审核','化验报告',NULL,'正常'),(355,95,7,'北京首大耳鼻喉医学院','2018-03-12','2014-09-06',3,NULL,'待审核','化验报告',NULL,'正常'),(356,95,8,'301医院','2018-03-12','2016-04-01',3,NULL,'待审核','评估报告',NULL,'正常'),(357,95,7,'复旦大学附属眼耳鼻喉科医院','2018-03-12','2017-05-03',3,NULL,'待审核','化验资料',NULL,'正常');
/*!40000 ALTER TABLE `result_origin` ENABLE KEYS */;
UNLOCK TABLES;

--
-- Table structure for table `result_origin_file`
--

DROP TABLE IF EXISTS `result_origin_file`;
/*!40101 SET @saved_cs_client     = @@character_set_client */;
/*!40101 SET character_set_client = utf8 */;
CREATE TABLE `result_origin_file` (
  `id` int(11) NOT NULL AUTO_INCREMENT,
  `result_origin_id` int(11) DEFAULT NULL,
  `path` varchar(255) DEFAULT NULL,
  PRIMARY KEY (`id`)
) ENGINE=InnoDB AUTO_INCREMENT=293 DEFAULT CHARSET=utf8;
/*!40101 SET character_set_client = @saved_cs_client */;

--
-- Dumping data for table `result_origin_file`
--

LOCK TABLES `result_origin_file` WRITE;
/*!40000 ALTER TABLE `result_origin_file` DISABLE KEYS */;
INSERT INTO `result_origin_file` VALUES (3,64,'64_c93562_房源管理相关.xls'),(4,64,'64_59beed_ld.sql'),(64,157,'157_e0cbbd_多学科会诊记录.pdf'),(65,158,'158_36c4cd_日本-质子重离子.pdf'),(69,162,'162_b52305_2014.12-25徐志明301医院体检报告.pdf'),(71,164,'164_59af33_2008-10-25.pdf'),(72,165,'165_60819d_2010-09-26.pdf'),(73,166,'166_78f69e_2011-10-30.pdf'),(74,167,'167_c5cb01_20150910体检报告309医院.pdf'),(75,168,'168_5934f2_2012-10-17.pdf'),(76,169,'169_975c38_2015-10-20.pdf'),(78,170,'170_93fbd1_20141223体检报告301医院.pdf'),(81,174,'174_65ddc4_20140928.pdf'),(82,175,'175_622a9a_2014.10.23健康化验中心有限公司.pdf'),(83,176,'176_bad60d_301医院2015.11.11体检.pdf'),(84,177,'177_c9e863_安贞医院2012.10.23体检.pdf'),(85,178,'178_2abd29_巴彦淖尔健康体检中心2014.9.12体检.pdf'),(86,179,'179_2f4606_前旗人民医院2013.7.26住院病历.pdf'),(89,182,'182_6c9359_301医院2015.12.12体检.pdf'),(91,185,'185_dad348_海军总医院20120206体检.pdf'),(92,186,'186_82c821_309医院2011.3.14体检.pdf'),(93,187,'187_91b05a_309医院2014.8.14体检.pdf'),(94,188,'188_b1ab26_包头市第四医院2009.2.16.pdf'),(95,189,'189_89d39d_协和医院2012.8.1体检.pdf'),(96,190,'190_7522fd_301医院2014.7.11体检.pdf'),(98,193,'193_f2282e_2018-1-4 301医院体检报告.pdf'),(99,194,'194_cab621_2018-1-4 301医院体检报告.pdf'),(100,195,'195_1bc426_301医院20161122门诊病历.pdf'),(101,196,'196_074e9a_301医院20161129门诊病历.pdf'),(102,197,'197_051846_包头市蒙医中医20140618腹部超声.pdf'),(103,198,'198_b253bf_包头市蒙医中医20140618心脏超声.pdf'),(104,199,'199_a4ff94_包头市蒙医中医20160309头颅颈椎CT.pdf'),(105,200,'200_1501c9_包头市蒙医中医20160309心脏超声.pdf'),(106,201,'201_efd83a_包头市蒙医中医20160311胸部腹部CT.pdf'),(108,203,'203_cc972a_包头市蒙医中医20171030腹部超声.pdf'),(109,204,'204_46eebb_包头市蒙医中医医院20140619门诊化验.pdf'),(110,205,'205_9f3fc7_包头市蒙医中医医院20141028门诊化验.pdf'),(111,206,'206_3ecf21_包头市蒙医中医医院20150408门诊化验.pdf'),(112,207,'207_2c8b9a_包头市蒙医中医医院20160309门诊化验.pdf'),(113,208,'208_b1bf6f_包头市中心医院20130422双膝关节正侧位.pdf'),(115,210,'210_6f50c6_包头市中心医院20140331胃镜报告.pdf'),(116,211,'211_4663f2_包头市中心医院20140723门诊化验.pdf'),(117,212,'212_ba4b0f_包头市中心医院20140911门诊化验.pdf'),(118,213,'213_906c1a_包头市中心医院20141216门诊化验.pdf'),(119,214,'214_f77cb4_包头市中心医院20150501心脏超声.pdf'),(120,215,'215_cc5780_包头市中心医院20160310肌电图.pdf'),(121,216,'216_85420c_包头市中心医院20160310颈动脉椎基底动脉超声.pdf'),(122,217,'217_aeff42_包头市中心医院20160506门诊化验.pdf'),(123,218,'218_0ee915_包头市中心医院20160914腹部超声.pdf'),(124,219,'219_044e8f_包头市中心医院20160914门诊化验.pdf'),(125,220,'220_122fd6_包头市中心医院20160915胸部上腹部CT.pdf'),(126,221,'221_707862_包头市中心医院20160916腹部增强CT.pdf'),(127,222,'222_df26e7_北大肿瘤医院20160929门诊病历.pdf'),(130,225,'225_b8799e_北京协和医院20140410门诊病历.pdf'),(131,226,'226_e49cdf_北京协和医院20140415肠镜及病理.pdf'),(132,227,'227_6723ba_北京协和医院20160918门诊化验.pdf'),(134,229,'229_59d6e0_北京协和医院20160919门诊化验.pdf'),(137,232,'232_f75f62_北京协和医院20161119腹部CT.pdf'),(138,233,'233_04301b_北京协和医院20161121门诊化验.pdf'),(139,234,'234_076d3b_北京协和医院20161130门诊病历.pdf'),(140,235,'235_f36723_北京协和医院20170208门诊化验.pdf'),(141,236,'236_3ee145_北京协和医院20171124门诊化验.pdf'),(142,237,'237_157254_北京协和医院20171217中药处方.pdf'),(143,238,'238_56a56d_航空总医院20161002门诊化验.pdf'),(144,239,'239_a9aff4_中日友好医院20160926乳腺超声李雅萍.pdf'),(145,240,'240_a58f76_包头市蒙医中医20170815腹部超声.pdf'),(146,241,'241_66bf1c_北京协和医院20160922病理报告.pdf'),(147,242,'242_1e644a_北京协和医院20160919肝穿刺活检.pdf'),(148,242,'242_ccff79_北京协和医院20160920病理报告.pdf'),(149,243,'243_84ea56_PET-CT报告单.pdf'),(150,244,'244_c21afa_腰椎膝关节X线.pdf'),(155,246,'246_6f391c_住院病历.pdf'),(164,249,'249_75287a_体检医技.pdf'),(165,249,'249_76c30b_体检报告.pdf'),(166,250,'250_c53cb5_住院化验.pdf'),(167,250,'250_10cf2d_肝超声造影报告.pdf'),(168,250,'250_65ec05_超声心动图.pdf'),(169,250,'250_0f0ceb_结肠癌病理及免疫组化.pdf'),(170,250,'250_a42c99_心电图.pdf'),(171,250,'250_b52e41_住院病历.pdf'),(172,251,'251_a8c422_20161017超声心动图.pdf'),(173,251,'251_b23be6_20161024肝周积液超声.pdf'),(174,251,'251_f1ed20_20161019腹部超声.pdf'),(175,251,'251_e93472_20161025肝标本B-raf基因检测.pdf'),(176,251,'251_61f537_20161026病理报告.pdf'),(177,251,'251_3765de_20161017动态心电图.pdf'),(178,251,'251_1c6d9e_住院化验.pdf'),(179,251,'251_20656a_住院病历.pdf'),(180,252,'252_2360cb_胸部X片.pdf'),(181,252,'252_781f8a_腹部及心脏超声.pdf'),(182,252,'252_752858_胃镜及C13HP检测.pdf'),(183,252,'252_f932fc_住院化验.pdf'),(184,252,'252_3c8c88_包头市中心医院20140324-住院病历.pdf'),(185,253,'253_8fd310_PETCT报告单.pdf'),(186,254,'254_188f80_肝标本病理会诊.pdf'),(187,255,'255_ae7995_肝标本病理会诊.pdf'),(188,256,'256_aaafbe_肝标本免疫组化.pdf'),(189,257,'257_df7a68_肝标本基因检测报告.pdf'),(190,258,'258_220c66_基因检测报告.pdf'),(192,260,'260_18e45e_肝胆脾核磁报告单.pdf'),(193,261,'261_546794_血样基因检测.pdf'),(194,262,'262_66a7ea_PETCT报告单.pdf'),(195,263,'263_ee4651_腹部超声.pdf'),(196,264,'264_0ed10c_肝区核磁报告单.pdf'),(201,267,'267_698e1e_王正明2016武警总院体检.pdf'),(202,269,'269_07a48c_2015内蒙古妇幼保健院体检.pdf'),(203,270,'270_49972f_20160615呼和浩特美年体检报告.pdf'),(207,273,'273_b9b377_王怀英2016年9月武警总医院体检报告.pdf'),(213,278,'278_2a19eb_2018-2-4 301医院体检报告.pdf'),(214,279,'279_cbe00a_2017-5-3上海五官科医院门诊病历.pdf'),(215,280,'280_e53827_2016-2-15同仁医院耳鼻喉科临床检验报告单.pdf'),(218,281,'281_e80801_301医院化验报告2016-02-16.pdf'),(219,282,'282_b96437_301医院住院病历2012-02-16.pdf'),(220,283,'283_f4b54d_305医院住院病历2017-11-13.pdf'),(221,284,'284_e074fd_协和医院化验报告2017-11-17.pdf'),(222,285,'285_f30fa3_协和医院医技报告2017-11-13.pdf'),(223,286,'286_74131c_协和医院住院病历2009-01-06.pdf'),(232,296,'296_467582_2016-3-4同仁医院检验报告单.pdf'),(233,297,'297_163ae4_北京同仁医院门诊病历2014-01-23.pdf'),(234,298,'298_df3aac_北京益声眩晕耳鸣耳聋中心门诊报告单2016-03-03.pdf'),(235,299,'299_8e0189_北京益声眩晕耳鸣耳聋中心门诊病历2016-03-03.pdf'),(237,301,'301_6dee25_海军总医院报告单2018-02-24.pdf'),(238,302,'302_3e8520_海军总医院检验报告单2016-08-26.pdf'),(239,303,'303_8a9cb0_海军总医院CT报告单2016-08-26.pdf'),(240,304,'304_3863fa_王晓东住院病历安贞医院2014-07-14.pdf'),(241,305,'305_4c1ebf_医海慈航资料2015-12-12.pdf'),(242,306,'306_234a52_301医院体检报告2015-11-11.pdf'),(243,307,'307_e8a64d_巴彦淖尔健康体检中心2013-10-18.pdf'),(244,308,'308_bd18a1_巴彦淖尔健康体检中心2014-09-12.pdf'),(245,309,'309_95875c_平津医院体检报告2012-09-10.pdf'),(246,310,'310_8337e3_临河人民医院体检报告2009-06-24.pdf'),(247,311,'311_56d700_巴彦淖尔盟二医院体检报告2004-04-02.pdf'),(248,312,'312_15192d_巴彦淖尔市老干部保健所经颅多普勒检查报告2010-06-18.pdf'),(249,313,'313_124f93_医海慈航资料.pdf'),(251,315,'315_732991_301医院体检报告2015-07-11.pdf'),(252,316,'316_ca38c6_305医院查体报告2014-03-31.pdf'),(253,317,'317_cd0bbd_医海慈航2015-12-19.pdf'),(254,318,'318_682622_北大医院门诊病历2014-09-02.pdf'),(258,322,'322_762d3a_宣武医院门诊病历2004-07-26.pdf'),(259,323,'323_4a08cd_包医第三附属医院门诊医技2004-07-10.pdf'),(260,324,'324_93f2cb_二炮总医院体格检查表2015-06-05.pdf'),(261,325,'325_eeb28a_北大医院血浆肉碱谱分析报告2004-09-22.pdf'),(262,326,'326_d4882e_北大医院住院病历2014-07-12.pdf'),(263,327,'327_af6b2a_北大医院诱发电位报告2004-09-01.pdf'),(264,328,'328_bbb84c_临河市人民医院检验报告单2005-01-20.pdf'),(265,329,'329_e8cc30_二炮总医院尿素检查报告单2015-06-15.pdf'),(266,330,'330_39f97c_二炮总医院尿素检查报告单2015-06-27.pdf'),(267,331,'331_e799a4_二炮总医院尿素检查报告单2015-07-19.pdf'),(268,332,'332_ce5615_医海慈航2016-03-07.pdf'),(269,333,'333_196cbd_聚益康体检报告.pdf'),(270,336,'336_b3a038_医海慈航李大伟.pdf'),(271,337,'337_46b263_海军总医院住院病历2018-02-23.pdf'),(272,338,'338_0225d0_海军总医院住院病历2018-02-27.pdf'),(273,339,'339_78f03f_慈铭体检报告2018-01-08.pdf'),(274,347,'347_c1158d_306医院病历.pdf'),(275,346,'346_06e232_牙科病历.pdf'),(276,345,'345_f877a8_牙科病历.pdf'),(277,344,'344_0dbde8_牙科病历资料.pdf'),(278,343,'343_a3cdcc_牙科病历资料.pdf'),(279,342,'342_d36823_牙科病历资料.pdf'),(280,341,'341_29b0a7_牙科病历资料.pdf'),(281,340,'340_184953_牙科病历.pdf'),(282,348,'348_1b84b7_301医院体检报告2011-11-10.pdf'),(283,349,'349_3ee5fb_海军总医院门诊化验报告单2017-11-24.pdf'),(284,350,'350_d8a8cc_海军总医院门诊医技报告单2017-11-24.pdf'),(285,314,'314_caa1f2_医海慈航资料2015-08-12.pdf'),(286,163,'163_3ab3d6_2017-12-17  301医院体检 徐志明.pdf'),(287,352,'352_3a4c7c_2014-01-23 同仁医院耳鼻喉科.pdf'),(288,353,'353_396a43_2014-01-26 同仁医院医学影像学诊断报告书.pdf'),(289,354,'354_467fb8_2014-02-20 301总医院耳鼻咽喉研究所聋病分子诊断中心.pdf'),(290,357,'357_1ac93c_2017-05-03复旦大学附属眼耳鼻喉科医院磁共振检查.pdf'),(291,356,'356_7a6317_2016-04-01解放军总医院评估报告.pdf'),(292,355,'355_bc88ce_2014-09-06北京首大耳鼻喉医院听力学检查报告单.pdf');
/*!40000 ALTER TABLE `result_origin_file` ENABLE KEYS */;
UNLOCK TABLES;

--
-- Table structure for table `user`
--

DROP TABLE IF EXISTS `user`;
/*!40101 SET @saved_cs_client     = @@character_set_client */;
/*!40101 SET character_set_client = utf8 */;
CREATE TABLE `user` (
  `id` int(11) NOT NULL AUTO_INCREMENT,
  `member_num` varchar(64) DEFAULT '',
  `username` varchar(64) NOT NULL,
  `password` varchar(64) DEFAULT NULL,
  `avatar` varchar(255) DEFAULT NULL,
  `name` varchar(255) DEFAULT NULL,
  `role` varchar(64) DEFAULT NULL,
  `staff_id` int(32) DEFAULT NULL,
  `staff_mgr_id` int(32) DEFAULT NULL,
  `valid` date DEFAULT NULL,
  `birth` varchar(255) DEFAULT NULL COMMENT '出生日期',
  `gender` varchar(64) DEFAULT NULL COMMENT '性别',
  `id_card` varchar(64) DEFAULT NULL COMMENT '身份证号',
  `physical_condition` varchar(256) DEFAULT NULL COMMENT '身体状况',
  `marital_status` varchar(256) DEFAULT NULL COMMENT '婚姻状况',
  `medical_care` varchar(64) DEFAULT NULL COMMENT '医疗费别',
  `hospital` varchar(256) DEFAULT NULL COMMENT '医保定点医院',
  `insurance` varchar(256) DEFAULT NULL COMMENT '商业健康保险',
  `allergy_drug` varchar(256) DEFAULT NULL COMMENT '过敏_药物',
  `allergy_others` varchar(255) DEFAULT NULL COMMENT '过敏_其他',
  PRIMARY KEY (`id`)
) ENGINE=InnoDB AUTO_INCREMENT=98 DEFAULT CHARSET=utf8;
/*!40101 SET character_set_client = @saved_cs_client */;

--
-- Dumping data for table `user`
--

LOCK TABLES `user` WRITE;
/*!40000 ALTER TABLE `user` DISABLE KEYS */;
INSERT INTO `user` VALUES (1,'','default_adv_deleted','e10adc3949ba59abbe56e057f20f883e','avatar_default.png','默认','已删除',NULL,2,'2017-08-06',NULL,NULL,NULL,NULL,NULL,NULL,NULL,NULL,NULL,NULL),(2,'','default_advmgr_deleted','e10adc3949ba59abbe56e057f20f883e','avatar_default.png','默认','已删除',NULL,NULL,'2017-08-06',NULL,NULL,NULL,NULL,NULL,NULL,NULL,NULL,NULL,NULL),(3,'','admin','202cb962ac59075b964b07152d234b70','3.jpg','admin','系统管理员',NULL,NULL,'2017-07-29',NULL,NULL,NULL,NULL,NULL,NULL,NULL,NULL,NULL,NULL),(4,'','arcmgr1_deleted','202cb962ac59075b964b07152d234b70','avatar_default.png','arcmgr1','已删除',NULL,NULL,'2017-07-29',NULL,NULL,NULL,NULL,NULL,NULL,NULL,NULL,NULL,NULL),(5,'','arcmgr2_deleted','202cb962ac59075b964b07152d234b70','avatar_default.png','arcmgr2','已删除',NULL,NULL,'2017-07-29',NULL,NULL,NULL,NULL,NULL,NULL,NULL,NULL,NULL,NULL),(6,'','advmgr1_deleted','202cb962ac59075b964b07152d234b70','4.png','advmgr1','已删除',NULL,NULL,'2017-07-29',NULL,NULL,NULL,NULL,NULL,NULL,NULL,NULL,NULL,NULL),(7,'','advmgr2_deleted','202cb962ac59075b964b07152d234b70','avatar_default.png','advmgr2','已删除',NULL,NULL,'2017-07-29',NULL,NULL,NULL,NULL,NULL,NULL,NULL,NULL,NULL,NULL),(9,'','arc11_deleted','202cb962ac59075b964b07152d234b70','avatar_default.png','arc11','已删除',NULL,4,'2017-07-29',NULL,NULL,NULL,NULL,NULL,NULL,NULL,NULL,NULL,NULL),(10,'','arc12_deleted','202cb962ac59075b964b07152d234b70','avatar_default.png','arc12','已删除',NULL,4,'2017-07-29',NULL,NULL,NULL,NULL,NULL,NULL,NULL,NULL,NULL,NULL),(11,'','arc21_deleted','202cb962ac59075b964b07152d234b70','avatar_default.png','arc21','已删除',NULL,5,'2017-07-29',NULL,NULL,NULL,NULL,NULL,NULL,NULL,NULL,NULL,NULL),(12,'','arc22_deleted','202cb962ac59075b964b07152d234b70','avatar_default.png','arc22','已删除',NULL,5,'2017-07-29',NULL,NULL,NULL,NULL,NULL,NULL,NULL,NULL,NULL,NULL),(13,'','adv11_deleted','202cb962ac59075b964b07152d234b70','avatar_default.png','adv11','已删除',NULL,6,'2017-07-29',NULL,NULL,NULL,NULL,NULL,NULL,NULL,NULL,NULL,NULL),(14,'','adv12_deleted','202cb962ac59075b964b07152d234b70','avatar_default.png','adv12','已删除',NULL,6,'2017-07-29',NULL,NULL,NULL,NULL,NULL,NULL,NULL,NULL,NULL,NULL),(15,'','adv21_deleted','202cb962ac59075b964b07152d234b70','avatar_default.png','adv21','已删除',NULL,7,'2017-07-29',NULL,NULL,NULL,NULL,NULL,NULL,NULL,NULL,NULL,NULL),(16,'','adv22_deleted','202cb962ac59075b964b07152d234b70','avatar_default.png','adv22','已删除',NULL,7,'2017-07-29',NULL,NULL,NULL,NULL,NULL,NULL,NULL,NULL,NULL,NULL),(17,'ads456','mem111_deleted','202cb962ac59075b964b07152d234b70','avatar_default.png','mem111','已删除',13,NULL,'2039-10-26','1993.11.08','男','510108199311080088','一般','已婚','基本医保','华西医院','无','青霉素','无'),(18,'sfg345','mem112_deleted','202cb962ac59075b964b07152d234b70','avatar_default.png','mem112','已删除',13,NULL,'2021-06-22',NULL,NULL,NULL,NULL,NULL,NULL,NULL,NULL,NULL,NULL),(19,'abcd','mem113_deleted','202cb962ac59075b964b07152d234b70','avatar_default.png','mem113','已删除',13,NULL,'2019-07-06',NULL,NULL,NULL,NULL,NULL,NULL,NULL,NULL,NULL,NULL),(20,'xxx009','mem121_deleted','202cb962ac59075b964b07152d234b70','avatar_default.png','mem121','已删除',14,NULL,'2017-07-27',NULL,NULL,NULL,NULL,NULL,NULL,NULL,NULL,NULL,NULL),(21,'','mem122_deleted','202cb962ac59075b964b07152d234b70','avatar_default.png','mem122','已删除',14,NULL,'2017-07-28',NULL,NULL,NULL,NULL,NULL,NULL,NULL,NULL,NULL,NULL),(22,'','mem123_deleted','202cb962ac59075b964b07152d234b70','avatar_default.png','mem123','已删除',14,NULL,'2017-07-28',NULL,NULL,NULL,'一般','已婚',NULL,NULL,NULL,NULL,NULL),(23,'asdf34','mem211_deleted','202cb962ac59075b964b07152d234b70','avatar_default.png','mem211','已删除',15,7,'2017-07-29',NULL,NULL,NULL,NULL,NULL,NULL,NULL,NULL,NULL,NULL),(25,'zvc4567','mem213_deleted','202cb962ac59075b964b07152d234b70','avatar_default.png','姚陈堃','已删除',15,NULL,'2019-07-31','1993-11-08','男','510108199311080018','一般','未婚','商业保险','北京同仁医院','平安保险','青霉素','无'),(27,'her5625','mem221_deleted','202cb962ac59075b964b07152d234b70','avatar_default.png','mem221','已删除',16,7,'2017-07-29',NULL,NULL,NULL,NULL,NULL,NULL,NULL,NULL,NULL,NULL),(28,'xbvsfd345','mem222_deleted','202cb962ac59075b964b07152d234b70','avatar_default.png','mem222','已删除',16,NULL,'2017-07-28',NULL,NULL,NULL,NULL,NULL,NULL,NULL,NULL,NULL,NULL),(29,'sgb52345245','mem223_deleted','202cb962ac59075b964b07152d234b70','avatar_default.png','mem223','已删除',16,NULL,'2018-04-26',NULL,NULL,NULL,NULL,NULL,NULL,NULL,NULL,NULL,NULL),(34,'','18801176268_deleted','202cb962ac59075b964b07152d234b70','avatar_default.png','18801176268','已删除',16,NULL,'2017-07-05',NULL,NULL,NULL,NULL,NULL,NULL,NULL,NULL,NULL,NULL),(38,'ss','18801176264_deleted','e10adc3949ba59abbe56e057f20f883e','avatar_default.png','sdfsdf','已删除',14,6,'2021-07-22',NULL,NULL,NULL,NULL,NULL,NULL,NULL,NULL,NULL,NULL),(39,'550022','18982989888_deleted','e10adc3949ba59abbe56e057f20f883e','avatar_default.png','alice','已删除',16,NULL,'2021-08-07',NULL,NULL,NULL,NULL,NULL,NULL,NULL,NULL,NULL,NULL),(41,NULL,'18998988888_deleted','e10adc3949ba59abbe56e057f20f883e','avatar_default.png','yaoyao','已删除',13,6,'2020-07-20',NULL,NULL,NULL,NULL,NULL,NULL,NULL,NULL,'222',NULL),(46,'GB001','15598316779','e10adc3949ba59abbe56e057f20f883e','avatar_default.png','弓玉莲','三级会员',58,57,'2018-11-01','',NULL,NULL,NULL,'已婚',NULL,NULL,NULL,NULL,NULL),(47,'GJ001','15598316778_deleted','e10adc3949ba59abbe56e057f20f883e','avatar_default.png','弓玉莲1','已删除',13,6,'2018-11-01',NULL,NULL,NULL,NULL,NULL,NULL,NULL,NULL,NULL,NULL),(48,'CJ001','15598316777_deleted','e10adc3949ba59abbe56e057f20f883e','avatar_default.png','弓玉莲2','已删除',13,6,'2018-11-01',NULL,NULL,NULL,NULL,NULL,NULL,NULL,NULL,NULL,NULL),(49,'sd','18511896595_deleted','e10adc3949ba59abbe56e057f20f883e','avatar_default.png','ā','已删除',1,NULL,'2018-11-04',NULL,NULL,NULL,NULL,NULL,NULL,NULL,NULL,NULL,NULL),(50,'aaa123','18123432321_deleted','e10adc3949ba59abbe56e057f20f883e','avatar_default.png','aaa','已删除',1,NULL,'2020-11-25',NULL,NULL,NULL,NULL,NULL,NULL,NULL,NULL,NULL,NULL),(51,NULL,'13910965756','e10adc3949ba59abbe56e057f20f883e','avatar_default.png','刘主任','档案部主管',NULL,NULL,NULL,NULL,NULL,NULL,NULL,NULL,NULL,NULL,NULL,NULL,NULL),(52,NULL,'13811176323_deleted','e10adc3949ba59abbe56e057f20f883e','avatar_default.png','吴燕','已删除',NULL,NULL,NULL,NULL,NULL,NULL,NULL,NULL,NULL,NULL,NULL,NULL,NULL),(53,NULL,'13910709906_deleted','e10adc3949ba59abbe56e057f20f883e','avatar_default.png','姚丽薇','已删除',NULL,NULL,NULL,NULL,NULL,NULL,NULL,NULL,NULL,NULL,NULL,NULL,NULL),(54,NULL,'13910709907_deleted','e10adc3949ba59abbe56e057f20f883e','avatar_default.png','姚丽薇1','已删除',NULL,51,NULL,NULL,NULL,NULL,NULL,NULL,NULL,NULL,NULL,NULL,NULL),(55,NULL,'15110105675','e10adc3949ba59abbe56e057f20f883e','avatar_default.png','唐玲','档案部员工',NULL,51,NULL,NULL,NULL,NULL,NULL,NULL,NULL,NULL,NULL,NULL,NULL),(56,NULL,'15110105676_deleted','e10adc3949ba59abbe56e057f20f883e','avatar_default.png','吴燕1','已删除',NULL,51,NULL,NULL,NULL,NULL,NULL,NULL,NULL,NULL,NULL,NULL,NULL),(57,NULL,'13391854817','e10adc3949ba59abbe56e057f20f883e','avatar_default.png','严主任','顾问部主管',NULL,NULL,NULL,NULL,NULL,NULL,NULL,NULL,NULL,NULL,NULL,NULL,NULL),(58,NULL,'13391854812','e10adc3949ba59abbe56e057f20f883e','avatar_default.png','严顾问','顾问部员工',NULL,57,NULL,NULL,NULL,NULL,NULL,NULL,NULL,NULL,NULL,NULL,NULL),(59,NULL,'13910965755','e10adc3949ba59abbe56e057f20f883e','avatar_default.png','刘顾问','顾问部员工',NULL,57,NULL,NULL,NULL,NULL,NULL,NULL,NULL,NULL,NULL,NULL,NULL),(60,'V9008','18847222999','e10adc3949ba59abbe56e057f20f883e','avatar_default.png','李大伟','三级会员',58,NULL,'2018-12-24',NULL,'男',NULL,'良好','已婚',NULL,NULL,NULL,NULL,NULL),(61,'V9009','13722139999','e10adc3949ba59abbe56e057f20f883e','avatar_default.png','崔佳','三级会员',58,NULL,'2018-12-24',NULL,NULL,NULL,'良好','已婚','公费',NULL,NULL,NULL,NULL),(62,'V9007','13604724880','e10adc3949ba59abbe56e057f20f883e','avatar_default.png','宝音','三级会员',58,57,'2018-12-24',NULL,NULL,NULL,NULL,NULL,NULL,NULL,NULL,NULL,NULL),(63,'V9005','18647400666','e10adc3949ba59abbe56e057f20f883e','avatar_default.png','徐志明','三级会员',58,NULL,'2018-12-24',NULL,NULL,NULL,NULL,NULL,NULL,NULL,NULL,NULL,NULL),(64,'V9003','15048888999','e10adc3949ba59abbe56e057f20f883e','avatar_default.png','朝格','三级会员',58,NULL,'2018-12-24',NULL,NULL,NULL,NULL,NULL,NULL,NULL,NULL,NULL,NULL),(65,NULL,'13910709906','e10adc3949ba59abbe56e057f20f883e','avatar_default.png','姚丽薇','档案部员工',NULL,51,NULL,NULL,NULL,NULL,NULL,NULL,NULL,NULL,NULL,NULL,NULL),(66,NULL,'13811176323','e10adc3949ba59abbe56e057f20f883e','avatar_default.png','吴燕','档案部员工',NULL,51,NULL,NULL,NULL,NULL,NULL,NULL,NULL,NULL,NULL,NULL,NULL),(67,NULL,'15801509761_deleted','e10adc3949ba59abbe56e057f20f883e','avatar_default.png','牛其军','已删除',59,NULL,'2019-01-02',NULL,NULL,NULL,NULL,NULL,NULL,NULL,NULL,NULL,NULL),(68,NULL,'15148239999_deleted','e10adc3949ba59abbe56e057f20f883e','avatar_default.png','包宏斌','已删除',59,NULL,'2019-01-02',NULL,NULL,NULL,NULL,NULL,NULL,NULL,NULL,NULL,NULL),(69,NULL,'13384851515_deleted','e10adc3949ba59abbe56e057f20f883e','avatar_default.png','李雅萍','已删除',59,NULL,'2019-01-02',NULL,NULL,NULL,NULL,NULL,NULL,NULL,NULL,NULL,NULL),(70,NULL,'13904781133_deleted','e10adc3949ba59abbe56e057f20f883e','avatar_default.png','任志宇','已删除',59,NULL,'2019-01-02',NULL,NULL,NULL,NULL,NULL,NULL,NULL,NULL,NULL,NULL),(71,NULL,'13337017588_deleted','e10adc3949ba59abbe56e057f20f883e','avatar_default.png','张保国','已删除',59,NULL,'2019-01-02',NULL,NULL,NULL,NULL,NULL,NULL,NULL,NULL,NULL,NULL),(72,NULL,'17710282777_deleted','e10adc3949ba59abbe56e057f20f883e','avatar_default.png','赵国强','已删除',59,NULL,'2019-01-02',NULL,NULL,NULL,NULL,NULL,NULL,NULL,NULL,NULL,NULL),(73,NULL,'13947429999_deleted','e10adc3949ba59abbe56e057f20f883e','avatar_default.png','王晓东','已删除',59,NULL,'2019-01-02',NULL,NULL,NULL,NULL,NULL,NULL,NULL,NULL,NULL,NULL),(74,'N9001','18511896595','e10adc3949ba59abbe56e057f20f883e','avatar_default.png','任家锐','一级会员',59,NULL,'2019-01-03',NULL,NULL,NULL,NULL,NULL,NULL,NULL,NULL,NULL,NULL),(75,'A1002','15801509761','e10adc3949ba59abbe56e057f20f883e','avatar_default.png','牛其军','二级会员',59,NULL,'2019-01-03',NULL,NULL,NULL,NULL,NULL,NULL,NULL,NULL,NULL,NULL),(76,'V9006','15148239999','e10adc3949ba59abbe56e057f20f883e','avatar_default.png','包宏彬','三级会员',58,NULL,'2019-01-03',NULL,NULL,NULL,NULL,NULL,NULL,NULL,NULL,NULL,NULL),(77,'A9002','13384851515','e10adc3949ba59abbe56e057f20f883e','avatar_default.png','李雅萍','三级会员',58,NULL,'2019-01-03',NULL,NULL,NULL,NULL,NULL,NULL,NULL,NULL,NULL,NULL),(78,'A1005','13904781199','e10adc3949ba59abbe56e057f20f883e','avatar_default.png','任志宇','二级会员',58,NULL,'2019-01-03',NULL,NULL,NULL,NULL,NULL,NULL,NULL,NULL,NULL,NULL),(79,'N1003','13337017588','e10adc3949ba59abbe56e057f20f883e','avatar_default.png','张宝国','一级会员',58,NULL,'2019-01-03',NULL,NULL,NULL,NULL,NULL,NULL,NULL,NULL,NULL,NULL),(80,'A1006','17710282777','e10adc3949ba59abbe56e057f20f883e','avatar_default.png','赵国强','二级会员',58,NULL,'2019-01-03',NULL,NULL,NULL,NULL,NULL,NULL,NULL,NULL,NULL,NULL),(81,'A1007','13947429999','e10adc3949ba59abbe56e057f20f883e','avatar_default.png','王晓东','二级会员',58,NULL,'2019-01-03',NULL,NULL,NULL,NULL,NULL,NULL,NULL,NULL,NULL,NULL),(82,'A9101','18862341489','e10adc3949ba59abbe56e057f20f883e','avatar_default.png','唐玲','二级会员',58,NULL,'2019-01-10','1991.10.27','女',NULL,'良好','未婚','基本医保',NULL,NULL,'无',NULL),(83,'A9103','13811176324','e10adc3949ba59abbe56e057f20f883e','avatar_default.png','吴艳','二级会员',58,NULL,'2019-01-10',NULL,NULL,NULL,NULL,NULL,NULL,NULL,NULL,NULL,NULL),(84,'A9102','13910709907','e10adc3949ba59abbe56e057f20f883e','avatar_default.png','姚丽薇','二级会员',58,NULL,'2019-01-10',NULL,NULL,NULL,NULL,NULL,NULL,NULL,NULL,NULL,NULL),(85,NULL,'13120461287_deleted','e10adc3949ba59abbe56e057f20f883e','avatar_default.png','王涛','已删除',NULL,NULL,NULL,NULL,NULL,NULL,NULL,NULL,NULL,NULL,NULL,NULL,NULL),(86,'N1002','13904743710','e10adc3949ba59abbe56e057f20f883e','avatar_default.png','李丽霞','一级会员',58,NULL,'2019-01-22',NULL,NULL,NULL,NULL,NULL,NULL,NULL,NULL,NULL,NULL),(87,'N1003','13947225599','e10adc3949ba59abbe56e057f20f883e','avatar_default.png','苏培民','一级会员',58,57,'2019-01-22',NULL,NULL,NULL,NULL,NULL,NULL,NULL,NULL,NULL,NULL),(88,NULL,'13120461287','e10adc3949ba59abbe56e057f20f883e','avatar_default.png','王涛','系统管理员',NULL,NULL,NULL,NULL,NULL,NULL,NULL,NULL,NULL,NULL,NULL,NULL,NULL),(89,NULL,'15311488653','e10adc3949ba59abbe56e057f20f883e','avatar_default.png','王涛','顾问部员工',NULL,57,NULL,NULL,NULL,NULL,NULL,NULL,NULL,NULL,NULL,NULL,NULL),(90,'Q1001','18601958371','e10adc3949ba59abbe56e057f20f883e','avatar_default.png','王正明','一级会员',89,57,'2023-02-04',NULL,'男性',NULL,'一般','已婚','自费',NULL,NULL,NULL,NULL),(91,'N0001','13391854818_deleted','e10adc3949ba59abbe56e057f20f883e','avatar_default.png','1234','已删除',58,57,'2019-02-05',NULL,NULL,NULL,NULL,NULL,NULL,NULL,NULL,NULL,NULL),(92,NULL,'13581457155_deleted','e10adc3949ba59abbe56e057f20f883e','avatar_default.png','test','已删除',58,NULL,'2019-02-05',NULL,NULL,NULL,NULL,NULL,NULL,NULL,NULL,NULL,NULL),(93,'A9005','13847176622','e10adc3949ba59abbe56e057f20f883e','avatar_default.png','郝美玲','二级会员',58,NULL,'2019-02-08',NULL,NULL,NULL,NULL,NULL,NULL,NULL,NULL,NULL,NULL),(94,'Q1002','13895092087','e10adc3949ba59abbe56e057f20f883e','avatar_default.png','王怀英','一级会员',89,NULL,'2019-02-14',NULL,NULL,NULL,NULL,NULL,NULL,NULL,NULL,NULL,NULL),(95,'N1005','13704748833','e10adc3949ba59abbe56e057f20f883e','avatar_default.png','邬娜','一级会员',58,NULL,'2019-02-26',NULL,NULL,NULL,NULL,NULL,NULL,NULL,NULL,NULL,NULL),(96,'N9002','13301359777','e10adc3949ba59abbe56e057f20f883e','avatar_default.png','刘国飞','一级会员',58,NULL,'2019-03-05',NULL,NULL,NULL,NULL,NULL,NULL,NULL,NULL,NULL,NULL),(97,'V9010','18500105909','e10adc3949ba59abbe56e057f20f883e','avatar_default.png','纪士凤','三级会员',58,NULL,'2019-03-05',NULL,NULL,NULL,NULL,NULL,NULL,NULL,NULL,NULL,NULL);
/*!40000 ALTER TABLE `user` ENABLE KEYS */;
UNLOCK TABLES;
/*!40103 SET TIME_ZONE=@OLD_TIME_ZONE */;

/*!40101 SET SQL_MODE=@OLD_SQL_MODE */;
/*!40014 SET FOREIGN_KEY_CHECKS=@OLD_FOREIGN_KEY_CHECKS */;
/*!40014 SET UNIQUE_CHECKS=@OLD_UNIQUE_CHECKS */;
/*!40101 SET CHARACTER_SET_CLIENT=@OLD_CHARACTER_SET_CLIENT */;
/*!40101 SET CHARACTER_SET_RESULTS=@OLD_CHARACTER_SET_RESULTS */;
/*!40101 SET COLLATION_CONNECTION=@OLD_COLLATION_CONNECTION */;
/*!40111 SET SQL_NOTES=@OLD_SQL_NOTES */;

-- Dump completed on 2018-03-17 11:50:44
